"Wijken en buurten";"Regioaanduiding/Gemeentenaam (naam)";"Regioaanduiding/Soort regio (omschrijving)";"Regioaanduiding/Codering (code)";"Regioaanduiding/Indelingswijziging gemeente, wijk, buurt (code)";"Bevolking/Aantal inwoners (aantal)";"Bevolking/Geslacht/Mannen (aantal)";"Bevolking/Geslacht/Vrouwen (aantal)";"Bevolking/Leeftijdsgroepen/0 tot 15 jaar (aantal)";"Bevolking/Leeftijdsgroepen/15 tot 25 jaar (aantal)";"Bevolking/Leeftijdsgroepen/25 tot 45 jaar (aantal)";"Bevolking/Leeftijdsgroepen/45 tot 65 jaar (aantal)";"Bevolking/Leeftijdsgroepen/65 jaar of ouder (aantal)";"Bevolking/Burgerlijke staat/Ongehuwd (aantal)";"Bevolking/Burgerlijke staat/Gehuwd (aantal)";"Bevolking/Burgerlijke staat/Gescheiden (aantal)";"Bevolking/Burgerlijke staat/Verweduwd (aantal)";"Bevolking/Bevolking naar herkomst/Herkomstland/Nederland (aantal)";"Bevolking/Bevolking naar herkomst/Herkomstland/Europa (exclusief Nederland)  (aantal)";"Bevolking/Bevolking naar herkomst/Herkomstland/Buiten Europa  (aantal)";"Bevolking/Bevolking naar herkomst/Geboren in Nederland/Nederland (aantal)";"Bevolking/Bevolking naar herkomst/Geboren in Nederland/Europa (exclusief Nederland)  (aantal)";"Bevolking/Bevolking naar herkomst/Geboren in Nederland/Buiten Europa  (aantal)";"Bevolking/Bevolking naar herkomst/Geboren buiten Nederland/Europa (exclusief Nederland) (aantal)";"Bevolking/Bevolking naar herkomst/Geboren buiten Nederland/Buiten Europa (aantal)";"Bevolking/Geboorte en sterfte/Geboorte totaal (aantal)";"Bevolking/Geboorte en sterfte/Geboorte relatief (per 1 000 inwoners)";"Bevolking/Geboorte en sterfte/Sterfte totaal (aantal)";"Bevolking/Geboorte en sterfte/Sterfte relatief (per 1 000 inwoners)";"Bevolking/Particuliere huishoudens/Huishoudens totaal (aantal)";"Bevolking/Particuliere huishoudens/Eenpersoonshuishoudens (aantal)";"Bevolking/Particuliere huishoudens/Huishoudens zonder kinderen (aantal)";"Bevolking/Particuliere huishoudens/Huishoudens met kinderen (aantal)";"Bevolking/Particuliere huishoudens/Gemiddelde huishoudensgrootte (aantal)";"Bevolking/Bevolkingsdichtheid (aantal inwoners per km²)";"Wonen en vastgoed/Woningvoorraad (aantal)";"Wonen en vastgoed/Nieuwbouw woningen  (aantal)";"Wonen en vastgoed/Niet-woningvoorraad (aantal)";"Wonen en vastgoed/Nieuwbouw niet-woningen (aantal)";"Wonen en vastgoed/Gemiddelde WOZ-waarde van woningen (x 1 000 euro)";"Wonen en vastgoed/Woningen naar type/Percentage eengezinswoning (%)";"Wonen en vastgoed/Woningen naar type/Percentage tussenwoning (eengezins) (%)";"Wonen en vastgoed/Woningen naar type/Percentage hoekwoning (eengezins) (%)";"Wonen en vastgoed/Woningen naar type/Percentage twee-onder-één-kap-woning (ee (%)";"Wonen en vastgoed/Woningen naar type/Percentage vrijstaande woning (eengezins (%)";"Wonen en vastgoed/Woningen naar type/Percentage meergezinswoning (%)";"Wonen en vastgoed/Onbewoonde woningen (%)";"Wonen en vastgoed/Woningen naar eigendom/Koopwoningen (%)";"Wonen en vastgoed/Woningen naar eigendom/Huurwoningen/Huurwoningen totaal (%)";"Wonen en vastgoed/Woningen naar eigendom/Huurwoningen/In bezit woningcorporatie (%)";"Wonen en vastgoed/Woningen naar eigendom/Huurwoningen/In bezit overige verhuurders (%)";"Wonen en vastgoed/Woningen naar bouwjaar/Bouwjaar meer dan tien jaar geleden (%)";"Wonen en vastgoed/Woningen naar bouwjaar/Bouwjaar afgelopen tien jaar (%)";"Energie/Gemiddelde elektriciteitslevering/Gemiddelde elektriciteitslevering totaal (kWh)";"Energie/Gemiddelde elektriciteitslevering/Gemiddelde elektriciteitsteruglevering ()";"Energie/Gemiddeld aardgasverbruik/Gemiddeld aardgasverbruik totaal (m³)";"Energie/Gemiddeld aardgasverbruik/Percentage woningen met stadsverwarming (%)";"Energie/Gemiddeld aardgasverbruik/Aardgasvrije woningen (%)";"Energie/Gemiddeld aardgasverbruik/Aardgaswoningen (%)";"Energie/Woningen met zonnestroom (%)";"Energie/Woningen hoofdz. elektrisch verwarmd (%)";"Energie/Aantal publieke laadpalen (aantal)";"Onderwijs/Onderwijssoort/Leerlingen po (aantal)";"Onderwijs/Onderwijssoort/Leerlingen vo (incl. vavo)  (aantal)";"Onderwijs/Onderwijssoort/Studenten mbo (excl. extranei) (aantal)";"Onderwijs/Onderwijssoort/Studenten hbo (aantal)";"Onderwijs/Onderwijssoort/Studenten wo (aantal)";"Onderwijs/Hoogst behaald onderwijsniveau/Basisonderwijs, vmbo, mbo1 (aantal)";"Onderwijs/Hoogst behaald onderwijsniveau/Havo, vwo, mbo2-4 (aantal)";"Onderwijs/Hoogst behaald onderwijsniveau/Hbo, wo (aantal)";"Arbeid/Werkzame beroepsbevolking (aantal)";"Arbeid/Nettoarbeidsparticipatie (%)";"Arbeid/Onderverdeling werkenden/Percentage werknemers (%)";"Arbeid/Onderverdeling werkenden/Werknemers met vaste arbeidsr (%)";"Arbeid/Onderverdeling werkenden/Werknemers met flexibele arbe (%)";"Arbeid/Onderverdeling werkenden/Percentage zelfstandigen (%)";"Inkomen/Personen/Aantal inkomensontvangers   (aantal)";"Inkomen/Personen/Gemiddeld inkomen per inkomensontvanger  (x 1 000 euro)";"Inkomen/Personen/Gemiddeld inkomen per inwoner  (x 1 000 euro)";"Inkomen/Personen/40% personen met laagste inkomen (%)";"Inkomen/Personen/20% personen met hoogste inkomen (%)";"Inkomen/Personen/Personen in armoede (%)";"Inkomen/Personen/Personen tot 25% boven armoedegrens (%)";"Inkomen/Huishoudens/Gem. gestandaardiseerd inkomen (x 1 000 euro)";"Inkomen/Huishoudens/40% huishoudens met laagste inkomen (%)";"Inkomen/Huishoudens/20% huishoudens met hoogste inkomen (%)";"Inkomen/Huishoudens/Mediaan vermogen van particuliere huish. (x 1 000 euro)";"Sociale zekerheid/Personen per soort uitkering; Bijstand (aantal)";"Sociale zekerheid/Personen per soort uitkering; AO (aantal)";"Sociale zekerheid/Personen per soort uitkering; WW (aantal)";"Sociale zekerheid/Personen per soort uitkering; AOW (aantal)";"Zorg/Jongeren met jeugdzorg in natura (aantal)";"Zorg/Percentage jongeren met jeugdzorg (%)";"Zorg/Wmo-cliënten (aantal)";"Zorg/Wmo-cliënten relatief (per 1 000 inwoners)";"Bedrijfsvestigingen, SBI 2008/Bedrijfsvestigingen totaal (aantal)";"Bedrijfsvestigingen, SBI 2008/Bedrijfsvestigingen naar activiteit/A Landbouw, bosbouw en visserij (aantal)";"Bedrijfsvestigingen, SBI 2008/Bedrijfsvestigingen naar activiteit/B-F Nijverheid en energie (aantal)";"Bedrijfsvestigingen, SBI 2008/Bedrijfsvestigingen naar activiteit/G+I Handel en horeca (aantal)";"Bedrijfsvestigingen, SBI 2008/Bedrijfsvestigingen naar activiteit/H+J Vervoer, informatie en communicatie (aantal)";"Bedrijfsvestigingen, SBI 2008/Bedrijfsvestigingen naar activiteit/K-L Financiële diensten, onroerend goed (aantal)";"Bedrijfsvestigingen, SBI 2008/Bedrijfsvestigingen naar activiteit/M-N Zakelijke dienstverlening (aantal)";"Bedrijfsvestigingen, SBI 2008/Bedrijfsvestigingen naar activiteit/O-Q Overheid, onderwijs en zorg (aantal)";"Bedrijfsvestigingen, SBI 2008/Bedrijfsvestigingen naar activiteit/R-U Cultuur, recreatie, overige diensten (aantal)";"Motorvoertuigen/Personenauto's/Personenauto's totaal (aantal)";"Motorvoertuigen/Personenauto's/Personenauto's; brandstoftype/Personenauto's; brandstof benzine (aantal)";"Motorvoertuigen/Personenauto's/Personenauto's; brandstoftype/Personenauto's; overige brandstof (aantal)";"Motorvoertuigen/Personenauto's/Personenauto's per huishouden (per huishouden)";"Motorvoertuigen/Personenauto's/Personenauto's naar oppervlakte (per km²)";"Motorvoertuigen/Motorfietsen (aantal)";"Nabijheid voorzieningen/Afstand tot huisartsenpraktijk (km)";"Nabijheid voorzieningen/Afstand tot grote supermarkt (km)";"Nabijheid voorzieningen/Afstand tot kinderdagverblijf (km)";"Nabijheid voorzieningen/Basisonderwijs/Afstand tot school (km)";"Nabijheid voorzieningen/Basisonderwijs/Scholen binnen 3 km (aantal)";"Oppervlakte/Oppervlakte totaal (ha)";"Oppervlakte/Oppervlakte land (ha)";"Oppervlakte/Oppervlakte water (ha)";"Postcode/Meest voorkomende postcode (code)";"Postcode/Dekkingspercentage (code)";"Stedelijkheid/Mate van stedelijkheid (code)";"Stedelijkheid/Omgevingsadressendichtheid (per km²)"
"Nederland";"Nederland                               ";"Land      ";"NL00      ";".";18044027;8978451;9065576;2698534;2205523;4650069;4734222;3755679;9033869;6747136;1397508;865514;12902189;1712005;3429833;12902189;611448;1504734;1100557;1925099;;;;;8430352;3380900;2391806;2657646;2,1;536;8274478;;1212492;;398;63;29;13;9;13;37;4;57;42;28;14;92;8;;;;;;;;;;;;;;;;;;;;;;;;;;;;;;;;;;;;;;;;;;;2551540;81035;368615;419230;202150;123345;647530;435095;274540;9247810;6861660;2386150;1,1;275;720590;1,1;1;0,7;0,8;9,8;4154337;3364723;789614;"         .";;2;2077
"Amsterdam";"Amsterdam                               ";"Gemeente  ";"GM0363    ";"1";934526;462387;472139;120803;123249;346547;214003;129924;611268;224924;74775;23559;372256;160251;402019;372256;38425;164761;121826;237258;;;;;516096;283658;115019;117419;1,8;4968;486769;;51373;;518;12;9;2;1;1;88;6;31;69;39;30;89;11;;;;;;;;;;;;;;;;;;;;;;;;;;;;;;;;;;;;;;;;;;;209480;245;14875;31135;26775;9355;63535;32485;31075;268380;185075;83305;0,5;1427;19910;0,6;0,6;0,4;0,6;21,5;24365;18812;5553;"         .";;1;6130
"Haarlemmerbuurt";"Amsterdam                               ";"Wijk      ";"WK0363AA  ";"1";9145;4550;4590;760;910;3125;2420;1935;5935;2120;810;270;4720;1835;2590;4720;490;940;1350;1655;;;;;5770;3525;1370;870;1,6;16882;5700;;861;;601;2;2;0;0;0;98;9;30;70;42;28;100;0;;;;;;;;;;;;;;;;;;;;;;;;;;;;;;;;;;;;;;;;;;;2940;0;120;485;345;120;965;345;560;2020;1425;595;0,3;3726;240;0,5;0,4;0,4;0,6;15,4;81;54;27;"         .";;1;8386
"Planciusbuurt-Noord";"Amsterdam                               ";"Buurt     ";"BU0363AA01";"1";325;165;155;15;15;155;95;40;250;45;20;5;135;80;100;140;15;35;65;65;;;;;240;180;45;20;1,3;17661;243;;15;;374;1;0;0;1;0;99;5;11;89;51;39;100;0;;;;;;;;;;;;;;;;;;;;;;;;;;;;;;;;;;;;;;;;;;;85;0;5;5;20;0;15;10;30;50;40;15;0,2;2806;10;0,8;0,3;0,1;0,5;14,9;2;2;1;"      1013";1;1;8860
"Westelijke eilanden";"Amsterdam                               ";"Buurt     ";"BU0363AA02";"1";2915;1375;1540;280;265;945;785;640;1900;675;280;65;1605;555;760;1600;165;290;390;470;;;;;1830;1130;395;310;1,6;19172;1736;;232;;591;3;2;1;0;0;97;7;35;65;50;15;100;0;;;;;;;;;;;;;;;;;;;;;;;;;;;;;;;;;;;;;;;;;;;945;0;50;85;115;30;355;115;195;660;475;185;0,4;4338;75;0,9;0,6;0,3;0,4;13,5;22;15;6;"      1013";1;1;7937
"Westerdokseiland";"Amsterdam                               ";"Buurt     ";"BU0363AA03";"1";1845;935;905;200;170;515;530;430;1030;595;160;60;850;385;610;850;90;220;295;390;;;;;1000;445;330;220;1,8;11829;977;;142;;832;0;0;0;0;0;100;6;42;58;28;30;100;0;;;;;;;;;;;;;;;;;;;;;;;;;;;;;;;;;;;;;;;;;;;535;0;15;55;75;45;205;70;75;535;325;210;0,5;3421;50;0,2;0,7;0,2;1,1;14,7;34;16;18;"      1013";1;1;6942
"Planciusbuurt-Zuid";"Amsterdam                               ";"Buurt     ";"BU0363AA04";"1";160;80;75;10;5;60;50;25;115;30;15;0;85;25;50;85;10;20;15;30;;;;;120;90;20;10;1,3;12392;123;;12;;430;0;0;0;0;0;100;5;1;99;91;8;100;0;;;;;;;;;;;;;;;;;;;;;;;;;;;;;;;;;;;;;;;;;;;40;0;0;10;5;0;15;0;10;25;20;5;0,2;1882;5;0,6;0,2;0,3;0,8;19,7;2;1;0;"      1013";1;1;9130
"Haarlemmerbuurt-West";"Amsterdam                               ";"Buurt     ";"BU0363AA05";"1";2395;1215;1175;170;260;850;610;505;1570;510;220;100;1230;470;690;1235;130;245;335;445;;;;;1530;975;350;205;1,5;21878;1562;;252;;544;2;2;0;0;0;98;11;27;73;43;30;100;0;;;;;;;;;;;;;;;;;;;;;;;;;;;;;;;;;;;;;;;;;;;770;0;25;190;80;20;210;90;155;460;340;120;0,3;4187;65;0,4;0,2;0,6;0,7;15,5;12;11;1;"      1013";1;1;9695
"Haarlemmerbuurt-Oost";"Amsterdam                               ";"Buurt     ";"BU0363AA06";"1";1510;775;735;95;195;590;345;295;1075;275;120;40;815;325;375;810;80;125;240;250;;;;;1045;705;230;110;1,4;16190;1059;;208;;559;5;4;0;0;0;95;13;25;75;32;44;100;0;;;;;;;;;;;;;;;;;;;;;;;;;;;;;;;;;;;;;;;;;;;565;0;25;140;55;20;170;60;95;290;225;65;0,3;3131;40;0,3;0,3;0,7;0,4;19,4;10;9;1;"      1013";1;1;8360
"Jordaan";"Amsterdam                               ";"Wijk      ";"WK0363AB  ";"1";19485;9810;9670;1295;2235;7350;5040;3565;13640;3715;1620;515;10100;4075;5315;10100;990;1800;3085;3510;;;;;13260;8855;2890;1510;1,5;23357;13425;;1567;;556;4;4;0;0;0;96;10;28;72;36;36;98;2;;;;;;;;;;;;;;;;;;;;;;;;;;;;;;;;;;;;;;;;;;;5760;5;265;1005;580;245;1780;705;1175;4880;3385;1495;0,4;5847;495;0,4;0,4;0,4;0,6;27,8;95;83;11;"         .";;1;11561
"Marnixbuurt-Noord";"Amsterdam                               ";"Buurt     ";"BU0363AB01";"1";1445;715;725;115;130;545;395;265;990;285;125;45;695;275;475;695;65;160;210;315;;;;;960;610;225;130;1,5;26090;977;;46;;481;0;0;0;0;0;100;8;17;82;52;30;100;0;;;;;;;;;;;;;;;;;;;;;;;;;;;;;;;;;;;;;;;;;;;340;0;30;50;45;10;105;50;60;255;195;60;0,3;4607;30;0,5;0,5;0,4;0,9;22,6;7;6;2;"      1015";1;1;10980
"Driehoekbuurt";"Amsterdam                               ";"Buurt     ";"BU0363AB02";"1";2730;1340;1390;170;310;1080;710;460;1935;510;220;65;1475;580;670;1480;120;230;460;445;;;;;1905;1295;405;205;1,4;27742;1918;;171;;498;4;3;0;0;0;96;8;28;72;38;33;100;0;;;;;;;;;;;;;;;;;;;;;;;;;;;;;;;;;;;;;;;;;;;775;0;40;105;70;15;230;125;185;565;435;130;0,3;5729;75;0,3;0,4;0,4;0,8;18,7;11;10;1;"      1015";1;1;10791
"Anjeliersbuurt-Noord";"Amsterdam                               ";"Buurt     ";"BU0363AB03";"1";2070;1010;1060;140;230;700;595;405;1430;425;170;50;1235;380;460;1235;95;195;280;270;;;;;1360;860;315;190;1,5;21889;1340;;198;;602;7;6;0;0;0;93;10;31;69;31;38;100;0;;;;;;;;;;;;;;;;;;;;;;;;;;;;;;;;;;;;;;;;;;;685;0;30;140;55;45;225;70;130;540;415;125;0,4;5684;70;0,4;0,3;0,4;0,7;22,3;10;9;0;"      1015";1;1;11064
"Zaagpoortbuurt";"Amsterdam                               ";"Buurt     ";"BU0363AB04";"1";935;560;375;45;130;440;225;95;740;110;75;10;375;200;360;375;35;110;165;255;;;;;740;585;105;55;1,3;26668;726;;19;;379;0;0;0;0;0;100;8;18;82;51;31;100;0;;;;;;;;;;;;;;;;;;;;;;;;;;;;;;;;;;;;;;;;;;;200;0;5;25;35;10;60;25;40;115;85;30;0,2;3226;20;0,4;0,6;0,3;0,4;29,6;4;4;0;"      1015";1;1;12495
"Anjeliersbuurt-Zuid";"Amsterdam                               ";"Buurt     ";"BU0363AB05";"1";2945;1450;1495;200;315;960;865;600;2040;580;260;75;1590;585;770;1590;185;260;405;510;;;;;2015;1350;415;245;1,5;26644;1986;;200;;555;5;4;0;0;0;95;8;28;72;47;25;100;0;;;;;;;;;;;;;;;;;;;;;;;;;;;;;;;;;;;;;;;;;;;820;0;30;155;75;25;240;100;195;550;430;115;0,3;4956;75;0,5;0,4;0,4;0,4;24,8;12;11;1;"      1015";1;1;11935
"Marnixbuurt-Midden";"Amsterdam                               ";"Buurt     ";"BU0363AB06";"1";195;100;95;15;15;110;35;20;140;45;5;0;95;45;60;90;10;15;30;40;;;;;105;40;45;15;1,8;12579;119;;23;;611;1;0;1;0;0;99;16;49;51;1;50;100;0;;;;;;;;;;;;;;;;;;;;;;;;;;;;;;;;;;;;;;;;;;;75;0;0;15;5;0;20;10;20;35;30;5;0,3;2359;0;0,2;0,5;0,4;0,2;33,7;2;2;1;"      1016";1;1;12127
"Bloemgrachtbuurt";"Amsterdam                               ";"Buurt     ";"BU0363AB07";"1";2955;1450;1505;210;400;1100;770;480;2055;600;230;65;1545;630;775;1545;140;255;490;520;;;;;1935;1240;460;235;1,5;25973;2002;;252;;630;7;7;0;0;0;93;13;35;64;23;41;100;0;;;;;;;;;;;;;;;;;;;;;;;;;;;;;;;;;;;;;;;;;;;870;0;30;155;85;55;300;95;155;575;415;160;0,3;5059;60;0,4;0,5;0,4;0,5;28,8;13;11;1;"      1016";5;1;12069
"Groenmarktkadebuurt";"Amsterdam                               ";"Buurt     ";"BU0363AB08";"1";335;155;180;20;55;195;35;25;265;45;20;5;150;80;110;145;10;30;75;80;;;;;215;120;70;20;1,6;9341;211;;26;;629;0;0;0;0;0;100;10;36;64;0;64;82;18;;;;;;;;;;;;;;;;;;;;;;;;;;;;;;;;;;;;;;;;;;;115;0;0;25;15;5;45;10;15;1200;580;620;;;5;0,4;0,6;0,5;0,5;33,1;5;4;1;"      1016";1;1;12113
"Marnixbuurt-Zuid";"Amsterdam                               ";"Buurt     ";"BU0363AB09";"1";690;345;340;25;55;265;145;195;440;115;65;70;345;140;200;345;45;70;90;130;;;;;510;390;90;30;1,3;16788;517;;36;;542;0;0;0;0;0;100;9;15;85;33;51;71;29;;;;;;;;;;;;;;;;;;;;;;;;;;;;;;;;;;;;;;;;;;;195;0;10;30;15;15;60;30;35;110;80;30;0,2;2635;15;0,1;0,5;0,3;0,4;41,4;5;4;1;"      1016";1;1;11458
"Elandsgrachtbuurt";"Amsterdam                               ";"Buurt     ";"BU0363AB10";"1";4300;2205;2090;300;495;1615;1055;830;2960;855;380;105;2160;960;1175;2160;235;390;730;780;;;;;2890;1940;625;325;1,5;22761;2977;;509;;562;3;3;0;0;0;97;12;26;74;33;40;99;1;;;;;;;;;;;;;;;;;;;;;;;;;;;;;;;;;;;;;;;;;;;1435;0;80;280;155;50;410;175;290;785;595;195;0,3;4169;120;0,5;0,4;0,3;0,5;33,3;21;19;2;"      1016";1;1;11862
"Passeerdersgrachtbuurt";"Amsterdam                               ";"Buurt     ";"BU0363AB11";"1";895;480;415;55;90;350;220;185;645;155;65;30;435;195;270;435;45;95;150;170;;;;;625;430;140;55;1,4;19565;652;;87;;661;3;3;0;0;0;97;13;40;59;34;25;100;0;;;;;;;;;;;;;;;;;;;;;;;;;;;;;;;;;;;;;;;;;;;250;0;10;30;25;15;85;25;55;150;120;30;0,2;3323;20;0,3;0,5;0,4;0,6;40,7;5;5;1;"      1016";1;1;10385
"Grachtengordel-West";"Amsterdam                               ";"Wijk      ";"WK0363AC  ";"1";6505;3325;3180;405;1000;2395;1555;1145;4340;1620;390;150;3180;1640;1685;3180;330;440;1315;1240;;;;;4290;2695;1125;470;1,5;14527;4394;;909;;892;8;7;0;0;0;92;20;43;56;10;45;100;0;;;;;;;;;;;;;;;;;;;;;;;;;;;;;;;;;;;;;;;;;;;4030;5;145;730;500;340;1415;365;535;1925;1260;665;0,4;4299;150;0,4;0,4;0,5;0,7;27,6;57;45;12;"         .";;1;10856
"Langestraat e.o.";"Amsterdam                               ";"Buurt     ";"BU0363AC01";"1";1885;975;910;145;250;605;490;400;1155;535;130;60;1000;430;455;1000;90;135;340;320;;;;;1180;695;320;160;1,6;19372;1216;;149;;891;9;8;0;0;0;91;19;51;49;7;41;100;0;;;;;;;;;;;;;;;;;;;;;;;;;;;;;;;;;;;;;;;;;;;920;0;30;105;105;70;355;100;155;555;380;175;0,5;5710;40;0,3;0,5;0,5;0,5;21,3;12;10;3;"      1015";1;1;9795
"Leliegracht e.o.";"Amsterdam                               ";"Buurt     ";"BU0363AC02";"1";1825;885;935;105;330;690;420;275;1270;425;90;40;850;490;485;855;75;105;410;380;;;;;1240;810;300;130;1,5;13417;1223;;255;;871;7;6;0;0;0;93;19;41;58;17;42;100;0;;;;;;;;;;;;;;;;;;;;;;;;;;;;;;;;;;;;;;;;;;;1075;0;35;180;140;140;345;90;145;520;340;185;0,4;3838;45;0,2;0,5;0,5;0,8;25,5;17;14;4;"      1015";4;1;11019
"Felix Meritisbuurt";"Amsterdam                               ";"Buurt     ";"BU0363AC03";"1";2115;1115;1000;115;330;825;490;350;1460;485;125;40;985;555;570;985;115;140;440;430;;;;;1420;905;385;130;1,5;13098;1494;;399;;868;8;7;0;0;0;92;22;40;59;8;51;100;0;;;;;;;;;;;;;;;;;;;;;;;;;;;;;;;;;;;;;;;;;;;1465;0;50;340;185;95;505;115;170;615;390;230;0,4;3828;55;0,4;0,3;0,4;0,8;32;20;16;4;"      1016";1;1;11750
"Leidsegracht-Noord";"Amsterdam                               ";"Buurt     ";"BU0363AC04";"1";685;355;335;40;90;275;160;120;450;175;40;20;350;160;175;350;40;60;120;115;;;;;455;280;125;50;1,5;12846;461;;106;;1024;9;8;0;0;0;91;24;43;56;9;46;100;0;;;;;;;;;;;;;;;;;;;;;;;;;;;;;;;;;;;;;;;;;;;575;0;25;105;75;35;210;55;65;230;155;80;0,5;4326;15;0,6;0,4;0,4;0,9;37,4;7;5;2;"      1016";1;1;10081
"Burgwallen-Nieuwe Zijde";"Amsterdam                               ";"Wijk      ";"WK0363AD  ";"1";4345;2270;2075;150;805;2250;785;360;3505;605;205;35;1705;1365;1275;1705;140;340;1225;940;;;;;3060;2005;885;170;1,4;7654;3080;;1668;;524;5;5;0;0;0;95;18;21;78;9;69;98;2;;;;;;;;;;;;;;;;;;;;;;;;;;;;;;;;;;;;;;;;;;;2820;0;90;1080;275;140;670;170;395;660;450;210;0,2;1164;95;0,5;0,4;0,8;1,1;25,2;73;57;16;"         .";;1;9437
"Stationsplein e.o.";"Amsterdam                               ";"Buurt     ";"BU0363AD01";"1";0;0;0;0;0;0;0;0;0;0;0;0;0;0;0;0;0;0;0;0;;;;;0;0;0;0;;;0;;179;;;;;;;;;;;;;;;;;;;;;;;;;;;;;;;;;;;;;;;;;;;;;;;;;;;;;;;;;;85;0;5;45;5;15;5;0;5;10;10;5;;;0;;;;;;26;14;12;"      1012";1;1;6835
"Hemelrijk";"Amsterdam                               ";"Buurt     ";"BU0363AD02";"1";580;310;270;25;105;280;135;30;475;70;25;5;220;195;165;220;20;45;175;120;;;;;405;270;110;25;1,4;10476;418;;173;;481;2;2;0;0;0;98;19;31;69;3;67;100;0;;;;;;;;;;;;;;;;;;;;;;;;;;;;;;;;;;;;;;;;;;;425;0;15;125;45;20;145;15;60;105;65;40;0,3;1897;15;0,4;0,3;0,9;0,8;20,8;6;6;1;"      1012";1;1;8949
"Nieuwendijk-Noord";"Amsterdam                               ";"Buurt     ";"BU0363AD03";"1";485;280;210;15;80;270;90;30;405;60;20;5;150;160;170;150;10;45;155;130;;;;;345;225;105;20;1,4;8932;351;;175;;509;6;5;1;0;0;94;20;15;84;9;75;100;0;;;;;;;;;;;;;;;;;;;;;;;;;;;;;;;;;;;;;;;;;;;270;0;5;125;20;15;55;10;35;55;45;15;0,2;1043;5;0,8;0,6;0,9;1;22,2;7;5;1;"      1012";1;1;7250
"Spuistraat-Noord";"Amsterdam                               ";"Buurt     ";"BU0363AD04";"1";845;430;410;35;150;445;145;75;665;135;35;10;325;285;240;325;25;70;260;165;;;;;595;400;160;40;1,4;16790;572;;198;;540;6;6;0;0;0;94;16;29;70;8;62;100;0;;;;;;;;;;;;;;;;;;;;;;;;;;;;;;;;;;;;;;;;;;;540;0;20;150;75;30;150;25;90;130;95;35;0,2;2580;10;0,4;0,5;0,7;1,1;23;6;5;1;"      1012";1;1;9931
"Nieuwe Kerk e.o.";"Amsterdam                               ";"Buurt     ";"BU0363AD05";"1";830;435;395;30;190;400;155;50;670;120;35;5;340;245;235;345;25;65;220;175;;;;;570;370;180;25;1,4;9827;540;;268;;522;8;7;1;0;0;92;14;23;77;6;71;99;1;;;;;;;;;;;;;;;;;;;;;;;;;;;;;;;;;;;;;;;;;;;465;0;10;220;40;10;90;25;75;110;80;35;0,2;1331;25;0,7;0,5;0,8;1,2;24,5;8;8;0;"      1012";1;1;9728
"Spuistraat-Zuid";"Amsterdam                               ";"Buurt     ";"BU0363AD06";"1";765;405;360;25;110;410;135;80;590;130;40;10;320;230;215;315;30;45;200;170;;;;;540;350;145;45;1,4;12844;593;;232;;514;3;3;0;0;0;97;20;18;82;23;59;93;7;;;;;;;;;;;;;;;;;;;;;;;;;;;;;;;;;;;;;;;;;;;405;0;20;130;35;10;100;40;70;125;80;45;0,2;2113;25;0,2;0,4;0,6;1,2;29,7;7;6;1;"      1012";1;1;10208
"Begijnhofbuurt";"Amsterdam                               ";"Buurt     ";"BU0363AD07";"1";485;225;255;5;85;255;65;75;400;40;40;5;205;145;140;205;10;40;130;100;;;;;355;250;100;5;1,3;6869;365;;235;;496;6;5;1;0;0;94;19;9;91;1;90;100;0;;;;;;;;;;;;;;;;;;;;;;;;;;;;;;;;;;;;;;;;;;;395;0;15;175;30;25;75;35;40;80;55;25;0,2;1147;10;0,6;0,3;0,9;1,3;29,3;7;7;0;"      1012";1;1;10159
"Kalverdriehoek";"Amsterdam                               ";"Buurt     ";"BU0363AD08";"1";350;185;170;15;85;180;55;15;290;50;10;0;145;100;110;140;15;25;90;85;;;;;235;140;80;15;1,5;6729;241;;208;;646;3;3;0;0;0;97;22;22;78;5;73;100;0;;;;;;;;;;;;;;;;;;;;;;;;;;;;;;;;;;;;;;;;;;;235;0;5;115;20;10;50;15;25;40;25;15;0,2;724;5;0,9;0,3;1;1,2;27,9;6;5;1;"      1012";1;1;9927
"Burgwallen-Oude Zijde";"Amsterdam                               ";"Wijk      ";"WK0363AE  ";"1";4760;2520;2245;185;925;2260;895;495;3755;680;265;60;2095;1400;1265;2100;205;340;1190;925;;;;;3395;2340;830;225;1,4;13634;3029;;1252;;526;5;5;0;0;0;95;15;20;80;15;65;100;0;;;;;;;;;;;;;;;;;;;;;;;;;;;;;;;;;;;;;;;;;;;2480;0;85;775;210;120;515;175;605;8020;480;7540;2,4;22971;95;0,8;0,3;0,6;0,9;20,3;40;35;6;"         .";;1;7830
"Kop Zeedijk";"Amsterdam                               ";"Buurt     ";"BU0363AE01";"1";1150;635;515;35;185;565;255;110;905;155;75;10;500;320;335;500;35;85;280;250;;;;;820;565;205;45;1,4;19035;763;;264;;471;4;4;0;0;0;96;15;22;78;7;71;100;0;;;;;;;;;;;;;;;;;;;;;;;;;;;;;;;;;;;;;;;;;;;540;0;20;220;45;20;115;30;95;150;105;40;0,2;2450;15;0,8;0,3;0,3;0,8;19,4;8;6;2;"      1012";1;1;6890
"Oude Kerk e.o.";"Amsterdam                               ";"Buurt     ";"BU0363AE02";"1";770;420;345;20;195;350;125;80;630;85;35;15;340;240;185;340;40;65;200;120;;;;;560;390;140;30;1,4;8704;545;;320;;524;5;5;0;0;0;95;19;13;86;26;60;100;0;;;;;;;;;;;;;;;;;;;;;;;;;;;;;;;;;;;;;;;;;;;575;0;20;165;40;40;110;30;165;105;70;30;0,2;1167;15;1;0,3;0,5;1,1;19,4;9;9;0;"      1012";1;1;7558
"Burgwallen-Oost";"Amsterdam                               ";"Buurt     ";"BU0363AE03";"1";1715;885;825;75;315;835;310;180;1340;265;90;15;700;525;495;695;65;125;455;365;;;;;1215;830;290;90;1,4;27472;1045;;383;;524;4;4;0;0;0;96;13;18;82;9;73;100;0;;;;;;;;;;;;;;;;;;;;;;;;;;;;;;;;;;;;;;;;;;;790;0;25;220;70;30;150;60;225;250;185;70;0,2;4041;45;0,7;0,3;0,5;0,7;20,1;7;6;1;"      1012";1;1;7688
"Nes e.o.";"Amsterdam                               ";"Buurt     ";"BU0363AE04";"1";410;215;190;20;85;200;75;35;315;65;20;10;175;145;90;170;15;25;130;65;;;;;285;180;85;20;1,4;7646;265;;172;;644;8;7;0;0;0;92;20;31;69;5;63;100;0;;;;;;;;;;;;;;;;;;;;;;;;;;;;;;;;;;;;;;;;;;;285;0;10;95;30;20;60;15;60;7415;55;7360;;;10;0,7;0,4;0,9;1,3;24,5;6;5;0;"      1012";1;1;10108
"BG-terrein e.o.";"Amsterdam                               ";"Buurt     ";"BU0363AE05";"1";720;360;355;35;155;305;135;90;560;110;35;15;385;175;160;385;45;40;130;120;;;;;520;375;100;40;1,4;8506;411;;113;;565;6;6;0;0;0;94;13;22;77;36;42;99;1;;;;;;;;;;;;;;;;;;;;;;;;;;;;;;;;;;;;;;;;;;;295;0;5;75;25;10;85;35;60;105;65;35;0,2;1217;10;0,6;0,4;0,8;1;20,9;10;8;2;"      1012";1;1;8617
"Nieuwmarkt/Lastage";"Amsterdam                               ";"Wijk      ";"WK0363AF  ";"1";9940;5120;4815;695;1300;3390;2435;2115;6585;2195;890;270;5010;2170;2765;5015;525;940;1640;1825;;;;;6580;4215;1560;805;1,5;14093;6369;;964;;597;3;3;0;0;0;97;10;30;69;39;30;98;2;;;;;;;;;;;;;;;;;;;;;;;;;;;;;;;;;;;;;;;;;;;3285;0;140;545;335;160;1050;400;660;2980;1750;1230;0,5;4225;250;0,6;0,5;0,5;0,6;20;107;71;36;"         .";;1;7202
"Oosterdokseiland";"Amsterdam                               ";"Buurt     ";"BU0363AF01";"1";510;300;215;55;25;215;150;70;305;150;50;10;195;105;215;190;15;70;90;145;;;;;320;180;85;50;1,6;4149;314;;146;;940;0;0;0;0;0;100;17;46;53;29;25;87;13;;;;;;;;;;;;;;;;;;;;;;;;;;;;;;;;;;;;;;;;;;;210;0;5;35;25;25;85;15;20;1155;415;740;;;10;1;0,1;1,1;1,1;16;24;12;12;"      1011";1;1;5583
"Lastage";"Amsterdam                               ";"Buurt     ";"BU0363AF02";"1";1110;595;515;75;120;425;305;190;775;240;75;15;585;270;255;585;60;85;205;165;;;;;715;435;200;85;1,5;20836;688;;107;;595;7;6;0;0;0;93;11;34;66;23;42;100;0;;;;;;;;;;;;;;;;;;;;;;;;;;;;;;;;;;;;;;;;;;;410;0;15;75;30;15;145;45;80;210;155;55;0,3;3945;25;0,4;0,5;0,4;0,4;20,3;8;5;2;"      1011";1;1;6772
"Scheepvaarthuisbuurt";"Amsterdam                               ";"Buurt     ";"BU0363AF03";"1";760;370;395;45;150;290;155;125;535;175;40;20;480;160;120;480;45;60;120;60;;;;;465;270;140;60;1,6;15817;339;;38;;725;4;4;0;0;0;96;14;41;59;4;55;100;0;;;;;;;;;;;;;;;;;;;;;;;;;;;;;;;;;;;;;;;;;;;280;0;10;45;30;10;90;30;65;175;125;55;0,4;3649;30;0,3;0,7;0,4;0,6;20,4;11;5;6;"      1011";1;1;6459
"Rapenburg";"Amsterdam                               ";"Buurt     ";"BU0363AF04";"1";1030;485;545;70;240;385;210;125;765;185;65;15;455;260;320;455;30;75;225;245;;;;;685;440;170;75;1,5;11189;636;;82;;505;3;3;0;0;0;97;9;25;74;39;36;93;7;;;;;;;;;;;;;;;;;;;;;;;;;;;;;;;;;;;;;;;;;;;320;0;10;35;55;20;115;50;40;175;120;55;0,3;1916;15;0,6;0,7;0,2;0,8;21,5;17;9;7;"      1011";1;1;6226
"Nieuwmarkt";"Amsterdam                               ";"Buurt     ";"BU0363AF05";"1";1575;765;815;120;175;375;410;505;990;315;195;75;885;280;410;885;105;160;180;250;;;;;1060;735;200;130;1,5;26505;1100;;105;;543;5;5;0;0;0;95;8;17;83;67;15;100;0;;;;;;;;;;;;;;;;;;;;;;;;;;;;;;;;;;;;;;;;;;;490;0;25;80;50;10;120;75;130;245;185;55;0,2;4084;45;0,3;0,3;0,3;0,4;19;7;6;1;"      1011";1;1;7449
"Uilenburg";"Amsterdam                               ";"Buurt     ";"BU0363AF06";"1";1255;645;615;70;145;455;335;245;805;315;105;30;555;305;395;555;60;95;245;300;;;;;835;520;220;95;1,5;15587;805;;93;;596;0;0;0;0;0;100;8;37;62;36;26;94;6;;;;;;;;;;;;;;;;;;;;;;;;;;;;;;;;;;;;;;;;;;;390;0;25;65;30;10;135;45;80;265;190;75;0,3;3291;30;0,7;0,5;0,3;0,4;20,3;11;8;3;"      1011";1;1;6727
"Valkenburg";"Amsterdam                               ";"Buurt     ";"BU0363AF07";"1";1215;625;585;90;135;415;260;315;745;305;115;45;585;280;350;585;70;120;210;235;;;;;815;545;165;105;1,5;17885;823;;130;;567;0;0;0;0;0;100;9;41;58;23;35;100;0;;;;;;;;;;;;;;;;;;;;;;;;;;;;;;;;;;;;;;;;;;;340;0;15;35;45;35;130;30;50;255;190;65;0,3;3760;25;0,7;0,6;0,4;0,4;22,1;7;7;1;"      1011";1;1;7217
"Zuiderkerkbuurt";"Amsterdam                               ";"Buurt     ";"BU0363AF08";"1";1600;885;715;100;205;530;405;360;1085;310;160;40;855;320;425;850;80;165;235;260;;;;;1085;715;230;140;1,5;23520;1078;;161;;613;5;5;0;0;0;95;11;22;77;49;29;100;0;;;;;;;;;;;;;;;;;;;;;;;;;;;;;;;;;;;;;;;;;;;505;0;20;105;50;25;140;50;115;310;230;80;0,3;4548;50;0,6;0,4;0,9;0,9;17,1;9;7;2;"      1011";1;1;8458
"Waterloopleinbuurt";"Amsterdam                               ";"Buurt     ";"BU0363AF09";"1";880;460;425;65;110;300;210;190;580;200;85;20;425;190;270;425;60;110;130;160;;;;;595;385;140;65;1,5;7863;586;;102;;551;2;2;0;0;0;98;11;31;68;37;31;100;0;;;;;;;;;;;;;;;;;;;;;;;;;;;;;;;;;;;;;;;;;;;345;0;10;70;20;15;90;55;85;190;140;50;0,3;1710;20;0,7;0,4;0,5;0,5;24;13;11;2;"      1011";1;1;8218
"Grachtengordel-Zuid";"Amsterdam                               ";"Wijk      ";"WK0363AG  ";"1";5710;3050;2665;395;875;2245;1345;845;3895;1350;330;135;2740;1505;1460;2740;255;405;1245;1060;;;;;3670;2240;1010;420;1,5;10980;3635;;1126;;908;12;12;0;0;0;88;20;38;61;4;57;100;0;;;;;;;;;;;;;;;;;;;;;;;;;;;;;;;;;;;;;;;;;;;4345;5;165;1015;575;385;1445;325;430;1715;1095;620;0,5;3295;135;0,6;0,4;0,6;0,8;31,5;64;52;12;"         .";;1;9514
"Leidsegracht-Zuid";"Amsterdam                               ";"Buurt     ";"BU0363AG01";"1";735;410;335;45;105;330;140;120;525;165;30;25;335;195;210;335;25;55;170;155;;;;;445;255;135;50;1,6;13540;461;;137;;912;15;14;0;0;0;85;22;33;66;2;65;100;0;;;;;;;;;;;;;;;;;;;;;;;;;;;;;;;;;;;;;;;;;;;940;0;50;190;150;60;350;70;65;190;120;70;0,4;3523;15;0,7;0,3;0,5;1,1;36,7;7;5;1;"      1017";1;1;10055
"Geelvinckbuurt";"Amsterdam                               ";"Buurt     ";"BU0363AG02";"1";330;175;155;10;80;170;45;25;280;35;15;0;115;150;70;115;15;15;130;50;;;;;245;175;60;15;1,3;8266;198;;128;;744;3;3;0;0;0;97;17;19;81;0;81;100;0;;;;;;;;;;;;;;;;;;;;;;;;;;;;;;;;;;;;;;;;;;;385;0;15;120;70;35;105;10;30;145;70;75;0,6;3596;5;0,8;0,4;0,8;1;28,7;5;4;1;"      1017";1;1;9927
"Rembrandtplein e.o.";"Amsterdam                               ";"Buurt     ";"BU0363AG03";"1";880;500;385;40;160;475;150;50;700;125;40;10;330;285;270;330;20;55;260;210;;;;;605;400;175;40;1,4;8789;549;;301;;618;5;4;0;0;0;95;21;20;80;4;76;99;1;;;;;;;;;;;;;;;;;;;;;;;;;;;;;;;;;;;;;;;;;;;505;0;10;210;60;25;95;25;80;150;100;55;0,2;1522;15;0,6;0,4;1;1;25,1;12;10;2;"      1017";1;1;9251
"Spiegelbuurt";"Amsterdam                               ";"Buurt     ";"BU0363AG04";"1";850;465;390;65;130;300;240;115;560;230;40;15;360;245;250;360;45;60;200;185;;;;;525;300;150;80;1,6;10660;623;;200;;953;9;8;0;0;0;91;28;43;56;7;49;99;1;;;;;;;;;;;;;;;;;;;;;;;;;;;;;;;;;;;;;;;;;;;995;0;35;230;130;110;345;55;80;325;200;120;0,6;4068;30;0,8;0,5;0,6;1;33,1;9;8;1;"      1017";1;1;9580
"Vijzelstraatbuurt";"Amsterdam                               ";"Buurt     ";"BU0363AG05";"1";1390;710;680;95;185;505;330;275;865;370;105;50;745;310;335;745;75;95;235;240;;;;;870;515;240;115;1,6;10320;842;;193;;1046;19;19;0;0;0;81;18;48;51;1;50;100;0;;;;;;;;;;;;;;;;;;;;;;;;;;;;;;;;;;;;;;;;;;;840;0;25;130;110;75;320;95;90;390;260;130;0,5;2915;25;0,5;0,3;0,5;0,7;32,9;16;13;3;"      1017";1;1;9351
"Amstelveldbuurt";"Amsterdam                               ";"Buurt     ";"BU0363AG06";"1";1525;795;725;125;215;475;440;260;970;420;95;40;865;325;340;860;70;120;255;220;;;;;965;590;250;120;1,6;13695;962;;167;;952;13;12;0;0;0;87;17;44;55;7;49;100;0;;;;;;;;;;;;;;;;;;;;;;;;;;;;;;;;;;;;;;;;;;;685;0;30;135;50;80;230;70;85;510;345;165;0,5;4574;45;0,4;0,5;0,6;0,6;31,3;15;11;4;"      1017";1;1;9411
"De Weteringschans";"Amsterdam                               ";"Wijk      ";"WK0363AH  ";"1";7570;3805;3765;540;1120;3175;1685;1060;5380;1635;415;135;3630;1865;2080;3635;340;645;1520;1435;;;;;4920;3035;1285;595;1,5;13624;4816;;965;;708;7;7;0;0;0;93;13;40;60;10;50;99;1;;;;;;;;;;;;;;;;;;;;;;;;;;;;;;;;;;;;;;;;;;;2995;0;110;590;280;230;1010;345;425;1700;1215;485;0,3;3060;160;0,5;0,5;0,5;0,6;34,6;65;56;9;"         .";;1;9804
"Leidsebuurt-Noordwest";"Amsterdam                               ";"Buurt     ";"BU0363AH01";"1";290;165;125;15;55;155;50;15;235;35;15;5;110;105;70;110;10;15;100;55;;;;;215;155;45;15;1,4;11674;211;;59;;565;8;8;0;0;0;92;14;40;59;0;59;100;0;;;;;;;;;;;;;;;;;;;;;;;;;;;;;;;;;;;;;;;;;;;135;0;0;55;15;5;25;10;25;40;25;15;0,2;1599;10;0,6;0,5;0,3;0,8;44;3;3;0;"      1017";1;1;9647
"Leidsebuurt-Noordoost";"Amsterdam                               ";"Buurt     ";"BU0363AH02";"1";1120;560;555;45;265;580;165;65;940;135;35;10;435;335;350;435;50;80;285;265;;;;;755;480;230;50;1,5;20744;740;;231;;597;6;6;0;0;0;94;17;29;70;0;70;99;1;;;;;;;;;;;;;;;;;;;;;;;;;;;;;;;;;;;;;;;;;;;535;0;15;185;55;35;135;30;80;165;110;55;0,2;3083;20;0,7;0,6;0,6;0,9;40,3;6;5;1;"      1017";1;1;9517
"Weteringbuurt";"Amsterdam                               ";"Buurt     ";"BU0363AH03";"1";2440;1190;1250;195;335;1050;545;310;1765;515;120;35;1185;625;635;1185;100;205;520;425;;;;;1590;985;405;200;1,5;20542;1563;;250;;681;9;9;0;0;0;91;12;42;57;8;49;99;1;;;;;;;;;;;;;;;;;;;;;;;;;;;;;;;;;;;;;;;;;;;780;0;30;120;70;50;265;115;130;510;360;150;0,3;4285;70;0,4;0,5;0,5;0,6;32,6;14;12;2;"      1017";1;1;9709
"Utrechtsebuurt-Zuid";"Amsterdam                               ";"Buurt     ";"BU0363AH04";"1";1190;605;585;90;110;440;315;240;760;300;100;25;640;230;325;640;60;105;170;215;;;;;775;465;195;110;1,5;20859;804;;138;;734;9;9;0;0;0;91;14;41;58;14;45;100;0;;;;;;;;;;;;;;;;;;;;;;;;;;;;;;;;;;;;;;;;;;;475;0;20;75;45;35;175;55;70;305;215;90;0,4;5377;25;0,4;0,4;0,3;0,3;31,7;7;6;1;"      1017";1;1;9521
"Leidsebuurt-Zuidwest";"Amsterdam                               ";"Buurt     ";"BU0363AH05";"1";170;85;80;5;40;75;30;15;135;20;10;0;65;45;60;65;10;25;40;35;;;;;120;90;25;10;1,4;6261;115;;25;;599;0;0;0;0;0;100;12;18;82;19;63;100;0;;;;;;;;;;;;;;;;;;;;;;;;;;;;;;;;;;;;;;;;;;;70;0;5;20;5;5;20;0;15;30;30;0;0,3;1179;0;0,5;0,4;0,5;0,7;42,8;3;3;1;"      1017";1;1;9920
"Leidsebuurt-Zuidoost";"Amsterdam                               ";"Buurt     ";"BU0363AH06";"1";315;165;150;30;50;130;60;45;220;70;15;10;135;80;100;130;5;35;70;65;;;;;210;130;50;25;1,5;7227;221;;80;;592;2;1;0;0;0;98;18;27;73;12;61;100;0;;;;;;;;;;;;;;;;;;;;;;;;;;;;;;;;;;;;;;;;;;;145;0;5;30;10;10;50;15;25;45;30;15;0,2;1039;5;0,7;0,6;0,7;0,9;40,2;5;4;1;"      1017";1;1;9517
"Den Texbuurt";"Amsterdam                               ";"Buurt     ";"BU0363AH07";"1";1090;555;535;100;140;395;260;195;705;295;60;30;575;235;285;570;55;80;180;200;;;;;645;375;165;110;1,7;11509;586;;91;;857;3;3;0;0;0;97;12;47;53;17;37;100;0;;;;;;;;;;;;;;;;;;;;;;;;;;;;;;;;;;;;;;;;;;;425;0;15;65;35;30;160;65;50;270;205;65;0,4;2851;10;0,3;0,5;0,4;0,8;32,9;11;9;2;"      1017";1;1;10261
"Frederikspleinbuurt";"Amsterdam                               ";"Buurt     ";"BU0363AH08";"1";960;480;475;65;115;350;255;165;625;260;55;20;495;205;260;495;50;90;155;175;;;;;605;355;165;80;1,6;7061;576;;91;;855;6;5;0;0;0;94;11;46;54;19;36;100;0;;;;;;;;;;;;;;;;;;;;;;;;;;;;;;;;;;;;;;;;;;;435;0;20;35;50;60;180;60;30;330;240;90;0,6;2442;25;0,5;0,5;0,4;0,5;32,6;16;14;2;"      1017";1;1;10554
"Weesperbuurt/Plantage";"Amsterdam                               ";"Wijk      ";"WK0363AJ  ";"1";8005;3950;4050;595;1245;2955;1700;1510;5505;1720;545;235;4145;1830;2030;4145;420;705;1415;1320;;;;;5050;3165;1260;620;1,5;10312;4705;;465;;650;2;2;0;0;0;98;11;34;66;27;39;100;0;;;;;;;;;;;;;;;;;;;;;;;;;;;;;;;;;;;;;;;;;;;2455;0;70;275;275;130;925;355;430;1695;1215;480;0,3;2183;135;0,5;0,6;0,5;0,6;28,7;92;78;14;"         .";;1;8010
"Weesperbuurt";"Amsterdam                               ";"Buurt     ";"BU0363AJ01";"1";3195;1575;1620;210;540;1175;625;645;2240;620;250;85;1635;725;835;1635;170;270;555;565;;;;;2105;1430;465;210;1,5;15066;1847;;168;;610;2;2;0;0;0;98;13;32;68;28;39;100;0;;;;;;;;;;;;;;;;;;;;;;;;;;;;;;;;;;;;;;;;;;;950;0;25;110;115;45;345;160;155;615;455;160;0,3;2897;55;0,5;0,6;0,5;0,5;26,7;28;21;7;"      1018";1;1;8141
"Plantage";"Amsterdam                               ";"Buurt     ";"BU0363AJ02";"1";2465;1210;1255;195;320;800;555;600;1550;620;185;110;1375;555;535;1375;125;210;435;325;;;;;1460;835;410;215;1,6;7215;1418;;141;;724;4;3;0;0;0;96;10;37;63;15;48;100;0;;;;;;;;;;;;;;;;;;;;;;;;;;;;;;;;;;;;;;;;;;;645;0;15;75;70;40;240;85;115;595;405;190;0,4;1737;35;0,5;0,9;0,5;0,9;28,4;38;34;4;"      1018";1;1;7329
"Sarphatistrook";"Amsterdam                               ";"Buurt     ";"BU0363AJ03";"1";1950;960;985;155;335;800;425;230;1425;400;95;35;925;465;555;925;105;185;360;375;;;;;1250;760;325;160;1,6;10672;1205;;134;;626;1;1;0;0;0;99;10;31;69;42;27;100;0;;;;;;;;;;;;;;;;;;;;;;;;;;;;;;;;;;;;;;;;;;;765;0;30;80;85;45;305;95;135;415;295;115;0,3;2261;35;0,4;0,4;0,5;0,4;32,5;21;18;3;"      1018";1;1;8339
"Alexanderplein e.o.";"Amsterdam                               ";"Buurt     ";"BU0363AJ04";"1";400;210;190;35;55;180;95;40;290;80;20;10;210;85;100;210;20;40;65;60;;;;;240;140;65;35;1,7;9960;235;;22;;639;1;1;0;0;0;99;7;50;50;16;34;99;1;;;;;;;;;;;;;;;;;;;;;;;;;;;;;;;;;;;;;;;;;;;95;0;0;10;10;0;35;10;25;75;60;15;0,3;1852;5;0,7;0,5;0,8;0,9;27,2;5;4;1;"      1018";1;1;9361
"Oostelijke Eilanden/Kadijken";"Amsterdam                               ";"Wijk      ";"WK0363AK  ";"1";15525;7875;7650;1280;1740;6200;3665;2640;10610;3250;1330;330;7485;2750;5290;7485;750;2090;2000;3205;;;;;9475;5815;2180;1480;1,6;15725;8016;;781;;539;1;1;0;0;0;99;5;30;70;55;15;88;12;;;;;;;;;;;;;;;;;;;;;;;;;;;;;;;;;;;;;;;;;;;3745;0;195;425;510;105;1165;575;770;3285;2465;820;0,3;3328;385;0,7;0,7;0,5;0,7;21,4;130;99;32;"         .";;1;6663
"Marine-Etablissement";"Amsterdam                               ";"Buurt     ";"BU0363AK01";"1";95;55;45;10;5;30;35;20;55;30;10;5;50;20;30;50;5;5;15;25;;;;;40;15;10;15;2;573;3;;8;;;;;;;;;;;;;;;;;;;;;;;;;;;;;;;;;;;;;;;;;;;;;;;;;;;;;;;;;;110;0;10;10;25;0;25;10;25;25;20;5;;;5;1,6;1,5;0,6;0,8;8,4;27;17;10;"      1019";2;1;4359
"Kattenburg";"Amsterdam                               ";"Buurt     ";"BU0363AK02";"1";1725;785;940;190;390;430;335;380;1075;430;150;65;875;285;565;880;105;225;175;335;;;;;1070;695;180;195;1,6;19297;785;;10;;535;4;3;1;0;0;96;4;25;75;69;5;100;0;;;;;;;;;;;;;;;;;;;;;;;;;;;;;;;;;;;;;;;;;;;250;0;10;30;40;0;65;40;60;365;310;55;0,3;4074;30;1,3;1;0,4;0,7;14,4;12;9;3;"      1018";1;1;5362
"Wittenburg";"Amsterdam                               ";"Buurt     ";"BU0363AK03";"1";2625;1470;1155;215;200;930;815;465;1740;505;345;40;1090;405;1130;1090;110;430;300;700;;;;;1335;790;295;250;1,6;21128;1313;;66;;485;1;0;0;0;0;99;4;32;68;60;8;100;0;;;;;;;;;;;;;;;;;;;;;;;;;;;;;;;;;;;;;;;;;;;480;0;30;50;65;5;135;75;120;580;435;145;0,4;4652;70;1;0,5;0,4;0,4;20,6;18;12;6;"      1018";1;1;5498
"Oostenburg";"Amsterdam                               ";"Buurt     ";"BU0363AK04";"1";3710;1875;1835;210;325;2280;555;335;2840;590;225;55;1625;755;1330;1625;145;535;610;790;;;;;2460;1550;665;250;1,5;18366;1654;;184;;513;1;1;0;0;0;99;4;22;78;54;24;50;50;;;;;;;;;;;;;;;;;;;;;;;;;;;;;;;;;;;;;;;;;;;805;0;35;90;100;25;305;115;135;610;440;170;0,2;3021;90;0,4;0,9;0,7;0,8;20,1;25;20;5;"      1018";1;1;6515
"Czaar Peterbuurt";"Amsterdam                               ";"Buurt     ";"BU0363AK05";"1";2320;1160;1165;210;250;1050;545;265;1680;400;205;35;1030;445;845;1035;105;320;335;530;;;;;1465;915;300;250;1,5;22329;1461;;198;;454;2;2;0;0;0;98;5;25;75;51;24;90;10;;;;;;;;;;;;;;;;;;;;;;;;;;;;;;;;;;;;;;;;;;;735;0;45;115;110;15;195;115;140;405;310;95;0,3;3885;45;0,5;0,5;0,2;0,3;25,4;11;10;0;"      1018";1;1;7264
"Het Funen";"Amsterdam                               ";"Buurt     ";"BU0363AK06";"1";1275;640;635;205;170;310;420;170;765;400;80;25;655;240;385;655;90;180;150;205;;;;;625;280;140;205;2;17253;561;;54;;733;0;0;0;0;0;100;3;62;38;31;6;100;0;;;;;;;;;;;;;;;;;;;;;;;;;;;;;;;;;;;;;;;;;;;340;0;20;35;50;15;115;55;50;315;210;105;0,5;4262;30;0,6;0,8;0,5;0,7;22,3;9;7;2;"      1018";1;1;8263
"Kadijken";"Amsterdam                               ";"Buurt     ";"BU0363AK07";"1";2845;1440;1410;195;310;830;765;740;1825;695;240;85;1660;465;720;1660;145;260;320;460;;;;;1865;1185;435;255;1,5;16745;1663;;210;;615;2;2;0;0;0;98;6;36;64;52;12;100;0;;;;;;;;;;;;;;;;;;;;;;;;;;;;;;;;;;;;;;;;;;;805;0;35;65;95;35;260;120;195;785;590;200;0,4;4626;90;0,6;0,7;0,8;1;23,1;22;17;5;"      1018";1;1;6656
"Kazernebuurt";"Amsterdam                               ";"Buurt     ";"BU0363AK08";"1";930;455;475;45;85;340;200;260;630;195;75;25;500;140;290;500;45;120;95;170;;;;;615;390;155;65;1,5;17019;576;;51;;544;1;1;0;0;0;99;6;23;76;70;7;100;0;;;;;;;;;;;;;;;;;;;;;;;;;;;;;;;;;;;;;;;;;;;215;0;10;25;25;5;60;40;50;205;155;50;0,3;3733;25;0,5;0,3;0,7;0,7;27,2;7;5;1;"      1018";1;1;8315
"Havens-West";"Amsterdam                               ";"Wijk      ";"WK0363BA  ";"1";30;25;5;0;0;15;5;5;20;5;0;0;15;10;5;15;5;0;5;5;;;;;20;15;5;5;1,3;2;9;;816;;;;;;;;;;;;;;;;;;;;;;;;;;;;;;;;;;;;;;;;;;;;;;;;;;;;;;;;;;870;0;205;200;150;110;160;10;40;540;215;325;;;35;3,5;2,7;2,9;3,1;3,4;2556;1821;735;"         .";;5;123
"Afrikahaven";"Amsterdam                               ";"Buurt     ";"BU0363BA01";"1";5;5;5;0;0;0;5;0;0;0;0;0;5;0;0;5;0;0;0;0;;;;;0;0;0;0;2,5;;2;;105;;;;;;;;;;;;;;;;;;;;;;;;;;;;;;;;;;;;;;;;;;;;;;;;;;;;;;;;;;60;0;5;10;25;0;5;5;10;20;15;5;;;0;;;;;;536;429;107;"      1047";1;5;50
"Amerikahaven";"Amsterdam                               ";"Buurt     ";"BU0363BA02";"1";0;0;0;0;0;0;0;0;5;0;0;0;0;0;0;0;0;0;5;5;;;;;0;5;0;0;1;;0;;210;;;;;;;;;;;;;;;;;;;;;;;;;;;;;;;;;;;;;;;;;;;;;;;;;;;;;;;;;;195;0;65;40;35;15;25;0;10;150;60;90;;;10;;;;;;1012;703;309;"      1045";3;5;47
"Westhaven-Noord";"Amsterdam                               ";"Buurt     ";"BU0363BA03";"1";10;10;0;0;5;5;0;0;10;0;0;0;5;0;0;5;5;0;0;5;;;;;5;5;0;0;1,1;3;0;;202;;;;;;;;;;;;;;;;;;;;;;;;;;;;;;;;;;;;;;;;;;;;;;;;;;;;;;;;;;225;0;65;50;50;15;45;0;5;155;65;90;;;15;3,6;2,1;2,5;3,4;0,4;570;385;185;"      1042";5;5;104
"Petroleumhaven";"Amsterdam                               ";"Buurt     ";"BU0363BA04";"1";0;0;0;0;0;0;0;5;0;0;0;0;0;0;0;5;0;0;0;0;;;;;0;0;0;0;1;;5;;91;;;;;;;;;;;;;;;;;;;;;;;;;;;;;;;;;;;;;;;;;;;;;;;;;;;;;;;;;;70;0;15;20;5;0;20;0;5;50;20;30;;;0;;;;;;322;194;128;"      1041";1;5;85
"Vervoerscentrum";"Amsterdam                               ";"Buurt     ";"BU0363BA05";"1";5;0;0;0;0;0;0;0;0;0;0;0;0;0;5;0;0;0;0;5;;;;;0;5;0;0;1;;0;;105;;;;;;;;;;;;;;;;;;;;;;;;;;;;;;;;;;;;;;;;;;;;;;;;;;;;;;;;;;135;0;20;40;20;10;35;0;5;95;40;50;;;0;;;;;;70;69;1;"      1042";1;5;184
"Westhaven-Zuid";"Amsterdam                               ";"Buurt     ";"BU0363BA06";"1";5;5;0;5;0;5;0;0;5;5;0;0;5;0;0;5;5;0;0;0;;;;;5;5;0;0;1,6;;2;;103;;;;;;;;;;;;;;;;;;;;;;;;;;;;;;;;;;;;;;;;;;;;;;;;;;;;;;;;;;190;0;30;30;15;75;30;5;0;75;10;60;;;5;;;;;;47;42;5;"      1043";1;5;357
"Coenhaven/Minervahaven";"Amsterdam                               ";"Wijk      ";"WK0363BB  ";"1";1765;1165;605;25;850;740;145;10;1470;275;20;0;10;405;1350;10;5;0;405;1345;;;;;790;780;5;0;1;944;4;;693;;;;;;;;;;;;;;;;;;;;;;;;;;;;;;;;;;;;;;;;;;;;;;;;;;;;;;;;;;1195;0;105;270;245;100;335;65;70;2020;895;1125;;;35;2,8;2,6;2,6;2,8;1,4;343;187;156;"         .";;2;1764
"Coenhaven";"Amsterdam                               ";"Buurt     ";"BU0363BB01";"1";970;815;150;25;210;590;135;5;680;270;15;5;0;25;945;5;0;5;25;940;;;;;0;5;0;0;1;1900;1;;33;;;;;;;;;;;;;;;;;;;;;;;;;;;;;;;;;;;;;;;;;;;;;;;;;;;;;;;;;;50;0;15;10;10;0;5;0;5;55;40;15;;;0;3,9;3,4;3,5;3,9;0;113;51;62;"      1013";1;5;140
"Vlothaven";"Amsterdam                               ";"Buurt     ";"BU0363BB02";"1";0;0;0;0;0;0;0;0;0;0;0;0;0;0;0;0;0;0;0;0;;;;;0;0;0;0;;;0;;15;;;;;;;;;;;;;;;;;;;;;;;;;;;;;;;;;;;;;;;;;;;;;;;;;;;;;;;;;;10;;;;;;;;;0;0;0;;;0;;;;;;71;39;32;"      1013";1;5;134
"Minervahaven-Noordoost";"Amsterdam                               ";"Buurt     ";"BU0363BB03";"1";785;335;445;0;635;140;5;0;780;5;0;0;10;375;400;5;5;5;375;400;;;;;780;775;5;0;1;7038;0;;130;;;;;;;;;;;;;;;;;;;;;;;;;;;;;;;;;;;;;;;;;;;;;;;;;;;;;;;;;;265;0;15;60;65;35;70;10;10;155;50;100;0,2;1375;10;1,5;1,5;1,4;1,4;3;48;11;36;"      1013";1;2;1559
"Minervahaven-Noordwest";"Amsterdam                               ";"Buurt     ";"BU0363BB04";"1";0;0;5;0;0;0;0;0;5;0;5;0;5;0;0;0;0;0;0;0;;;;;0;0;0;0;1;;1;;113;;;;;;;;;;;;;;;;;;;;;;;;;;;;;;;;;;;;;;;;;;;;;;;;;;;;;;;;;;180;0;30;60;30;10;30;5;15;50;25;25;;;5;;;;;;34;23;11;"      1013";1;2;1781
"Minervahaven-Zuidwest";"Amsterdam                               ";"Buurt     ";"BU0363BB05";"1";0;0;0;0;0;0;0;0;0;0;0;0;0;0;0;0;0;0;0;0;;;;;0;0;0;0;;;0;;75;;;;;;;;;;;;;;;;;;;;;;;;;;;;;;;;;;;;;;;;;;;;;;;;;;;;;;;;;;80;0;10;25;15;10;10;0;10;35;20;15;;;0;;;;;;8;8;0;"      1013";1;1;2641
"Minervahaven-Zuidoost";"Amsterdam                               ";"Buurt     ";"BU0363BB06";"1";10;5;5;0;0;5;5;0;5;0;0;0;0;5;5;0;5;0;0;5;;;;;10;5;5;0;1,5;;2;;197;;;;;;;;;;;;;;;;;;;;;;;;;;;;;;;;;;;;;;;;;;;;;;;;;;;;;;;;;;120;0;5;15;30;10;45;0;10;30;10;15;;;5;;;;;;27;13;14;"      1013";1;1;2722
"Alfa-driehoek";"Amsterdam                               ";"Buurt     ";"BU0363BB07";"1";0;5;0;0;0;0;0;0;0;0;0;0;0;0;0;0;0;0;0;0;;;;;0;0;0;0;2;;0;;127;;;;;;;;;;;;;;;;;;;;;;;;;;;;;;;;;;;;;;;;;;;;;;;;;;;;;;;;;;490;0;30;95;85;35;170;45;25;1695;740;955;;;10;;;;;;31;31;0;"      1014";1;5;449
"Hemknoop-Noord";"Amsterdam                               ";"Buurt     ";"BU0363BB08";"1";0;0;0;0;0;0;0;0;0;0;0;0;0;0;0;0;0;0;0;0;;;;;0;0;0;0;;;0;;3;;;;;;;;;;;;;;;;;;;;;;;;;;;;;;;;;;;;;;;;;;;;;;;;;;;;;;;;;;5;;;;;;;;;5;5;0;;;0;;;;;;11;11;0;"      1014";4;4;651
"Sloterdijk-West";"Amsterdam                               ";"Wijk      ";"WK0363EA  ";"1";1540;805;730;95;75;1190;135;40;1270;200;55;5;690;425;420;690;65;125;360;295;;;;;915;420;410;85;1,6;1278;886;;273;;546;4;2;1;0;0;96;6;10;90;1;88;38;62;;;;;;;;;;;;;;;;;;;;;;;;;;;;;;;;;;;;;;;;;;;650;0;65;125;70;35;210;40;100;465;275;190;0,5;388;30;1,3;0,6;0,7;0,8;23,6;121;120;1;"         .";;1;3634
"Isolatorbuurt";"Amsterdam                               ";"Buurt     ";"BU0363EA01";"1";65;50;10;5;0;20;30;0;55;0;10;0;20;20;20;20;5;5;15;20;;;;;20;15;0;5;1,5;175;7;;147;;;;;;;;;;;;;;;;;;;;;;;;;;;;;;;;;;;;;;;;;;;;;;;;;;;;;;;;;;270;0;35;55;25;20;65;5;60;135;40;90;;;5;2,3;1,7;1,9;2,2;9,2;35;35;0;"      1014";1;4;748
"Contactbuurt";"Amsterdam                               ";"Buurt     ";"BU0363EA02";"1";10;10;5;0;0;10;0;0;5;5;0;0;5;0;10;5;0;0;0;5;;;;;10;10;0;0;1,2;39;7;;84;;;;;;;;;;;;;;;;;;;;;;;;;;;;;;;;;;;;;;;;;;;;;;;;;;;;;;;;;;125;0;15;35;15;5;35;10;10;65;25;40;;;5;2,4;1,7;2;2,1;9,6;33;33;0;"      1014";1;2;2184
"Woon- en Groengebied Sloterdijk";"Amsterdam                               ";"Buurt     ";"BU0363EA03";"1";1460;750;710;90;75;1160;100;35;1210;195;50;5;665;405;395;665;60;125;345;270;;;;;880;395;405;80;1,7;2810;872;;42;;548;4;2;1;0;0;96;6;11;89;1;88;37;63;;;;;;;;;;;;;;;;;;;;;;;;;;;;;;;;;;;;;;;;;;;255;0;10;35;30;10;110;30;35;270;210;60;0,3;517;20;1,3;0,5;0,6;0,7;24,3;53;52;1;"      1014";1;1;4265
"Spaarndammerbuurt/Zeeheldenbuurt";"Amsterdam                               ";"Wijk      ";"WK0363EB  ";"1";10690;5255;5440;1215;930;4130;2820;1595;7375;2030;1030;260;4740;1775;4180;4740;520;1735;1260;2445;;;;;6355;3820;1280;1255;1,6;7822;6245;;443;;464;0;0;0;0;0;100;4;24;76;63;13;97;3;;;;;;;;;;;;;;;;;;;;;;;;;;;;;;;;;;;;;;;;;;;2305;5;145;305;280;35;670;390;480;2230;1750;480;0,4;1633;230;0,5;0,4;0,3;0,8;11,2;141;137;5;"         .";;1;5892
"Hemknoop-Zuid";"Amsterdam                               ";"Buurt     ";"BU0363EB01";"1";0;0;0;0;0;0;0;0;0;0;0;0;0;0;0;0;0;0;0;0;;;;;0;0;0;0;1;;1;;1;;;;;;;;;;;;;;;;;;;;;;;;;;;;;;;;;;;;;;;;;;;;;;;;;;;;;;;;;;0;;;;;;;;;0;0;0;;;0;;;;;;12;12;0;"      1014";1;4;876
"Overbraker Binnenpolder";"Amsterdam                               ";"Buurt     ";"BU0363EB02";"1";5;0;5;0;0;0;5;5;0;0;0;0;0;5;0;5;0;0;5;0;;;;;5;5;0;0;1;;5;;8;;;;;;;;;;;;;;;;;;;;;;;;;;;;;;;;;;;;;;;;;;;;;;;;;;;;;;;;;;10;;;;;;;;;0;0;0;;;0;;;;;;33;33;0;"      1014";1;1;2915
"Zaanstraat emplacement";"Amsterdam                               ";"Buurt     ";"BU0363EB03";"1";0;0;0;0;0;0;0;0;0;0;0;0;0;0;0;0;0;0;0;0;;;;;0;0;0;0;;;0;;1;;;;;;;;;;;;;;;;;;;;;;;;;;;;;;;;;;;;;;;;;;;;;;;;;;;;;;;;;;0;;;;;;;;;0;0;0;;;0;;;;;;19;19;0;"      1014";1;1;4482
"Spaarndammerbuurt-Noordwest";"Amsterdam                               ";"Buurt     ";"BU0363EB04";"1";1915;945;970;250;125;805;515;220;1320;360;200;35;835;255;830;835;65;350;185;480;;;;;1105;590;245;265;1,7;16096;1087;;18;;465;0;0;0;0;0;100;3;10;90;86;3;100;0;;;;;;;;;;;;;;;;;;;;;;;;;;;;;;;;;;;;;;;;;;;355;0;30;40;55;5;95;55;80;430;345;85;0,4;3600;40;0,7;0,4;0,3;0,9;9,1;12;12;0;"      1013";1;1;4360
"Spaarndammerbuurt-Midden";"Amsterdam                               ";"Buurt     ";"BU0363EB05";"1";1425;720;705;195;120;575;405;130;1010;290;110;15;625;255;545;625;80;230;170;310;;;;;825;485;145;190;1,7;24902;812;;64;;484;1;1;0;0;0;99;4;28;72;57;15;90;10;;;;;;;;;;;;;;;;;;;;;;;;;;;;;;;;;;;;;;;;;;;330;0;25;45;35;5;95;55;65;315;245;70;0,4;5493;35;0,4;0,2;0,2;0,9;10,3;6;6;0;"      1013";1;1;5875
"Spaarndammerbuurt-Zuidwest";"Amsterdam                               ";"Buurt     ";"BU0363EB06";"1";1830;915;920;175;160;740;370;380;1275;285;175;90;870;340;620;870;95;200;245;420;;;;;1080;695;225;160;1,6;24160;1069;;59;;447;0;0;0;0;0;100;4;29;71;51;20;91;9;;;;;;;;;;;;;;;;;;;;;;;;;;;;;;;;;;;;;;;;;;;380;0;10;55;40;10;110;65;85;295;230;65;0,3;3879;25;0,4;0,3;0,3;1,1;10,9;8;8;0;"      1013";1;1;6050
"Spaarndammerbuurt-Noordoost";"Amsterdam                               ";"Buurt     ";"BU0363EB07";"1";2570;1260;1310;240;220;940;730;435;1745;490;275;55;1150;370;1045;1150;110;445;255;600;;;;;1650;1040;315;285;1,6;25761;1645;;23;;450;0;0;0;0;0;100;4;23;77;71;6;100;0;;;;;;;;;;;;;;;;;;;;;;;;;;;;;;;;;;;;;;;;;;;475;0;25;70;60;5;135;70;110;570;450;120;0,3;5698;60;0,5;0,4;0,4;0,7;11,9;11;10;1;"      1013";1;1;6205
"Zeeheldenbuurt";"Amsterdam                               ";"Buurt     ";"BU0363EB08";"1";1925;920;1010;260;210;665;525;265;1335;375;195;35;800;340;785;800;90;360;255;430;;;;;1065;625;210;230;1,7;21129;1027;;142;;488;0;0;0;0;0;100;4;29;71;56;15;100;0;;;;;;;;;;;;;;;;;;;;;;;;;;;;;;;;;;;;;;;;;;;455;5;25;45;55;10;155;75;80;385;305;80;0,4;4228;40;0,8;0,8;0,3;0,4;11,9;10;9;1;"      1013";1;1;5787
"Westergasfabriek";"Amsterdam                               ";"Buurt     ";"BU0363EB09";"1";0;0;5;0;0;5;0;0;0;5;0;0;0;0;0;0;0;0;0;0;;;;;0;0;0;0;3;;1;;76;;;;;;;;;;;;;;;;;;;;;;;;;;;;;;;;;;;;;;;;;;;;;;;;;;;;;;;;;;50;0;0;15;0;0;10;10;15;0;0;0;;;0;;;;;;26;24;1;"      1014";1;1;7591
"Spaarndammerbuurt-Zuidoost";"Amsterdam                               ";"Buurt     ";"BU0363EB10";"1";1010;495;520;90;100;400;260;160;690;225;80;20;450;205;350;450;65;145;145;205;;;;;625;380;140;110;1,6;20721;598;;51;;467;0;0;0;0;0;100;4;32;68;41;26;98;2;;;;;;;;;;;;;;;;;;;;;;;;;;;;;;;;;;;;;;;;;;;255;0;25;25;35;0;70;45;45;240;180;55;0,4;4878;30;0,4;0,4;0,2;0,9;14,4;6;5;1;"      1013";1;1;7508
"Houthavens";"Amsterdam                               ";"Wijk      ";"WK0363EC  ";"1";5475;2690;2780;890;580;2165;1260;575;3590;1500;310;70;2990;1080;1405;2990;320;615;765;790;;;;;2895;1435;755;700;1,9;13586;2657;;133;;857;5;5;0;0;0;95;6;50;49;19;31;13;87;;;;;;;;;;;;;;;;;;;;;;;;;;;;;;;;;;;;;;;;;;;1440;0;55;125;190;65;615;195;195;2330;1570;755;0,8;5781;130;0,4;0,9;0,4;0,4;9,2;92;40;52;"         .";;1;3939
"Houthavens-West";"Amsterdam                               ";"Buurt     ";"BU0363EC01";"1";4835;2355;2475;865;525;2015;1030;410;3190;1320;260;60;2600;960;1270;2605;275;555;685;715;;;;;2495;1215;630;650;1,9;12739;2303;;93;;875;6;6;0;0;0;94;6;49;50;17;33;0;100;;;;;;;;;;;;;;;;;;;;;;;;;;;;;;;;;;;;;;;;;;;1150;0;35;105;135;55;510;175;135;2115;1430;685;0,8;5575;110;0,3;0,9;0,4;0,4;9;66;38;28;"      1014";3;1;3790
"Houthavens-Oost";"Amsterdam                               ";"Buurt     ";"BU0363EC02";"1";640;335;305;30;55;155;230;170;395;180;50;15;390;120;135;385;40;60;75;80;;;;;400;225;125;50;1,6;27284;354;;40;;744;0;0;0;0;0;100;7;57;43;27;16;100;0;;;;;;;;;;;;;;;;;;;;;;;;;;;;;;;;;;;;;;;;;;;290;0;20;20;55;10;110;15;60;215;140;75;0,5;9123;20;0,7;1,1;0,8;0,9;10,7;26;2;23;"      1013";1;1;4764
"De Kolenkit";"Amsterdam                               ";"Wijk      ";"WK0363ED  ";"1";11785;5810;5980;1840;1865;4940;2140;1005;7855;2915;785;230;2840;1800;7150;2840;350;3375;1450;3775;;;;;6280;3565;1160;1555;1,9;16363;6095;;249;;419;4;4;0;0;0;96;7;20;80;57;23;66;34;;;;;;;;;;;;;;;;;;;;;;;;;;;;;;;;;;;;;;;;;;;1925;0;165;230;340;30;535;350;270;2440;1760;680;0,4;3385;200;0,6;0,4;0,5;0,5;31,2;74;72;2;"         .";;1;6642
"Kolenkitbuurt-Noord";"Amsterdam                               ";"Buurt     ";"BU0363ED01";"1";4645;2360;2290;865;680;1865;950;290;3005;1275;295;70;910;600;3135;910;120;1560;475;1575;;;;;2195;1065;400;730;2,1;15653;1912;;106;;440;6;6;0;0;0;94;5;15;85;69;16;57;43;;;;;;;;;;;;;;;;;;;;;;;;;;;;;;;;;;;;;;;;;;;715;0;75;75;140;5;185;120;115;980;705;275;0,4;3300;75;0,6;0,5;0,3;0,2;28,9;30;30;0;"      1061";1;1;6072
"Kolenkitbuurt-Zuid";"Amsterdam                               ";"Buurt     ";"BU0363ED02";"1";2220;1090;1130;335;285;890;460;250;1340;655;165;60;480;265;1470;485;65;670;195;805;;;;;1075;505;265;305;2;18177;1126;;48;;444;0;0;0;0;0;100;8;24;76;65;11;72;28;;;;;;;;;;;;;;;;;;;;;;;;;;;;;;;;;;;;;;;;;;;345;0;35;45;60;5;90;85;35;505;375;130;0,5;4122;40;0,4;0,2;0,4;0,4;30,8;13;12;1;"      1061";1;1;6421
"Laan van Spartaan";"Amsterdam                               ";"Buurt     ";"BU0363ED03";"1";2775;1350;1430;425;595;1185;395;175;2015;570;150;35;790;570;1415;790;90;640;480;770;;;;;1590;975;290;325;1,7;17363;1536;;43;;438;8;8;0;0;0;92;3;20;80;40;40;44;56;;;;;;;;;;;;;;;;;;;;;;;;;;;;;;;;;;;;;;;;;;;400;0;25;50;60;10;125;80;50;500;365;135;0,3;3140;35;0,8;0,5;1;1,1;33,2;17;16;1;"      1061";1;1;6230
"Robert Scottbuurt-West";"Amsterdam                               ";"Buurt     ";"BU0363ED04";"1";2145;1015;1135;210;310;1000;345;285;1490;410;175;70;655;370;1120;655;65;500;300;620;;;;;1420;1025;205;190;1,5;15159;1521;;52;;356;1;0;0;0;0;99;12;24;76;52;23;95;5;;;;;;;;;;;;;;;;;;;;;;;;;;;;;;;;;;;;;;;;;;;470;0;30;60;85;15;140;70;70;455;310;145;0,3;3206;50;0,4;0,5;0,5;0,6;34;15;14;1;"      1055";3;1;7950
"Landlust";"Amsterdam                               ";"Wijk      ";"WK0363EE  ";"1";19130;9615;9515;2380;2360;8485;4230;1680;13175;4250;1360;345;6510;3345;9275;6510;740;3470;2605;5805;;;;;10645;5785;2550;2305;1,8;18719;9849;;450;;435;1;1;0;0;0;99;4;31;69;42;27;99;1;;;;;;;;;;;;;;;;;;;;;;;;;;;;;;;;;;;;;;;;;;;3795;5;275;485;580;50;1145;585;680;3775;2960;815;0,4;3692;320;0,6;0,4;0,3;0,5;30,7;109;102;7;"         .";;1;7405
"Bosleeuw";"Amsterdam                               ";"Buurt     ";"BU0363EE01";"1";5975;3000;2975;780;960;2395;1305;540;3930;1550;380;110;1550;925;3495;1545;200;1270;725;2230;;;;;3235;1790;670;775;1,8;17507;2746;;140;;418;3;2;1;0;0;97;4;30;70;50;20;98;2;;;;;;;;;;;;;;;;;;;;;;;;;;;;;;;;;;;;;;;;;;;1025;0;80;135;165;5;285;165;185;1130;880;250;0,3;3318;85;0,7;0,4;0,3;0,4;30,8;34;34;0;"      1055";1;1;6636
"Gibraltarbuurt";"Amsterdam                               ";"Buurt     ";"BU0363EE02";"1";4135;2050;2090;480;425;1925;935;370;2935;780;350;70;1490;725;1925;1485;145;735;580;1190;;;;;2460;1375;615;470;1,7;21415;2357;;62;;394;0;0;0;0;0;100;4;24;76;45;32;100;0;;;;;;;;;;;;;;;;;;;;;;;;;;;;;;;;;;;;;;;;;;;815;0;75;105;110;10;215;135;160;785;620;165;0,3;4057;80;0,9;0,4;0,2;0,7;26,4;20;19;1;"      1055";1;1;5456
"Bedrijventerrein Landlust";"Amsterdam                               ";"Buurt     ";"BU0363EE03";"1";735;485;250;40;105;490;85;25;565;140;25;10;190;180;365;190;20;60;160;305;;;;;375;250;95;30;1,4;6832;360;;74;;409;1;0;0;0;0;99;6;49;51;10;41;100;0;;;;;;;;;;;;;;;;;;;;;;;;;;;;;;;;;;;;;;;;;;;370;0;30;55;70;10;115;30;65;160;110;50;0,4;1485;25;0,8;0,3;0,4;0,6;27,1;14;11;3;"      1055";1;1;5543
"Landlust-Noord";"Amsterdam                               ";"Buurt     ";"BU0363EE04";"1";2340;1135;1210;310;280;1055;485;210;1635;485;180;50;735;395;1210;735;85;505;315;705;;;;;1275;665;325;285;1,8;23898;1225;;64;;407;0;0;0;0;0;100;3;27;73;46;27;100;0;;;;;;;;;;;;;;;;;;;;;;;;;;;;;;;;;;;;;;;;;;;420;0;20;55;60;5;125;70;85;455;350;105;0,4;4631;30;0,4;0,4;0,3;0,4;32,3;10;10;0;"      1055";1;1;7651
"Erasmusparkbuurt-Oost";"Amsterdam                               ";"Buurt     ";"BU0363EE05";"1";1825;920;905;255;225;700;475;170;1215;450;125;35;750;330;740;750;95;310;235;435;;;;;945;445;235;265;1,9;21981;883;;22;;550;0;0;0;0;0;100;5;40;60;29;31;100;0;;;;;;;;;;;;;;;;;;;;;;;;;;;;;;;;;;;;;;;;;;;345;0;20;35;50;5;125;60;55;390;305;85;0,4;4690;30;0,2;0,5;0,3;0,5;33,7;9;8;1;"      1056";6;1;9242
"Landlust-Zuid";"Amsterdam                               ";"Buurt     ";"BU0363EE06";"1";4120;2035;2085;520;365;1930;945;360;2890;840;300;80;1795;785;1535;1800;190;600;595;935;;;;;2350;1255;615;480;1,8;20704;2278;;88;;474;0;0;0;0;0;100;4;36;64;35;29;100;0;;;;;;;;;;;;;;;;;;;;;;;;;;;;;;;;;;;;;;;;;;;830;0;50;100;130;15;285;130;125;855;690;165;0,4;4294;70;0,3;0,4;0,3;0,3;33,4;22;20;2;"      1056";5;1;9816
"Erasmuspark";"Amsterdam                               ";"Wijk      ";"WK0363EF  ";"1";5635;2690;2950;555;585;2860;1150;480;4060;1100;370;110;2440;1230;1970;2445;245;700;985;1265;;;;;3265;1640;1020;605;1,7;15546;3117;;136;;454;0;0;0;0;0;100;5;46;54;14;39;100;0;;;;;;;;;;;;;;;;;;;;;;;;;;;;;;;;;;;;;;;;;;;1215;0;95;140;150;15;375;200;245;1190;935;255;0,4;3279;105;0,3;0,5;0,3;0,5;34,7;41;36;4;"         .";;1;8470
"Robert Scottbuurt-Oost";"Amsterdam                               ";"Buurt     ";"BU0363EF01";"1";1660;805;860;160;210;780;350;170;1195;320;115;35;715;335;610;715;65;220;270;390;;;;;950;470;295;185;1,7;25105;932;;32;;456;0;0;0;0;0;100;7;33;66;24;42;100;0;;;;;;;;;;;;;;;;;;;;;;;;;;;;;;;;;;;;;;;;;;;345;0;35;40;35;5;100;50;75;335;265;70;0,3;5024;25;0,4;0,6;0,3;0,6;39,3;7;7;0;"      1056";1;1;8206
"Erasmusparkbuurt-West";"Amsterdam                               ";"Buurt     ";"BU0363EF02";"1";3975;1880;2090;400;380;2085;800;310;2865;780;255;70;1725;895;1355;1725;180;475;710;880;;;;;2310;1160;725;420;1,7;13408;2185;;104;;452;0;0;0;0;0;100;4;52;48;10;38;100;0;;;;;;;;;;;;;;;;;;;;;;;;;;;;;;;;;;;;;;;;;;;875;0;60;100;110;10;270;150;170;855;670;190;0,4;2889;75;0,3;0,5;0,3;0,5;32,7;34;30;4;"      1055";1;1;8581
"Centrale Markt";"Amsterdam                               ";"Wijk      ";"WK0363EG  ";"1";2330;1115;1220;240;235;775;690;390;1450;635;190;55;1115;410;810;1110;135;315;270;500;;;;;1265;640;305;320;1,8;4481;1244;;252;;573;0;0;0;0;0;100;4;39;61;43;17;100;0;;;;;;;;;;;;;;;;;;;;;;;;;;;;;;;;;;;;;;;;;;;615;0;30;120;95;20;165;90;95;565;385;180;0,4;1082;55;0,6;0,6;0,3;0,7;28,9;57;52;5;"         .";;1;9197
"Bedrijvencentrum Westerkwartier";"Amsterdam                               ";"Buurt     ";"BU0363EG01";"1";65;35;30;5;10;10;25;10;40;25;5;0;50;5;5;50;0;5;5;5;;;;;35;15;5;10;1,9;448;12;;119;;;;;;;;;;;;;;;;;;;;;;;;;;;;;;;;;;;;;;;;;;;;;;;;;;;;;;;;;;150;0;10;40;20;10;35;10;20;115;40;75;;;15;1,1;1,2;0,6;1,1;23,2;15;14;1;"      1051";1;1;6433
"GWL-terrein";"Amsterdam                               ";"Buurt     ";"BU0363EG02";"1";1225;575;650;145;145;305;420;205;725;360;115;25;620;185;420;625;70;170;115;245;;;;;625;275;145;200;2;19211;601;;25;;620;0;0;0;0;0;100;2;49;51;45;6;100;0;;;;;;;;;;;;;;;;;;;;;;;;;;;;;;;;;;;;;;;;;;;220;0;5;20;40;5;75;45;35;205;155;50;0,3;3186;25;0,5;0,7;0,4;0,6;26;7;6;0;"      1051";1;1;7333
"Markthallen";"Amsterdam                               ";"Buurt     ";"BU0363EG03";"1";20;10;10;5;0;5;10;0;10;5;0;0;15;5;0;10;0;0;0;0;;;;;10;5;0;5;2,1;66;0;;99;;;;;;;;;;;;;;;;;;;;;;;;;;;;;;;;;;;;;;;;;;;;;;;;;;;;;;;;;;85;0;5;50;5;5;5;0;10;40;20;20;;;0;0,4;0,5;0,3;0,6;31;28;26;3;"      1051";1;1;10144
"Marcanti";"Amsterdam                               ";"Buurt     ";"BU0363EG04";"1";1025;495;535;90;75;455;240;170;675;250;75;30;425;215;385;425;60;140;150;245;;;;;600;350;150;105;1,7;17661;631;;9;;527;0;0;0;0;0;100;5;30;69;43;27;100;0;;;;;;;;;;;;;;;;;;;;;;;;;;;;;;;;;;;;;;;;;;;160;0;10;10;25;0;55;35;30;205;170;35;0,3;3525;15;0,6;0,4;0,2;0,8;32,7;7;6;1;"      1051";1;1;11519
"Staatsliedenbuurt";"Amsterdam                               ";"Wijk      ";"WK0363EH  ";"1";12945;6485;6465;1175;1195;5495;3405;1670;9235;2505;1005;200;5630;2795;4520;5635;680;1665;2115;2855;;;;;8125;4965;1810;1345;1,6;27364;8043;;378;;470;0;0;0;0;0;100;5;30;69;48;22;100;0;;;;;;;;;;;;;;;;;;;;;;;;;;;;;;;;;;;;;;;;;;;3050;5;170;325;370;55;965;530;630;2510;2000;505;0,3;5301;315;0,3;0,4;0,2;0,4;24,2;53;47;6;"         .";;1;9378
"Westerstaatsman";"Amsterdam                               ";"Buurt     ";"BU0363EH01";"1";2825;1415;1410;270;245;1415;710;185;2140;505;165;15;1200;680;950;1200;155;340;525;605;;;;;1800;1150;380;280;1,6;28728;1802;;61;;431;0;0;0;0;0;100;4;39;61;36;25;100;0;;;;;;;;;;;;;;;;;;;;;;;;;;;;;;;;;;;;;;;;;;;765;0;40;80;95;10;245;125;170;560;465;90;0,3;5683;70;0,3;0,5;0,2;0,3;26,6;10;10;0;"      1051";1;1;8389
"Fannius Scholtenbuurt";"Amsterdam                               ";"Buurt     ";"BU0363EH02";"1";3630;1825;1800;325;295;1645;1000;365;2715;605;270;40;1485;825;1320;1480;190;490;635;830;;;;;2305;1445;490;375;1,6;34968;2329;;131;;436;0;0;0;0;0;100;6;31;69;50;19;99;1;;;;;;;;;;;;;;;;;;;;;;;;;;;;;;;;;;;;;;;;;;;860;0;50;95;100;15;275;145;185;660;525;135;0,3;6361;100;0,3;0,3;0,2;0,3;23,8;11;10;1;"      1051";1;1;9237
"Staatsliedenbuurt-Noordoost";"Amsterdam                               ";"Buurt     ";"BU0363EH03";"1";1220;605;615;115;90;365;310;335;735;270;165;45;490;200;525;495;50;180;155;340;;;;;770;480;150;140;1,6;20665;743;;29;;461;0;0;0;0;0;100;3;20;80;74;6;100;0;;;;;;;;;;;;;;;;;;;;;;;;;;;;;;;;;;;;;;;;;;;205;0;15;25;25;0;60;45;35;210;165;45;0,3;3560;25;0,4;0,3;0,3;0,5;20,7;7;6;1;"      1051";1;1;9252
"De Wittenbuurt-Noord";"Amsterdam                               ";"Buurt     ";"BU0363EH04";"1";1375;705;665;130;140;565;350;180;940;300;105;25;635;270;470;635;65;170;205;295;;;;;850;505;220;125;1,6;21576;838;;32;;499;0;0;0;0;0;100;8;25;75;45;30;100;0;;;;;;;;;;;;;;;;;;;;;;;;;;;;;;;;;;;;;;;;;;;375;0;20;40;45;5;120;60;90;260;205;55;0,3;4057;25;0,2;0,3;0,1;0,6;20,6;7;6;1;"      1052";1;1;9866
"De Wittenbuurt-Zuid";"Amsterdam                               ";"Buurt     ";"BU0363EH05";"1";780;380;395;55;85;210;215;220;495;180;85;20;355;145;280;360;45;100;95;175;;;;;520;340;105;80;1,5;21980;551;;17;;476;1;1;0;0;0;99;9;22;78;69;9;100;0;;;;;;;;;;;;;;;;;;;;;;;;;;;;;;;;;;;;;;;;;;;135;0;10;15;15;0;35;25;30;180;155;25;0,3;5038;15;0,3;0,2;0,2;0,5;21,8;5;4;1;"      1052";1;1;11090
"Buyskade e.o.";"Amsterdam                               ";"Buurt     ";"BU0363EH06";"1";3125;1550;1570;280;335;1290;825;385;2210;650;220;45;1465;670;980;1465;175;375;495;605;;;;;1870;1045;475;350;1,7;27643;1780;;108;;541;0;0;0;0;0;100;3;31;69;41;28;100;0;;;;;;;;;;;;;;;;;;;;;;;;;;;;;;;;;;;;;;;;;;;710;0;40;70;95;20;230;135;120;640;485;155;0,3;5686;80;0,3;0,7;0,4;0,5;25,9;13;11;2;"      1051";1;1;9841
"Frederik Hendrikbuurt";"Amsterdam                               ";"Wijk      ";"WK0363EJ  ";"1";8195;4100;4095;655;775;3660;1900;1195;5895;1475;665;160;3790;1725;2680;3790;425;925;1300;1750;;;;;5135;3170;1260;705;1,5;22871;5192;;206;;485;0;0;0;0;0;100;6;32;68;35;33;100;0;;;;;;;;;;;;;;;;;;;;;;;;;;;;;;;;;;;;;;;;;;;1830;0;85;260;220;50;605;260;345;1585;1220;360;0,3;4419;195;0,5;0,3;0,3;0,5;30,7;42;36;6;"         .";;1;11967
"Frederik Hendrikbuurt-Noord";"Amsterdam                               ";"Buurt     ";"BU0363EJ01";"1";3870;1860;2000;345;395;1790;825;510;2820;725;280;50;1835;865;1165;1835;210;430;650;735;;;;;2385;1370;640;370;1,6;21136;2326;;64;;502;0;0;0;0;0;100;5;31;68;32;37;100;0;;;;;;;;;;;;;;;;;;;;;;;;;;;;;;;;;;;;;;;;;;;845;0;35;115;100;20;280;125;175;750;580;170;0,3;4088;85;0,5;0,4;0,2;0,7;27,8;21;18;3;"      1052";1;1;11747
"Frederik Hendrikbuurt-Zuidwest";"Amsterdam                               ";"Buurt     ";"BU0363EJ02";"1";1215;585;625;75;110;355;330;345;730;285;120;75;605;215;395;605;70;140;145;255;;;;;705;400;195;115;1,6;19394;796;;28;;513;2;1;0;0;0;98;8;35;65;39;26;100;0;;;;;;;;;;;;;;;;;;;;;;;;;;;;;;;;;;;;;;;;;;;225;0;10;15;30;5;95;25;40;265;205;60;0,4;4225;35;0,5;0,3;0,4;0,6;32,2;8;6;2;"      1052";1;1;12031
"Frederik Hendrikbuurt-Zuidoost";"Amsterdam                               ";"Buurt     ";"BU0363EJ03";"1";3115;1645;1465;230;270;1515;750;345;2345;470;265;35;1350;640;1120;1355;140;350;505;770;;;;;2045;1390;430;225;1,5;27613;2070;;114;;456;0;0;0;0;0;100;6;31;69;38;30;100;0;;;;;;;;;;;;;;;;;;;;;;;;;;;;;;;;;;;;;;;;;;;760;0;40;130;95;25;230;110;130;570;440;130;0,3;5063;70;0,4;0,3;0,3;0,4;33,6;12;11;1;"      1052";1;1;12181
"Van Galenbuurt";"Amsterdam                               ";"Wijk      ";"WK0363EK  ";"1";8220;4710;3510;830;925;3665;2180;620;6070;1110;935;100;2550;1145;4525;2555;245;1755;900;2765;;;;;3305;1935;800;565;1,6;28490;3233;;132;;431;0;0;0;0;0;100;5;24;75;48;27;100;0;;;;;;;;;;;;;;;;;;;;;;;;;;;;;;;;;;;;;;;;;;;1170;0;90;180;130;15;340;160;250;1255;1030;225;0,4;4343;150;0,6;0,7;0,5;0,7;38;29;29;1;"         .";;1;9648
"Mercatorpark";"Amsterdam                               ";"Buurt     ";"BU0363EK01";"1";2840;2060;785;295;340;1205;950;45;2195;155;490;10;390;275;2175;385;65;840;215;1345;;;;;0;0;0;0;;29486;1;;15;;;;;;;;;;;;;;;;;;;;;;;;;;;;;;;;;;;;;;;;;;;;;;;;;;;;;;;;;;100;0;15;15;15;0;30;5;20;230;180;45;;;35;0,6;0,9;0,4;0,9;38;10;10;0;"      1056";2;1;7720
"Orteliusbuurt-Noord";"Amsterdam                               ";"Buurt     ";"BU0363EK02";"1";1300;630;665;125;125;615;270;160;920;225;120;30;570;205;525;570;35;205;165;315;;;;;795;455;215;125;1,6;30450;780;;11;;435;0;0;0;0;0;100;4;32;68;47;21;100;0;;;;;;;;;;;;;;;;;;;;;;;;;;;;;;;;;;;;;;;;;;;230;0;10;30;25;5;75;40;40;245;210;35;0,3;5794;35;0,4;0,5;0,6;0,8;38,7;4;4;0;"      1056";1;1;8385
"Jan Maijenbuurt";"Amsterdam                               ";"Buurt     ";"BU0363EK03";"1";2210;1080;1130;235;245;960;550;225;1575;415;185;35;765;330;1105;770;75;440;260;670;;;;;1345;800;295;255;1,6;28199;1319;;58;;422;0;0;0;0;0;100;4;24;76;53;23;100;0;;;;;;;;;;;;;;;;;;;;;;;;;;;;;;;;;;;;;;;;;;;405;0;35;75;45;5;100;50;90;390;320;70;0,3;5002;35;0,5;0,6;0,6;0,7;38,3;8;8;0;"      1056";1;1;9572
"John Franklinbuurt";"Amsterdam                               ";"Buurt     ";"BU0363EK04";"1";1870;940;930;175;210;885;410;190;1380;320;145;30;825;330;710;825;75;275;255;435;;;;;1160;685;295;185;1,6;26286;1133;;48;;439;0;0;0;0;0;100;6;20;80;43;37;100;0;;;;;;;;;;;;;;;;;;;;;;;;;;;;;;;;;;;;;;;;;;;440;0;30;60;45;10;130;60;105;385;315;70;0,3;5429;45;0,7;0,6;0,3;0,3;37,3;7;7;0;"      1056";1;1;10608
"Geuzenbuurt";"Amsterdam                               ";"Wijk      ";"WK0363EL  ";"1";6560;3115;3450;660;790;3195;1320;595;4895;1175;395;105;3225;1405;1930;3230;325;715;1075;1215;;;;;3940;2170;1135;635;1,7;23822;3777;;144;;501;0;0;0;0;0;100;7;34;66;19;47;99;1;;;;;;;;;;;;;;;;;;;;;;;;;;;;;;;;;;;;;;;;;;;1500;0;70;195;175;35;525;210;285;1285;1025;255;0,3;4657;125;0,5;0,4;0,2;0,5;35,1;29;28;2;"         .";;1;11398
"Pieter van der Doesbuurt";"Amsterdam                               ";"Buurt     ";"BU0363EL01";"1";1860;900;955;185;240;825;435;180;1360;340;125;35;775;405;680;775;80;260;325;420;;;;;1100;595;315;195;1,7;26027;1053;;41;;481;0;0;0;0;0;100;6;19;81;40;41;97;3;;;;;;;;;;;;;;;;;;;;;;;;;;;;;;;;;;;;;;;;;;;385;0;30;50;45;10;110;65;80;360;275;85;0,3;5048;40;0,6;0,5;0,2;0,4;35;7;7;0;"      1056";1;1;10728
"Trompbuurt";"Amsterdam                               ";"Buurt     ";"BU0363EL02";"1";3035;1425;1610;355;360;1445;585;290;2185;625;180;50;1575;600;865;1570;160;345;445;520;;;;;1710;860;515;330;1,8;24666;1640;;92;;552;0;0;0;0;0;100;8;34;65;17;49;100;0;;;;;;;;;;;;;;;;;;;;;;;;;;;;;;;;;;;;;;;;;;;735;0;30;90;90;20;275;100;135;600;480;120;0,3;4858;50;0,3;0,3;0,2;0,4;36,2;12;12;0;"      1056";1;1;11592
"Geuzenhofbuurt";"Amsterdam                               ";"Buurt     ";"BU0363EL03";"1";1670;785;885;120;195;935;295;125;1355;210;90;20;880;405;390;880;95;110;310;280;;;;;1130;715;305;110;1,5;20603;1084;;11;;444;0;0;0;0;0;100;5;49;51;2;48;100;0;;;;;;;;;;;;;;;;;;;;;;;;;;;;;;;;;;;;;;;;;;;375;0;15;55;40;10;140;45;70;325;270;55;0,3;4007;35;0,8;0,5;0,4;0,8;33,2;9;8;1;"      1056";1;1;11757
"Hoofdweg e.o.";"Amsterdam                               ";"Wijk      ";"WK0363EM  ";"1";10045;4915;5130;995;1160;4570;2240;1075;7135;1880;825;200;4075;1770;4200;4080;400;1615;1365;2590;;;;;5945;3330;1565;1055;1,7;25164;5817;;318;;447;0;0;0;0;0;100;5;24;76;38;39;100;0;;;;;;;;;;;;;;;;;;;;;;;;;;;;;;;;;;;;;;;;;;;2095;0;145;300;230;30;610;370;410;2040;1610;430;0,3;5107;205;0,4;0,4;0,4;0,5;38,7;42;40;2;"         .";;1;10540
"Orteliusbuurt-Midden";"Amsterdam                               ";"Buurt     ";"BU0363EM01";"1";1850;910;940;175;190;860;435;185;1375;315;140;25;850;360;640;850;85;215;270;430;;;;;1140;640;310;185;1,6;30340;1114;;44;;452;0;0;0;0;0;100;4;31;69;33;36;100;0;;;;;;;;;;;;;;;;;;;;;;;;;;;;;;;;;;;;;;;;;;;395;0;25;45;40;10;135;65;80;380;310;70;0,3;6222;50;0,4;0,5;0,4;0,7;38,2;6;6;0;"      1057";1;1;9289
"Balboaplein e.o.";"Amsterdam                               ";"Buurt     ";"BU0363EM02";"1";2950;1410;1540;275;390;1365;655;260;2120;530;255;50;1190;490;1270;1190;105;510;380;760;;;;;1720;925;500;300;1,7;25269;1671;;145;;446;0;0;0;0;0;100;5;22;78;32;46;100;0;;;;;;;;;;;;;;;;;;;;;;;;;;;;;;;;;;;;;;;;;;;675;0;50;110;65;10;190;120;130;575;450;125;0,3;4929;60;0,4;0,4;0,3;0,4;38,2;12;12;0;"      1057";1;1;10925
"Orteliusbuurt-Zuid";"Amsterdam                               ";"Buurt     ";"BU0363EM03";"1";1850;880;975;145;190;895;350;275;1310;340;140;60;785;430;635;785;80;230;355;405;;;;;1090;625;315;150;1,6;24069;1072;;32;;451;0;0;0;0;0;100;7;28;72;21;50;100;0;;;;;;;;;;;;;;;;;;;;;;;;;;;;;;;;;;;;;;;;;;;350;0;20;45;40;5;110;65;65;335;265;70;0,3;4349;30;0,4;0,3;0,4;0,5;39,6;8;8;1;"      1057";1;1;10316
"Columbusplein e.o.";"Amsterdam                               ";"Buurt     ";"BU0363EM04";"1";3395;1720;1675;395;385;1450;805;360;2335;700;290;65;1250;495;1650;1255;135;655;360;995;;;;;1995;1135;445;420;1,7;23482;1960;;97;;444;0;0;0;0;0;100;5;18;82;55;27;100;0;;;;;;;;;;;;;;;;;;;;;;;;;;;;;;;;;;;;;;;;;;;680;0;50;100;85;10;180;120;135;750;585;165;0,4;5186;65;0,5;0,5;0,5;0,4;39;16;14;1;"      1057";1;1;11024
"Chassébuurt";"Amsterdam                               ";"Wijk      ";"WK0363EN  ";"1";5945;2895;3055;775;750;2370;1420;630;4040;1370;415;125;2455;1085;2410;2455;300;1010;790;1395;;;;;3190;1595;790;805;1,9;23462;3005;;184;;536;2;1;0;0;0;98;5;30;70;40;31;100;0;;;;;;;;;;;;;;;;;;;;;;;;;;;;;;;;;;;;;;;;;;;1295;0;80;180;130;30;425;185;270;1180;930;250;0,4;4654;145;0,4;0,4;0,3;0,4;38;28;25;2;"         .";;1;12048
"Filips van Almondekwartier";"Amsterdam                               ";"Buurt     ";"BU0363EN01";"1";1085;545;540;120;120;525;220;100;785;215;70;15;530;215;340;525;50;140;160;200;;;;;635;345;175;110;1,7;25960;587;;43;;525;0;0;0;0;0;100;5;39;61;26;35;100;0;;;;;;;;;;;;;;;;;;;;;;;;;;;;;;;;;;;;;;;;;;;255;0;20;35;20;5;95;35;45;225;180;45;0,4;5365;20;0,6;0,3;0,2;0,2;37,9;5;4;0;"      1057";1;1;11139
"Kortenaerkwartier";"Amsterdam                               ";"Buurt     ";"BU0363EN02";"1";2185;1055;1130;265;320;855;515;235;1530;485;130;40;1020;465;705;1020;125;280;340;425;;;;;1185;590;310;285;1,8;22760;1082;;67;;565;5;3;1;0;0;95;5;33;67;31;36;100;0;;;;;;;;;;;;;;;;;;;;;;;;;;;;;;;;;;;;;;;;;;;535;0;25;75;50;20;170;85;115;445;340;105;0,4;4639;65;0,5;0,4;0,1;0,3;37,5;10;10;0;"      1057";1;1;12232
"Van Brakelkwartier";"Amsterdam                               ";"Buurt     ";"BU0363EN03";"1";970;440;525;145;130;320;265;110;620;240;75;30;320;125;530;315;35;220;90;305;;;;;475;205;110;155;2;21621;472;;21;;504;0;0;0;0;0;100;5;18;82;48;34;100;0;;;;;;;;;;;;;;;;;;;;;;;;;;;;;;;;;;;;;;;;;;;160;0;15;25;15;0;45;20;40;185;150;35;0,4;4150;20;0,1;0,5;0,4;0,5;38,8;5;4;1;"      1057";1;1;11702
"De Wester Quartier";"Amsterdam                               ";"Buurt     ";"BU0363EN04";"1";1705;855;855;240;195;670;420;185;1105;425;135;40;590;280;835;590;85;370;200;470;;;;;900;455;195;250;1,9;24106;864;;53;;524;0;0;0;0;0;100;6;25;75;55;20;100;0;;;;;;;;;;;;;;;;;;;;;;;;;;;;;;;;;;;;;;;;;;;345;0;25;40;40;5;115;45;70;325;265;60;0,4;4575;40;0,4;0,6;0,4;0,4;38,3;8;7;1;"      1057";1;1;12629
"Bellamybuurt";"Amsterdam                               ";"Wijk      ";"WK0363EP  ";"1";6250;3075;3175;620;670;2965;1345;650;4685;1055;420;85;2925;1330;1995;2925;290;735;1040;1260;;;;;3875;2295;1020;560;1,6;24791;3900;;422;;528;2;2;0;0;0;98;10;26;74;35;39;91;9;;;;;;;;;;;;;;;;;;;;;;;;;;;;;;;;;;;;;;;;;;;1660;0;80;310;175;30;525;225;310;1100;875;225;0,3;4363;140;0,4;0,3;0,3;0,5;40,4;27;25;2;"         .";;1;12349
"Bellamybuurt-Noord";"Amsterdam                               ";"Buurt     ";"BU0363EP01";"1";2390;1180;1215;240;275;1080;520;275;1790;415;145;40;1195;490;705;1195;110;285;385;420;;;;;1450;805;400;240;1,7;24907;1396;;120;;556;1;1;0;0;0;99;7;25;75;32;43;100;0;;;;;;;;;;;;;;;;;;;;;;;;;;;;;;;;;;;;;;;;;;;600;0;30;90;55;5;200;115;110;425;345;80;0,3;4406;50;0,4;0,4;0,2;0,5;41,5;11;10;1;"      1053";2;1;12496
"Bellamybuurt-Zuid";"Amsterdam                               ";"Buurt     ";"BU0363EP02";"1";3860;1900;1960;385;400;1885;825;375;2890;640;280;45;1730;835;1290;1730;180;450;655;845;;;;;2430;1490;620;315;1,5;24719;2504;;302;;513;2;2;0;0;0;98;11;26;74;37;37;86;14;;;;;;;;;;;;;;;;;;;;;;;;;;;;;;;;;;;;;;;;;;;1060;0;55;220;120;25;330;110;200;675;530;145;0,3;4337;85;0,4;0,3;0,4;0,5;39,6;16;16;1;"      1053";1;1;12269
"Da Costabuurt";"Amsterdam                               ";"Wijk      ";"WK0363EQ  ";"1";4710;2305;2400;365;515;2165;1005;660;3365;950;310;85;2330;1130;1250;2330;250;435;880;815;;;;;2940;1680;825;430;1,6;21678;2770;;286;;581;0;0;0;0;0;100;7;34;66;22;44;100;0;;;;;;;;;;;;;;;;;;;;;;;;;;;;;;;;;;;;;;;;;;;1365;0;70;240;125;45;400;175;310;970;740;230;0,3;4459;120;0,3;0,2;0,2;0,4;38,7;26;22;4;"         .";;1;12301
"Da Costabuurt-Noord";"Amsterdam                               ";"Buurt     ";"BU0363EQ01";"1";4710;2310;2400;365;515;2160;1005;660;3365;955;310;85;2335;1135;1250;2330;250;435;880;815;;;;;2940;1680;825;430;1,6;21678;2770;;286;;581;0;0;0;0;0;100;7;34;66;22;44;100;0;;;;;;;;;;;;;;;;;;;;;;;;;;;;;;;;;;;;;;;;;;;1365;0;70;240;125;45;400;175;310;970;740;230;0,3;4459;120;0,3;0,2;0,2;0,4;38,7;26;22;4;"      1053";3;1;12301
"Westindische Buurt";"Amsterdam                               ";"Wijk      ";"WK0363ER  ";"1";6730;3180;3545;775;710;3280;1305;660;4875;1310;420;125;3440;1425;1865;3435;340;720;1090;1140;;;;;3845;1900;1230;720;1,7;21127;3687;;142;;534;1;1;0;0;0;99;5;34;66;16;50;100;0;;;;;;;;;;;;;;;;;;;;;;;;;;;;;;;;;;;;;;;;;;;1415;0;65;190;155;30;495;250;235;1445;1145;300;0,4;4530;140;0,5;0,4;0,2;0,5;40,9;35;32;3;"         .";;1;9686
"Postjeskade e.o.";"Amsterdam                               ";"Buurt     ";"BU0363ER01";"1";2955;1380;1575;315;300;1425;585;330;2125;560;210;60;1605;560;785;1605;135;300;430;485;;;;;1745;905;535;305;1,7;18215;1682;;34;;521;1;0;0;0;0;99;6;29;71;18;54;100;0;;;;;;;;;;;;;;;;;;;;;;;;;;;;;;;;;;;;;;;;;;;615;0;35;80;55;10;215;105;115;645;510;135;0,4;3963;60;0,7;0,6;0,3;0,4;40,3;18;16;1;"      1058";1;1;9137
"Paramariboplein e.o.";"Amsterdam                               ";"Buurt     ";"BU0363ER02";"1";3775;1800;1970;460;410;1855;715;335;2750;745;210;70;1830;865;1080;1830;205;420;660;655;;;;;2105;1000;695;415;1,8;24150;2005;;108;;545;1;1;0;0;0;99;4;38;62;14;47;100;0;;;;;;;;;;;;;;;;;;;;;;;;;;;;;;;;;;;;;;;;;;;800;0;35;110;95;20;275;140;125;800;635;165;0,4;5119;80;0,3;0,3;0,1;0,6;41,4;17;16;2;"      1058";1;1;10132
"Van Lennepbuurt";"Amsterdam                               ";"Wijk      ";"WK0363ES  ";"1";6910;3385;3525;560;725;2865;1625;1135;4825;1275;615;190;2775;1290;2845;2780;300;985;985;1865;;;;;4515;2975;890;650;1,5;27663;4423;;327;;478;0;0;0;0;0;100;6;26;74;50;24;99;1;;;;;;;;;;;;;;;;;;;;;;;;;;;;;;;;;;;;;;;;;;;1495;0;65;255;165;40;465;235;270;1245;995;250;0,3;4986;120;0,4;0,3;0,4;0,4;39,7;29;25;4;"         .";;1;11259
"Lootsbuurt";"Amsterdam                               ";"Buurt     ";"BU0363ES01";"1";1855;945;910;160;155;855;460;220;1360;310;150;30;785;320;750;780;65;265;255;480;;;;;1255;835;235;180;1,5;29232;1225;;97;;457;0;0;0;0;0;100;5;24;76;52;24;97;3;;;;;;;;;;;;;;;;;;;;;;;;;;;;;;;;;;;;;;;;;;;420;0;20;65;50;10;125;75;75;345;290;55;0,3;5434;25;0,4;0,4;0,4;0,4;38,2;7;6;1;"      1053";1;1;10620
"Borgerbuurt";"Amsterdam                               ";"Buurt     ";"BU0363ES02";"1";2820;1335;1490;260;275;870;700;710;1735;605;350;135;1005;425;1390;1010;130;490;295;900;;;;;1750;1130;315;310;1,6;24903;1721;;102;;480;0;0;0;0;0;100;5;19;81;73;8;100;0;;;;;;;;;;;;;;;;;;;;;;;;;;;;;;;;;;;;;;;;;;;465;0;20;85;60;5;135;100;65;520;415;105;0,3;4570;60;0,4;0,2;0,4;0,4;38,3;12;11;1;"      1053";1;1;11280
"Da Costabuurt-Zuid";"Amsterdam                               ";"Buurt     ";"BU0363ES03";"1";2225;1105;1125;145;295;1135;460;200;1730;360;115;20;990;535;700;990;105;225;435;480;;;;;1510;1015;345;160;1,5;30591;1477;;128;;492;0;0;0;0;0;100;7;35;64;22;43;100;0;;;;;;;;;;;;;;;;;;;;;;;;;;;;;;;;;;;;;;;;;;;615;0;30;105;55;25;205;65;130;380;290;90;0,3;5245;35;0,4;0,3;0,4;0,4;42,6;9;7;2;"      1053";1;1;11756
"Overtoomse Sluis";"Amsterdam                               ";"Wijk      ";"WK0363ET  ";"1";7675;3695;3975;730;730;3720;1640;855;5590;1515;455;120;3705;1935;2040;3700;460;685;1480;1355;;;;;4770;2795;1250;725;1,6;25759;4669;;285;;587;1;1;0;0;0;99;7;37;63;20;43;100;0;;;;;;;;;;;;;;;;;;;;;;;;;;;;;;;;;;;;;;;;;;;2025;0;90;255;205;60;750;285;375;1485;1130;355;0,3;4981;180;0,8;0,4;0,3;0,6;39,9;31;30;1;"         .";;1;9556
"Cremerbuurt-West";"Amsterdam                               ";"Buurt     ";"BU0363ET01";"1";5580;2715;2860;520;510;2815;1200;545;4175;1030;320;65;2610;1450;1520;2615;345;480;1105;1040;;;;;3495;2065;910;520;1,6;28368;3422;;195;;556;0;0;0;0;0;100;7;34;66;19;47;100;0;;;;;;;;;;;;;;;;;;;;;;;;;;;;;;;;;;;;;;;;;;;1465;0;70;185;150;45;535;205;275;1055;815;245;0,3;5367;135;0,7;0,4;0,3;0,5;40,3;21;20;1;"      1054";1;1;9800
"Vondelparkbuurt-West";"Amsterdam                               ";"Buurt     ";"BU0363ET02";"1";2095;980;1115;210;220;905;440;310;1415;485;135;55;1085;490;515;1090;115;200;375;320;;;;;1280;730;340;200;1,6;20685;1247;;90;;674;3;2;0;0;0;97;8;44;56;23;33;100;0;;;;;;;;;;;;;;;;;;;;;;;;;;;;;;;;;;;;;;;;;;;560;0;20;70;55;15;215;85;105;430;320;110;0,3;4230;45;0,9;0,6;0,1;0,9;39;10;10;0;"      1054";1;1;8893
"Helmersbuurt";"Amsterdam                               ";"Wijk      ";"WK0363EU  ";"1";7400;3640;3760;700;835;3195;1685;990;5265;1540;475;115;3845;1670;1880;3845;405;680;1270;1200;;;;;4565;2670;1175;725;1,6;22098;4470;;817;;646;1;1;0;0;0;99;10;35;65;26;39;100;0;;;;;;;;;;;;;;;;;;;;;;;;;;;;;;;;;;;;;;;;;;;2340;0;100;305;260;85;795;370;425;1615;1180;430;0,4;4817;160;0,4;0,3;0,3;0,6;40,3;35;33;1;"         .";;1;10611
"Cremerbuurt-Oost";"Amsterdam                               ";"Buurt     ";"BU0363EU01";"1";2250;1140;1110;210;255;1065;540;180;1705;415;110;20;1185;505;555;1185;125;195;380;365;;;;;1395;815;365;215;1,6;33399;1359;;63;;596;0;0;0;0;0;100;9;40;60;16;44;100;0;;;;;;;;;;;;;;;;;;;;;;;;;;;;;;;;;;;;;;;;;;;685;0;40;95;85;20;250;95;95;445;340;105;0,3;6638;35;0,5;0,3;0,5;0,5;40,3;7;7;0;"      1054";1;1;10589
"WG-terrein";"Amsterdam                               ";"Buurt     ";"BU0363EU02";"1";2550;1255;1295;225;230;900;640;550;1695;555;240;60;1285;510;755;1285;135;285;380;470;;;;;1660;1055;365;240;1,5;15567;1692;;630;;616;1;1;0;0;0;99;11;26;73;53;20;100;0;;;;;;;;;;;;;;;;;;;;;;;;;;;;;;;;;;;;;;;;;;;970;0;30;90;100;30;300;190;235;585;445;140;0,4;3581;60;0,3;0,4;0,3;0,9;38,4;17;16;0;"      1054";1;1;10668
"Helmersbuurt-Oost";"Amsterdam                               ";"Buurt     ";"BU0363EU03";"1";2600;1240;1360;265;345;1230;505;255;1865;580;125;30;1375;655;570;1375;140;200;515;365;;;;;1515;795;445;270;1,7;25088;1419;;124;;729;1;1;0;0;0;99;8;41;59;3;56;100;0;;;;;;;;;;;;;;;;;;;;;;;;;;;;;;;;;;;;;;;;;;;685;0;30;115;75;35;245;85;95;580;395;185;0,4;5589;65;0,3;0,3;0,2;0,5;42,2;11;10;1;"      1054";1;1;10547
"Vondelparkbuurt";"Amsterdam                               ";"Wijk      ";"WK0363EV  ";"1";1825;920;910;165;245;590;445;380;1160;440;155;75;900;415;515;895;90;185;325;330;;;;;1045;610;250;195;1,7;8424;984;;173;;1091;9;7;1;1;1;91;14;46;54;16;38;100;0;;;;;;;;;;;;;;;;;;;;;;;;;;;;;;;;;;;;;;;;;;;670;0;25;105;45;45;255;95;95;520;360;155;0,5;2388;60;0,5;0,4;0,3;1;40;22;22;0;"         .";;1;9966
"Vondelparkbuurt-Midden";"Amsterdam                               ";"Buurt     ";"BU0363EV01";"1";925;445;485;105;125;265;220;215;585;210;85;45;465;185;270;465;50;105;135;160;;;;;490;280;105;110;1,7;10176;455;;47;;978;12;9;1;1;1;88;10;38;62;25;37;100;0;;;;;;;;;;;;;;;;;;;;;;;;;;;;;;;;;;;;;;;;;;;300;0;10;25;15;15;130;50;50;235;175;60;0,5;2591;30;0,4;0,5;0,3;1,2;36,5;9;9;0;"      1054";1;1;9810
"Vondelparkbuurt-Oost";"Amsterdam                               ";"Buurt     ";"BU0363EV02";"1";900;475;420;65;120;325;225;165;570;230;70;30;425;225;245;430;35;80;190;170;;;;;555;330;145;90;1,6;7155;529;;126;;1187;7;5;1;1;1;93;17;52;47;8;39;100;0;;;;;;;;;;;;;;;;;;;;;;;;;;;;;;;;;;;;;;;;;;;370;0;15;80;30;30;125;45;50;280;185;95;0,5;2242;30;0,5;0,2;0,4;0,8;43,5;13;13;0;"      1054";1;1;10085
"Sloterdijk Nieuw-West";"Amsterdam                               ";"Wijk      ";"WK0363FA  ";"1";1830;1015;820;105;360;1150;185;30;1470;275;80;5;460;580;785;460;45;255;535;535;;;;;1320;935;295;85;1,4;254;1372;;1694;;319;0;0;0;0;0;100;19;16;84;9;75;25;75;;;;;;;;;;;;;;;;;;;;;;;;;;;;;;;;;;;;;;;;;;;2765;0;385;610;420;190;770;205;185;2615;1065;1555;2;364;115;1,9;1,2;0,6;1,6;17,8;770;719;51;"         .";;2;2059
"Sloterdijk De Heining";"Amsterdam                               ";"Buurt     ";"BU0363FA01";"1";25;15;15;5;5;5;10;5;15;10;5;0;20;5;5;20;0;0;5;0;;;;;10;5;5;5;2,3;27;2;;116;;;;;;;;;;;;;;;;;;;;;;;;;;;;;;;;;;;;;;;;;;;;;;;;;;;;;;;;;;95;0;15;40;5;10;10;0;15;50;30;15;;;0;4,9;4,6;4,6;4,1;0;113;100;12;"      1047";1;5;150
"Sloterdijk Poort-Noord";"Amsterdam                               ";"Buurt     ";"BU0363FA02";"1";20;15;5;0;0;5;15;0;15;0;5;0;10;5;0;10;0;0;5;5;;;;;20;15;0;0;1;13;0;;33;;;;;;;;;;;;;;;;;;;;;;;;;;;;;;;;;;;;;;;;;;;;;;;;;;;;;;;;;;55;0;5;10;15;5;10;5;5;35;10;25;;;0;3,1;2,9;2,8;2,8;1;144;139;5;"      1046";1;5;180
"Sloterdijk Poort-Zuid";"Amsterdam                               ";"Buurt     ";"BU0363FA03";"1";95;70;20;0;45;30;15;5;75;5;10;0;20;20;55;20;0;25;15;25;;;;;85;75;5;0;1,1;65;29;;737;;;3;0;3;0;0;97;38;3;97;0;97;97;3;;;;;;;;;;;;;;;;;;;;;;;;;;;;;;;;;;;;;;;;;;;1300;0;275;320;175;45;340;95;50;735;215;515;;;55;3;2,7;2,7;2,7;1,9;147;144;3;"      1046";1;5;361
"Sloterdijk Rhônepark";"Amsterdam                               ";"Buurt     ";"BU0363FA04";"1";0;0;0;0;0;0;0;0;0;0;0;0;0;0;0;0;0;0;0;0;;;;;5;0;0;0;2;;7;;78;;;;;;;;;;;;;;;;;;;;;;;;;;;;;;;;;;;;;;;;;;;;;;;;;;;;;;;;;;150;0;20;40;15;0;35;10;20;630;275;350;;;25;;;;;;31;31;0;"      1043";1;3;1342
"Sloterdijk Donauhoek";"Amsterdam                               ";"Buurt     ";"BU0363FA05";"1";15;10;5;0;5;10;5;0;15;0;0;0;0;10;10;0;0;0;10;10;;;;;15;15;0;0;1;103;2;;66;;;;;;;;;;;;;;;;;;;;;;;;;;;;;;;;;;;;;;;;;;;;;;;;;;;;;;;;;;160;0;10;30;35;20;55;5;5;30;20;10;;;0;2,4;0,5;1;2,1;10,6;15;15;0;"      1043";1;4;585
"Bretten-West";"Amsterdam                               ";"Buurt     ";"BU0363FA06";"1";0;0;0;0;0;0;0;0;0;0;0;0;0;0;0;0;0;0;0;0;;;;;0;0;0;0;;;0;;1;;;;;;;;;;;;;;;;;;;;;;;;;;;;;;;;;;;;;;;;;;;;;;;;;;;;;;;;;;0;;;;;;;;;0;0;0;;;0;;;;;;149;127;23;"      1046";1;5;206
"Bretten-Oost";"Amsterdam                               ";"Buurt     ";"BU0363FA07";"1";0;0;0;0;0;0;0;0;0;0;0;0;0;0;0;0;0;0;0;0;;;;;0;0;0;0;;;0;;11;;;;;;;;;;;;;;;;;;;;;;;;;;;;;;;;;;;;;;;;;;;;;;;;;;;;;;;;;;5;;;;;;;;;0;0;0;;;0;;;;;;84;78;7;"      1043";1;1;2559
"Sloterdijk Stationskwartier";"Amsterdam                               ";"Buurt     ";"BU0363FA08";"1";1675;905;775;100;315;1100;145;20;1345;260;65;5;405;540;720;410;35;225;505;495;;;;;1190;815;290;80;1,4;1964;1332;;652;;317;0;0;0;0;0;100;18;17;83;9;75;23;77;;;;;;;;;;;;;;;;;;;;;;;;;;;;;;;;;;;;;;;;;;;1000;0;55;165;175;110;315;90;85;1145;510;635;1;1342;30;1,8;1;0,4;1,5;19,2;86;85;1;"      1043";1;1;2948
"Geuzenveld";"Amsterdam                               ";"Wijk      ";"WK0363FB  ";"1";19420;9795;9620;3980;2675;5910;4425;2425;10715;6580;1570;555;3835;1795;13790;3835;445;7260;1350;6535;;;;;8160;3325;1550;3285;2,3;5577;7475;;471;;400;32;25;6;0;0;68;4;27;73;61;12;90;10;;;;;;;;;;;;;;;;;;;;;;;;;;;;;;;;;;;;;;;;;;;2890;10;705;320;555;30;560;515;200;6085;4530;1560;0,7;1748;375;0,6;0,4;0,3;0,4;14,3;383;348;35;"         .";;1;2895
"Osdorper Binnenpolder";"Amsterdam                               ";"Buurt     ";"BU0363FB01";"1";20;10;10;0;0;0;10;10;10;10;0;0;15;5;5;15;0;5;0;0;;;;;15;10;5;5;1,5;12;11;;77;;;;;;;;;;;;;;;;;;;;;;;;;;;;;;;;;;;;;;;;;;;;;;;;;;;;;;;;;;50;5;5;0;5;0;10;5;15;50;45;5;;;0;2;1,8;1,5;1,8;5,5;210;186;25;"      1067";1;4;678
"De Eendracht";"Amsterdam                               ";"Buurt     ";"BU0363FB02";"1";2425;1200;1230;460;260;625;590;495;1125;1030;165;100;830;230;1365;825;75;790;160;580;;;;;1000;305;275;415;2,4;7863;923;;8;;465;74;62;12;0;0;26;2;52;48;44;4;100;0;;;;;;;;;;;;;;;;;;;;;;;;;;;;;;;;;;;;;;;;;;;310;0;90;35;45;5;65;55;20;975;745;230;1;3155;65;0,9;0,8;0,3;0,9;10,6;32;31;1;"      1067";1;2;1775
"Ruys de Beerenbrouckbuurt";"Amsterdam                               ";"Buurt     ";"BU0363FB03";"1";6130;3090;3035;1340;830;1835;1395;730;3390;2060;515;170;1055;480;4595;1055;120;2350;350;2245;;;;;2480;1000;420;1055;2,4;15270;2245;;93;;401;27;22;5;0;0;73;3;20;80;61;20;100;0;;;;;;;;;;;;;;;;;;;;;;;;;;;;;;;;;;;;;;;;;;;855;0;215;105;175;5;145;165;45;1825;1330;495;0,7;4548;105;0,7;0,4;0,3;0,4;13,7;43;40;3;"      1067";1;1;2927
"Eendrachtspark";"Amsterdam                               ";"Buurt     ";"BU0363FB04";"1";265;160;105;30;30;110;80;20;185;65;20;0;80;35;155;80;5;75;25;75;;;;;160;100;25;35;1,7;2181;154;;14;;323;0;0;0;0;0;100;7;49;51;43;8;100;0;;;;;;;;;;;;;;;;;;;;;;;;;;;;;;;;;;;;;;;;;;;55;0;20;5;5;0;10;10;5;110;85;25;0,7;907;10;0,7;0,8;0,4;0,7;15,2;14;12;2;"      1067";1;2;2196
"Van Tijenbuurt";"Amsterdam                               ";"Buurt     ";"BU0363FB05";"1";2955;1545;1410;655;470;850;620;360;1625;1060;195;70;625;330;1990;630;95;1100;240;890;;;;;1145;415;210;520;2,6;10396;977;;90;;474;71;50;18;2;0;29;3;45;55;48;7;82;18;;;;;;;;;;;;;;;;;;;;;;;;;;;;;;;;;;;;;;;;;;;500;0;150;50;85;10;105;80;25;1040;740;300;0,9;3658;80;0,6;0,6;0,5;0,3;14,7;30;28;1;"      1067";1;1;2763
"Dudokbuurt";"Amsterdam                               ";"Buurt     ";"BU0363FB06";"1";3030;1480;1550;625;435;1010;700;270;1780;895;270;85;355;325;2345;360;60;1145;265;1200;;;;;1365;620;230;515;2,2;22393;1286;;69;;355;2;2;0;0;0;98;4;21;79;70;9;85;15;;;;;;;;;;;;;;;;;;;;;;;;;;;;;;;;;;;;;;;;;;;430;0;80;50;95;0;95;70;40;805;625;185;0,6;5966;40;0,3;0,2;0,2;0,3;14,8;14;14;1;"      1067";1;1;3075
"Bakemabuurt";"Amsterdam                               ";"Buurt     ";"BU0363FB07";"1";3120;1545;1570;590;485;1090;660;290;1840;960;245;75;500;310;2315;500;50;1270;255;1040;;;;;1320;555;270;490;2,3;16617;1191;;67;;379;2;2;0;0;0;98;2;22;78;61;17;70;30;;;;;;;;;;;;;;;;;;;;;;;;;;;;;;;;;;;;;;;;;;;530;0;115;55;110;10;105;105;35;845;630;220;0,6;4510;50;0,3;0,2;0,3;0,3;16,4;20;19;2;"      1067";1;1;3511
"Wegener Sleeswijkbuurt";"Amsterdam                               ";"Buurt     ";"BU0363FB08";"1";1470;760;715;285;180;395;370;240;760;495;160;60;365;85;1020;365;30;520;55;500;;;;;680;315;115;250;2,2;7853;688;;53;;339;50;40;10;0;0;50;8;7;93;93;0;92;8;;;;;;;;;;;;;;;;;;;;;;;;;;;;;;;;;;;;;;;;;;;165;0;30;15;40;0;30;30;15;435;330;105;0,6;2315;30;0,5;0,4;0,3;0,3;15,8;20;19;1;"      1067";1;1;3451
"Slotermeer-West";"Amsterdam                               ";"Wijk      ";"WK0363FC  ";"1";10370;5260;5115;1850;1565;3340;2405;1215;6085;3145;855;280;1825;1220;7325;1825;270;3500;950;3825;;;;;4850;2405;800;1645;2,1;11810;4655;;525;;339;20;16;4;0;0;80;9;20;80;72;9;97;3;;;;;;;;;;;;;;;;;;;;;;;;;;;;;;;;;;;;;;;;;;;1760;0;380;235;330;15;300;345;160;2905;2190;715;0,6;3308;215;0,5;0,4;0,4;0,5;19,9;91;88;3;"         .";;1;3645
"Jan de Louterbuurt";"Amsterdam                               ";"Buurt     ";"BU0363FC01";"1";3230;1635;1595;505;435;1115;745;430;1920;980;230;100;680;685;1860;685;115;785;570;1080;;;;;1655;885;320;455;1,9;9436;1447;;189;;369;30;24;5;0;0;70;10;38;62;45;17;97;3;;;;;;;;;;;;;;;;;;;;;;;;;;;;;;;;;;;;;;;;;;;630;0;170;90;95;5;110;110;50;885;685;205;0,5;2588;75;0,7;0,7;0,4;0,3;19,6;36;34;2;"      1063";1;1;3586
"Lodewijk van Deysselbuurt";"Amsterdam                               ";"Buurt     ";"BU0363FC02";"1";3155;1610;1550;570;490;980;765;350;1830;950;305;65;375;235;2545;375;60;1215;175;1330;;;;;1395;645;220;530;2,3;14034;1410;;138;;307;6;4;2;0;0;94;10;7;93;89;4;100;0;;;;;;;;;;;;;;;;;;;;;;;;;;;;;;;;;;;;;;;;;;;510;0;85;80;100;5;90;105;45;835;640;195;0,6;3715;55;0,6;0,4;0,3;0,4;19,8;23;22;1;"      1064";1;1;3877
"Confuciusbuurt";"Amsterdam                               ";"Buurt     ";"BU0363FC03";"1";3985;2015;1970;780;640;1240;890;430;2340;1220;315;110;770;300;2920;765;95;1505;205;1415;;;;;1800;875;260;665;2,2;12815;1798;;198;;340;23;18;5;0;0;77;8;14;86;80;5;94;6;;;;;;;;;;;;;;;;;;;;;;;;;;;;;;;;;;;;;;;;;;;625;0;125;65;135;5;100;130;60;1185;870;315;0,7;3807;85;0,3;0,3;0,6;0,7;20,3;32;31;1;"      1064";1;1;3513
"Slotermeer-Noordoost";"Amsterdam                               ";"Wijk      ";"WK0363FD  ";"1";9365;4770;4595;1785;1280;2965;2305;1030;5675;2635;850;205;2060;1055;6250;2065;255;2895;800;3355;;;;;4510;2305;755;1450;2,1;9726;4192;;456;;367;22;17;4;1;0;78;6;27;73;63;11;97;3;;;;;;;;;;;;;;;;;;;;;;;;;;;;;;;;;;;;;;;;;;;1430;0;235;220;245;10;330;225;165;2370;1835;540;0,5;2463;145;0,5;0,7;0,4;0,4;24,8;102;96;5;"         .";;1;4198
"Arondeusbuurt";"Amsterdam                               ";"Buurt     ";"BU0363FD01";"1";2850;1480;1370;645;410;830;660;295;1765;785;255;50;500;295;2055;500;80;1010;215;1045;;;;;1265;610;185;480;2,2;12632;1185;;142;;369;20;16;4;1;0;80;9;19;81;73;8;90;10;;;;;;;;;;;;;;;;;;;;;;;;;;;;;;;;;;;;;;;;;;;390;0;65;55;75;0;90;70;35;705;535;170;0,6;3125;40;0,6;0,5;0,4;0,3;22,5;23;23;0;"      1063";1;1;3469
"Coronelbuurt";"Amsterdam                               ";"Buurt     ";"BU0363FD02";"1";1550;775;775;240;255;530;380;140;1040;405;80;30;625;350;575;625;80;245;270;330;;;;;805;435;155;215;1,9;8074;660;;91;;445;51;43;7;1;0;49;4;65;35;0;34;100;0;;;;;;;;;;;;;;;;;;;;;;;;;;;;;;;;;;;;;;;;;;;300;0;35;35;40;5;95;30;60;390;300;90;0,5;2026;35;0,7;1;0,2;0,4;24;20;19;1;"      1063";1;1;3713
"Meerwaldtbuurt";"Amsterdam                               ";"Buurt     ";"BU0363FD03";"1";1965;995;970;350;220;570;525;305;1080;595;230;65;425;140;1400;420;40;635;100;770;;;;;980;520;160;300;2;7455;954;;67;;352;38;27;9;2;0;62;3;7;93;89;3;100;0;;;;;;;;;;;;;;;;;;;;;;;;;;;;;;;;;;;;;;;;;;;275;0;50;35;55;0;45;55;30;540;435;105;0,5;2046;35;0,4;0,9;0,2;0,2;26,3;27;26;0;"      1063";1;1;4896
"Dobbebuurt";"Amsterdam                               ";"Buurt     ";"BU0363FD04";"1";3005;1515;1490;555;390;1030;740;295;1795;860;280;65;515;270;2220;515;55;1005;215;1215;;;;;1460;740;255;460;2,1;10648;1393;;156;;337;0;0;0;0;0;100;5;27;73;66;7;100;0;;;;;;;;;;;;;;;;;;;;;;;;;;;;;;;;;;;;;;;;;;;465;0;85;95;70;0;100;70;40;740;565;175;0,5;2619;30;0,4;0,6;0,7;0,6;26,2;32;28;3;"      1063";1;1;4597
"Slotermeer-Zuidoost";"Amsterdam                               ";"Wijk      ";"WK0363FE  ";"1";6740;3445;3290;1020;865;2510;1515;835;4245;1740;610;150;1965;905;3870;1965;210;1725;695;2145;;;;;3700;2080;730;885;1,8;4925;3491;;276;;366;11;10;2;0;0;89;5;25;75;58;16;95;5;;;;;;;;;;;;;;;;;;;;;;;;;;;;;;;;;;;;;;;;;;;1260;0;140;165;230;15;285;260;170;2060;1455;610;0,6;1506;180;0,9;0,7;0,6;0,6;30,7;190;137;53;"         .";;1;4327
"Dichtersbuurt";"Amsterdam                               ";"Buurt     ";"BU0363FE01";"1";1050;585;460;130;95;385;255;185;595;285;140;30;215;105;735;215;20;300;85;435;;;;;620;405;105;115;1,7;9485;605;;32;;296;0;0;0;0;0;100;3;12;88;86;2;100;0;;;;;;;;;;;;;;;;;;;;;;;;;;;;;;;;;;;;;;;;;;;235;0;40;35;50;0;35;50;25;535;250;285;0,9;4833;30;0,7;0,3;0,3;0,3;26,6;12;11;1;"      1064";1;1;4085
"Louis Couperusbuurt";"Amsterdam                               ";"Buurt     ";"BU0363FE02";"1";2325;1225;1105;380;315;910;480;240;1500;555;215;55;535;245;1545;535;70;770;180;775;;;;;1315;780;225;315;1,8;7898;1270;;103;;299;11;9;2;0;0;89;5;10;90;82;7;100;0;;;;;;;;;;;;;;;;;;;;;;;;;;;;;;;;;;;;;;;;;;;430;0;50;55;85;5;80;95;50;640;515;125;0,5;2177;75;0,9;0,7;0,4;0,4;34,7;32;29;2;"      1064";1;1;5015
"Noordoever Sloterplas";"Amsterdam                               ";"Buurt     ";"BU0363FE03";"1";3365;1635;1735;505;455;1215;780;410;2150;895;255;60;1220;555;1590;1215;115;655;440;940;;;;;1770;905;405;460;1,9;8405;1616;;136;;445;16;14;2;0;0;84;5;42;58;29;29;90;10;;;;;;;;;;;;;;;;;;;;;;;;;;;;;;;;;;;;;;;;;;;590;0;45;70;90;10;170;115;85;885;690;200;0,5;2214;75;0,9;0,8;0,7;0,9;29,1;48;40;8;"      1064";1;1;3877
"Sloterpark";"Amsterdam                               ";"Buurt     ";"BU0363FE04";"1";0;0;0;0;0;0;0;0;0;0;0;0;0;0;0;0;0;0;0;0;;;;;0;0;0;0;;;0;;5;;;;;;;;;;;;;;;;;;;;;;;;;;;;;;;;;;;;;;;;;;;;;;;;;;;;;;;;;;10;;;;;;;;;0;0;0;;;0;;;;;;99;56;42;"      1064";3;1;2818
"Lutkemeer/Ookmeer";"Amsterdam                               ";"Wijk      ";"WK0363FF  ";"1";1255;705;550;150;185;405;310;195;730;415;70;45;550;100;610;545;30;135;70;475;;;;;395;155;115;125;2,1;239;304;;207;;768;94;7;6;24;57;6;8;70;30;4;26;95;5;;;;;;;;;;;;;;;;;;;;;;;;;;;;;;;;;;;;;;;;;;;380;15;70;85;40;25;80;35;30;615;370;245;1,6;117;65;1,5;1,5;1,2;1,2;12,9;569;525;43;"         .";;3;1155
"Osdorper Bovenpolder";"Amsterdam                               ";"Buurt     ";"BU0363FF01";"1";755;395;365;100;95;165;225;175;380;290;50;35;505;80;175;505;25;90;50;80;;;;;355;135;110;110;2,1;313;279;;112;;751;93;6;6;25;56;7;8;70;30;5;25;97;3;;;;;;;;;;;;;;;;;;;;;;;;;;;;;;;;;;;;;;;;;;;255;10;60;60;25;20;50;15;15;455;325;130;1,3;188;55;1,7;1,7;1,3;1,3;9,3;260;242;18;"      1067";1;3;1080
"Ookmeer";"Amsterdam                               ";"Buurt     ";"BU0363FF02";"1";435;275;160;50;85;230;60;15;310;95;20;10;0;20;420;0;5;35;15;385;;;;;5;5;0;0;1;621;2;;24;;;;;;;;;;;;;;;;;;;;;;;;;;;;;;;;;;;;;;;;;;;;;;;;;;;;;;;;;;25;0;0;5;0;0;5;10;5;10;10;0;;;0;1,1;1;0,9;0,8;20;73;70;2;"      1067";1;1;2796
"Bedrijvenpark Lutkemeer";"Amsterdam                               ";"Buurt     ";"BU0363FF03";"1";65;40;30;5;10;10;25;10;35;20;5;0;45;5;15;40;0;5;5;10;;;;;30;15;5;10;1,9;30;23;;71;;1022;100;9;9;17;65;0;9;74;26;0;26;70;30;;;;;;;;;;;;;;;;;;;;;;;;;;;;;;;;;;;;;;;;;;;100;5;10;25;15;5;25;10;10;150;35;115;;;10;2,4;2,4;1,9;2,1;6,8;236;213;22;"      1060";5;3;1014
"De Aker";"Amsterdam                               ";"Wijk      ";"WK0363FG  ";"1";14450;7060;7390;2495;2065;3640;4080;2170;7475;5490;1035;450;5270;1585;7595;5265;470;3950;1115;3645;;;;;6065;2105;1395;2575;2,4;9569;5470;;85;;528;65;50;11;2;2;35;3;54;46;29;18;100;0;;;;;;;;;;;;;;;;;;;;;;;;;;;;;;;;;;;;;;;;;;;2120;0;315;295;345;60;575;380;150;5705;4195;1510;0,9;3779;420;1;1;0,5;0,8;14,6;164;151;13;"         .";;1;3259
"Middelveldsche Akerpolder";"Amsterdam                               ";"Buurt     ";"BU0363FG01";"1";4120;1975;2145;895;480;1150;885;710;2190;1470;320;135;1465;430;2225;1470;140;1315;290;910;;;;;1720;645;385;690;2,4;12261;1571;;10;;460;65;49;14;2;1;35;2;24;76;47;30;100;0;;;;;;;;;;;;;;;;;;;;;;;;;;;;;;;;;;;;;;;;;;;560;0;110;65;115;5;115;110;35;1610;1170;440;0,9;4788;125;1,3;1;0,5;0,9;12,9;35;34;2;"      1069";1;1;3280
"De Aker-West";"Amsterdam                               ";"Buurt     ";"BU0363FG02";"1";4525;2240;2285;680;615;1160;1365;695;2270;1755;345;155;1655;480;2395;1650;125;1175;350;1220;;;;;1985;715;465;805;2,3;8702;1765;;22;;526;58;47;7;3;1;42;2;65;35;21;15;100;0;;;;;;;;;;;;;;;;;;;;;;;;;;;;;;;;;;;;;;;;;;;645;0;95;80;100;25;195;110;45;1795;1315;480;0,9;3452;110;1,2;1,2;0,7;1,1;13,4;57;52;5;"      1060";1;1;2810
"De Aker-Oost";"Amsterdam                               ";"Buurt     ";"BU0363FG03";"1";5810;2850;2960;910;975;1325;1825;765;3015;2265;365;160;2150;680;2980;2155;200;1465;475;1515;;;;;2360;735;545;1080;2,5;8875;2134;;53;;581;70;52;11;2;4;30;3;67;33;22;11;99;1;;;;;;;;;;;;;;;;;;;;;;;;;;;;;;;;;;;;;;;;;;;920;0;110;150;130;30;265;160;70;2300;1710;590;1;3519;185;0,6;0,8;0,4;0,4;16,7;72;65;6;"      1060";1;1;3607
"De Punt";"Amsterdam                               ";"Wijk      ";"WK0363FH  ";"1";6145;3250;2895;1060;935;1955;1350;850;3660;1780;525;185;1385;1045;3720;1380;200;1820;845;1900;;;;;2805;1425;450;930;2,1;10283;2643;;440;;337;26;22;4;0;0;74;8;36;64;36;28;95;5;;;;;;;;;;;;;;;;;;;;;;;;;;;;;;;;;;;;;;;;;;;1395;0;295;215;250;25;335;195;80;2020;1505;515;0,7;3381;105;1,1;0,5;0,4;0,4;14,6;60;60;0;"         .";;1;3920
"Bedrijvencentrum Osdorp";"Amsterdam                               ";"Buurt     ";"BU0363FH01";"1";130;115;10;5;0;45;65;15;95;5;25;0;40;10;75;40;5;25;5;55;;;;;0;5;0;0;1,8;1093;43;;132;;192;0;0;0;0;0;100;5;0;100;0;100;100;0;;;;;;;;;;;;;;;;;;;;;;;;;;;;;;;;;;;;;;;;;;;465;0;40;100;75;20;145;60;25;145;70;75;;;10;1,4;0,8;0,6;0,6;14;12;12;0;"      1069";1;1;2822
"Dijkgraafpleinbuurt";"Amsterdam                               ";"Buurt     ";"BU0363FH02";"1";6020;3135;2885;1055;935;1910;1285;835;3560;1775;500;185;1340;1035;3645;1340;200;1800;840;1845;;;;;2800;1425;450;930;2,1;12541;2600;;308;;340;27;22;4;0;0;73;8;37;63;36;27;95;5;;;;;;;;;;;;;;;;;;;;;;;;;;;;;;;;;;;;;;;;;;;930;0;255;115;175;5;190;135;55;1880;1440;440;0,7;3912;95;1,1;0,5;0,4;0,4;14,6;48;48;0;"      1069";1;1;3986
"Osdorp-Midden";"Amsterdam                               ";"Wijk      ";"WK0363FJ  ";"1";15675;7750;7915;2765;2255;5160;3510;1980;9010;4725;1395;540;2905;1925;10835;2905;385;5170;1540;5665;;;;;7415;3580;1320;2510;2,1;15180;6713;;346;;397;5;4;1;0;0;95;4;27;73;57;16;97;3;;;;;;;;;;;;;;;;;;;;;;;;;;;;;;;;;;;;;;;;;;;2330;0;435;295;415;40;530;445;170;4740;3545;1195;0,6;4591;255;0,6;0,5;0,3;0,4;19;112;103;8;"         .";;1;4499
"Reimerswaal";"Amsterdam                               ";"Buurt     ";"BU0363FJ01";"1";3000;1415;1585;530;365;870;655;575;1580;895;330;195;580;140;2280;585;45;1110;95;1165;;;;;1320;645;175;500;2,1;14215;1475;;61;;375;5;4;1;0;0;95;7;11;89;79;10;86;14;;;;;;;;;;;;;;;;;;;;;;;;;;;;;;;;;;;;;;;;;;;350;0;60;40;85;0;55;90;20;940;730;215;0,7;4460;30;0,6;0,7;0,2;0,2;18;22;21;0;"      1069";1;1;3467
"Botteskerkbuurt";"Amsterdam                               ";"Buurt     ";"BU0363FJ02";"1";3415;1695;1720;710;495;1065;750;395;1980;1035;305;100;595;395;2425;595;95;1200;295;1220;;;;;1555;685;290;580;2,2;14324;1413;;104;;363;3;2;1;0;0;97;2;20;80;66;14;100;0;;;;;;;;;;;;;;;;;;;;;;;;;;;;;;;;;;;;;;;;;;;495;0;110;60;80;10;95;105;35;940;720;225;0,6;3952;45;0,5;0,4;0,4;0,4;17,9;26;24;2;"      1069";1;1;4804
"Zuidwestkwadrant-Noord";"Amsterdam                               ";"Buurt     ";"BU0363FJ03";"1";3080;1525;1555;535;455;1025;615;450;1775;935;260;115;515;435;2130;510;70;990;365;1145;;;;;1485;730;285;465;2,1;13316;1295;;76;;388;0;0;0;0;0;100;5;24;76;60;17;100;0;;;;;;;;;;;;;;;;;;;;;;;;;;;;;;;;;;;;;;;;;;;505;0;105;65;85;10;110;90;40;900;695;200;0,6;3887;40;0,4;0,3;0,3;0,3;19;24;23;1;"      1069";1;1;5120
"Zuidwestkwadrant-Zuid";"Amsterdam                               ";"Buurt     ";"BU0363FJ04";"1";6175;3115;3065;990;940;2205;1490;550;3680;1860;505;135;1215;960;4005;1210;175;1870;785;2140;;;;;3050;1515;570;965;2;17567;2530;;105;;432;9;8;0;0;0;91;3;42;58;37;20;100;0;;;;;;;;;;;;;;;;;;;;;;;;;;;;;;;;;;;;;;;;;;;980;0;160;130;165;20;270;165;75;1955;1400;555;0,6;5565;140;0,7;0,4;0,4;0,5;20,1;40;35;5;"      1069";1;1;4603
"Osdorp-Oost";"Amsterdam                               ";"Wijk      ";"WK0363FK  ";"1";18625;9210;9415;2795;2700;6260;3805;3070;10965;5225;1710;725;5020;2730;10870;5020;565;5040;2165;5830;;;;;9945;5380;2045;2515;1,9;11819;9051;;1085;;382;13;10;2;0;0;87;4;26;74;51;23;86;14;;;;;;;;;;;;;;;;;;;;;;;;;;;;;;;;;;;;;;;;;;;2915;5;400;440;530;65;615;570;285;5410;4115;1300;0,5;3434;400;0,4;0,6;0,4;0,6;23,5;177;158;19;"         .";;1;4144
"Wildeman";"Amsterdam                               ";"Buurt     ";"BU0363FK01";"1";5155;2550;2605;865;630;1590;1135;925;2830;1490;620;215;1030;535;3590;1030;120;1610;415;1980;;;;;2685;1430;470;790;1,9;16326;2619;;249;;299;1;1;0;0;0;99;5;10;90;79;11;94;6;;;;;;;;;;;;;;;;;;;;;;;;;;;;;;;;;;;;;;;;;;;670;0;130;80;150;0;125;135;55;1500;1155;345;0,6;4752;80;0,3;0,4;0,3;0,6;22,9;33;32;1;"      1068";1;1;3789
"Meer en Oever";"Amsterdam                               ";"Buurt     ";"BU0363FK02";"1";3175;1645;1530;415;385;1090;725;565;1750;1025;275;130;920;560;1695;915;130;725;430;975;;;;;1665;835;415;415;1,9;15273;1541;;111;;459;1;1;0;0;0;99;5;46;53;24;29;100;0;;;;;;;;;;;;;;;;;;;;;;;;;;;;;;;;;;;;;;;;;;;575;0;75;60;105;20;125;110;85;1085;795;290;0,7;5226;85;0,6;0,8;0,5;1;24,7;23;21;3;"      1068";1;1;3252
"Osdorpplein e.o.";"Amsterdam                               ";"Buurt     ";"BU0363FK03";"1";4835;2395;2435;750;770;2045;800;475;3180;1195;340;115;1005;805;3025;1005;110;1495;695;1530;;;;;2495;1270;605;620;1,9;16057;2307;;437;;388;3;2;0;0;0;97;4;21;78;33;45;53;47;;;;;;;;;;;;;;;;;;;;;;;;;;;;;;;;;;;;;;;;;;;915;0;100;210;135;20;190;190;75;1185;855;325;0,5;3930;80;0,5;0,3;0,4;0,7;22,6;41;30;11;"      1068";1;1;4893
"Calandlaan/Lelylaan";"Amsterdam                               ";"Buurt     ";"BU0363FK04";"1";1280;645;640;200;130;335;360;260;720;385;135;40;390;145;755;390;45;390;95;365;;;;;675;365;140;170;1,9;4864;661;;11;;387;21;13;4;4;0;79;2;26;74;71;3;100;0;;;;;;;;;;;;;;;;;;;;;;;;;;;;;;;;;;;;;;;;;;;140;0;25;15;30;5;25;30;10;420;320;100;0,6;1587;50;0,6;0,6;0,3;0,3;22;28;26;1;"      1068";1;1;4700
"Osdorp-Zuidoost";"Amsterdam                               ";"Buurt     ";"BU0363FK05";"1";4180;1970;2205;555;785;1195;790;855;2490;1135;330;220;1675;690;1810;1680;160;825;530;985;;;;;2420;1485;420;520;1,7;8576;1923;;277;;426;47;38;7;1;2;53;4;35;65;50;15;98;2;;;;;;;;;;;;;;;;;;;;;;;;;;;;;;;;;;;;;;;;;;;610;5;75;80;110;20;155;105;60;1220;985;240;0,5;2508;100;0,3;0,9;0,4;0,4;25;52;49;3;"      1068";1;1;4172
"Slotervaart-Noord";"Amsterdam                               ";"Wijk      ";"WK0363FL  ";"1";7965;3955;4010;1355;1065;2205;1980;1360;4560;2360;720;325;2760;1255;3950;2760;325;1825;930;2125;;;;;3765;1735;820;1215;2,1;7177;3399;;387;;470;29;25;4;0;1;71;3;36;64;40;24;90;10;;;;;;;;;;;;;;;;;;;;;;;;;;;;;;;;;;;;;;;;;;;1245;0;175;155;185;20;335;225;150;2210;1630;580;0,6;1992;155;0,7;0,7;0,5;0,5;27,4;155;111;44;"         .";;1;4221
"Oostoever Sloterplas";"Amsterdam                               ";"Buurt     ";"BU0363FL01";"1";2415;1160;1255;290;300;490;710;635;1190;895;195;135;1170;365;885;1170;110;340;250;540;;;;;1190;495;345;350;2;6725;1074;;11;;573;32;27;4;0;0;68;3;64;36;30;6;100;0;;;;;;;;;;;;;;;;;;;;;;;;;;;;;;;;;;;;;;;;;;;345;0;25;45;40;5;120;70;35;795;585;205;0,7;2207;75;0,8;0,8;0,9;0,9;31,3;65;36;29;"      1064";1;1;4229
"Emanuel van Meterenbuurt";"Amsterdam                               ";"Buurt     ";"BU0363FL02";"1";2320;1185;1140;450;285;615;555;415;1330;655;215;120;945;440;935;945;135;415;300;520;;;;;1025;470;205;350;2,1;5248;926;;248;;487;40;32;5;0;2;60;3;37;63;25;37;100;0;;;;;;;;;;;;;;;;;;;;;;;;;;;;;;;;;;;;;;;;;;;405;0;60;55;40;10;120;65;60;590;445;140;0,6;1330;40;0,8;0,8;0,3;0,4;24;58;44;14;"      1065";1;1;3637
"Jacob Geelbuurt";"Amsterdam                               ";"Buurt     ";"BU0363FL03";"1";3230;1615;1615;625;475;1100;720;315;2045;815;305;65;645;450;2135;640;75;1065;375;1070;;;;;1555;770;275;510;2,1;10465;1399;;128;;379;20;18;2;0;0;80;3;13;87;58;29;76;24;;;;;;;;;;;;;;;;;;;;;;;;;;;;;;;;;;;;;;;;;;;495;0;90;60;100;5;95;95;55;830;600;230;0,5;2692;40;0,7;0,6;0,3;0,3;26,9;32;31;1;"      1065";1;1;4664
"Overtoomse Veld";"Amsterdam                               ";"Wijk      ";"WK0363FM  ";"1";14645;7130;7515;2085;2740;6180;2470;1170;10105;3495;790;255;3585;3095;7970;3580;420;3510;2675;4460;;;;;8025;4670;1515;1840;1,8;10097;6272;;509;;451;3;3;1;0;0;97;5;20;80;36;44;68;32;;;;;;;;;;;;;;;;;;;;;;;;;;;;;;;;;;;;;;;;;;;2295;0;185;255;375;45;595;540;305;3215;2350;860;0,4;2215;290;0,4;0,5;0,4;0,4;33,9;154;145;9;"         .";;1;6091
"Lucas/Andreasziekenhuis e.o.";"Amsterdam                               ";"Buurt     ";"BU0363FM01";"1";1230;620;610;15;660;530;20;5;1170;55;5;5;210;525;495;210;15;70;510;430;;;;;1110;1015;80;20;1,1;6827;282;;10;;408;0;0;0;0;0;100;0;0;100;0;100;0;100;;;;;;;;;;;;;;;;;;;;;;;;;;;;;;;;;;;;;;;;;;;140;0;5;10;20;0;55;35;15;140;115;30;0,1;783;10;0,4;0,4;0,7;0,7;36,3;18;18;0;"      1061";1;1;7029
"Overtoomse Veld-Noord";"Amsterdam                               ";"Buurt     ";"BU0363FM02";"1";5665;2795;2875;1045;765;2035;1240;585;3400;1740;380;145;1140;690;3830;1145;150;1800;540;2025;;;;;2420;945;555;920;2,3;16852;2271;;231;;496;7;5;1;0;0;93;3;25;75;53;22;87;13;;;;;;;;;;;;;;;;;;;;;;;;;;;;;;;;;;;;;;;;;;;865;0;75;85;165;10;215;215;100;1395;1005;390;0,6;4143;115;0,4;0,5;0,4;0,3;35,8;34;34;1;"      1061";1;1;5720
"Rembrandtpark-Noord";"Amsterdam                               ";"Buurt     ";"BU0363FM03";"1";1010;485;525;60;420;360;100;70;880;80;45;5;505;285;220;505;50;85;235;135;;;;;795;635;105;55;1,3;3659;363;;15;;522;0;0;0;0;0;100;9;0;100;0;100;100;0;;;;;;;;;;;;;;;;;;;;;;;;;;;;;;;;;;;;;;;;;;;150;0;5;15;30;5;30;35;35;220;130;90;0,3;794;30;0,7;0,7;0,7;0,8;37;30;28;3;"      1057";1;1;7154
"Overtoomse Veld-Zuid";"Amsterdam                               ";"Buurt     ";"BU0363FM04";"1";4800;2325;2475;645;640;2430;705;385;3355;1100;270;85;1345;880;2580;1345;130;1210;745;1365;;;;;2695;1560;600;535;1,8;16010;2537;;187;;418;2;2;1;0;0;98;3;16;84;32;52;44;56;;;;;;;;;;;;;;;;;;;;;;;;;;;;;;;;;;;;;;;;;;;850;0;65;110;130;20;215;185;120;1035;785;255;0,4;3457;85;0,2;0,4;0,2;0,3;31,4;31;30;1;"      1062";1;1;6006
"Rembrandtpark-Zuid";"Amsterdam                               ";"Buurt     ";"BU0363FM05";"1";895;450;445;105;60;530;130;60;620;240;20;10;315;265;315;315;50;90;215;225;;;;;530;285;155;90;1,7;3279;452;;26;;529;0;0;0;0;0;100;4;59;40;0;40;100;0;;;;;;;;;;;;;;;;;;;;;;;;;;;;;;;;;;;;;;;;;;;195;0;5;25;20;5;65;40;30;235;180;55;0,4;858;35;0,7;0,8;0,2;0,2;32,4;32;27;4;"      1058";1;1;6345
"Johan Jongkindbuurt";"Amsterdam                               ";"Buurt     ";"BU0363FM06";"1";1045;465;585;225;185;295;275;70;680;285;75;15;70;450;530;70;25;255;425;275;;;;;475;230;30;215;2,2;12170;367;;40;;273;0;0;0;0;0;100;34;0;100;61;39;100;0;;;;;;;;;;;;;;;;;;;;;;;;;;;;;;;;;;;;;;;;;;;95;0;25;10;15;0;15;25;10;190;140;50;0,4;2197;15;0,4;0,6;0,4;0,5;30,6;9;9;0;"      1062";1;1;6974
"Slotervaart-Zuid";"Amsterdam                               ";"Wijk      ";"WK0363FN  ";"1";11755;5715;6040;1695;2015;4280;2155;1605;7530;2870;970;385;3265;1905;6580;3265;355;2965;1545;3615;;;;;6275;3600;1175;1500;1,8;9406;5461;;449;;427;16;14;2;0;0;84;5;19;81;63;18;75;25;;;;;;;;;;;;;;;;;;;;;;;;;;;;;;;;;;;;;;;;;;;1765;0;145;250;295;25;445;380;230;2700;2085;615;0,4;2161;215;0,5;0,7;0,4;0,5;22,2;131;125;6;"         .";;1;4741
"Louis Crispijnbuurt";"Amsterdam                               ";"Buurt     ";"BU0363FN01";"1";3275;1545;1730;480;540;875;645;730;1910;865;335;165;1080;450;1745;1080;105;800;350;945;;;;;1670;920;315;435;1,9;9137;1528;;204;;421;22;17;4;0;1;78;10;21;78;64;14;85;15;;;;;;;;;;;;;;;;;;;;;;;;;;;;;;;;;;;;;;;;;;;485;0;50;90;65;10;105;100;70;870;685;185;0,5;2421;55;0,3;0,4;0,3;0,4;23,4;37;36;1;"      1065";1;1;4079
"Jacques Veltmanbuurt";"Amsterdam                               ";"Buurt     ";"BU0363FN02";"1";3745;1835;1915;500;585;1560;680;420;2465;920;270;90;1055;720;1975;1055;115;825;610;1145;;;;;2150;1235;465;445;1,7;12705;2052;;130;;391;18;17;1;0;0;82;4;21;79;57;22;72;28;;;;;;;;;;;;;;;;;;;;;;;;;;;;;;;;;;;;;;;;;;;545;0;40;75;90;5;145;130;60;820;650;170;0,4;2780;70;0,7;0,5;0,6;0,8;23,3;31;29;1;"      1065";1;1;5338
"Medisch Centrum Slotervaart";"Amsterdam                               ";"Buurt     ";"BU0363FN03";"1";885;440;445;40;380;345;60;60;770;50;50;15;200;295;390;205;20;145;280;240;;;;;745;695;20;30;1,1;3053;286;;24;;390;0;0;0;0;0;100;4;0;100;100;0;62;38;;;;;;;;;;;;;;;;;;;;;;;;;;;;;;;;;;;;;;;;;;;250;0;15;30;40;5;60;45;60;100;75;20;0,1;337;15;0,5;1;0,4;0,7;16,8;30;29;1;"      1066";1;1;2625
"Staalmanbuurt";"Amsterdam                               ";"Buurt     ";"BU0363FN04";"1";3840;1890;1945;675;505;1490;770;395;2390;1035;305;110;935;430;2475;935;120;1195;315;1280;;;;;1715;750;375;590;2,1;12575;1595;;91;;486;10;9;2;0;0;90;2;17;83;62;21;70;30;;;;;;;;;;;;;;;;;;;;;;;;;;;;;;;;;;;;;;;;;;;485;0;40;55;100;5;135;105;45;915;675;240;0,5;2992;75;0,4;1;0,2;0,3;21,3;32;31;2;"      1066";1;1;5039
"Westlandgracht";"Amsterdam                               ";"Wijk      ";"WK0363FP  ";"1";13685;6920;6765;1190;2825;6930;1860;875;10480;2405;670;130;3900;3670;6115;3905;520;2300;3150;3815;;;;;9030;6155;1755;1115;1,5;9687;8414;;551;;395;0;0;0;0;0;100;5;14;86;39;48;51;49;;;;;;;;;;;;;;;;;;;;;;;;;;;;;;;;;;;;;;;;;;;2610;0;155;475;385;85;780;405;325;2600;1915;685;0,3;1840;250;0,6;0,7;0,4;0,7;26,6;150;141;8;"         .";;1;6212
"Schipluidenbuurt";"Amsterdam                               ";"Buurt     ";"BU0363FP01";"1";1805;830;975;70;450;1160;85;35;1625;155;25;0;420;720;665;420;55;190;660;470;;;;;1445;1145;230;70;1,2;15961;1275;;67;;364;0;0;0;0;0;100;4;5;95;0;95;1;99;;;;;;;;;;;;;;;;;;;;;;;;;;;;;;;;;;;;;;;;;;;315;0;10;70;40;5;100;40;50;165;105;65;0,1;1469;25;0,9;0,9;0,5;1;27,5;12;11;0;"      1062";1;1;6223
"Koningin Wilhelminaplein";"Amsterdam                               ";"Buurt     ";"BU0363FP02";"1";3410;1785;1625;260;400;2175;390;180;2545;720;115;30;965;1130;1320;965;135;360;995;960;;;;;2225;1325;665;230;1,5;13890;1973;;214;;486;0;0;0;0;0;100;5;19;81;7;74;67;33;;;;;;;;;;;;;;;;;;;;;;;;;;;;;;;;;;;;;;;;;;;705;0;20;180;105;35;215;80;65;635;465;170;0,3;2588;60;0,9;1;0,5;1,2;25,8;26;25;2;"      1062";1;1;7277
"Andreasterrein";"Amsterdam                               ";"Buurt     ";"BU0363FP03";"1";1205;580;625;195;150;355;345;160;670;425;90;25;420;250;535;425;60;230;185;300;;;;;525;185;145;200;2,3;8372;519;;15;;839;3;3;1;0;0;97;5;47;53;29;24;100;0;;;;;;;;;;;;;;;;;;;;;;;;;;;;;;;;;;;;;;;;;;;190;0;10;15;25;10;75;35;20;340;230;110;0,6;2349;20;0,9;1,1;0,3;0,7;35,3;18;14;3;"      1058";1;1;8090
"Delflandpleinbuurt-West";"Amsterdam                               ";"Buurt     ";"BU0363FP04";"1";4745;2445;2305;460;990;2300;645;345;3610;800;280;55;1445;990;2310;1445;190;1115;800;1195;;;;;3160;2195;540;425;1,5;14713;2941;;163;;346;0;0;0;0;0;100;4;11;88;59;30;56;44;;;;;;;;;;;;;;;;;;;;;;;;;;;;;;;;;;;;;;;;;;;970;0;85;165;145;15;260;180;120;1030;795;235;0,3;3185;115;0,3;0,4;0,4;0,4;24,5;34;32;2;"      1062";1;1;5606
"Delflandpleinbuurt-Oost";"Amsterdam                               ";"Buurt     ";"BU0363FP05";"1";2105;1050;1050;190;645;720;395;160;1620;300;160;20;550;525;1035;545;60;350;465;680;;;;;1305;975;150;175;1,4;12296;1341;;72;;320;0;0;0;0;0;100;6;10;90;65;25;58;42;;;;;;;;;;;;;;;;;;;;;;;;;;;;;;;;;;;;;;;;;;;270;0;25;35;40;10;75;45;40;355;260;90;0,3;2069;25;0,4;0,4;0,4;0,5;29,6;18;17;1;"      1059";1;1;6168
"Riekerhaven";"Amsterdam                               ";"Buurt     ";"BU0363FP06";"1";415;230;185;10;190;215;0;0;400;10;5;0;105;55;255;105;15;50;45;200;;;;;370;325;30;15;1,1;997;365;;20;;31;0;0;0;0;0;100;7;0;100;100;0;0;100;;;;;;;;;;;;;;;;;;;;;;;;;;;;;;;;;;;;;;;;;;;155;0;5;15;30;5;55;20;25;80;60;20;0,2;187;5;1;0,9;0,9;0,9;13,8;42;42;0;"      1062";1;1;2561
"Sloten/Nieuw-Sloten";"Amsterdam                               ";"Wijk      ";"WK0363FQ  ";"1";14500;7145;7360;2110;1525;4055;3965;2835;7420;5500;1070;505;6780;1875;5840;6780;625;2840;1250;2995;;;;;6705;2480;1945;2280;2,1;3110;6145;;567;;553;62;45;10;4;2;38;3;50;50;18;32;99;1;;;;;;;;;;;;;;;;;;;;;;;;;;;;;;;;;;;;;;;;;;;2770;5;255;335;425;130;835;475;315;5815;4215;1600;0,9;1247;470;0,8;0,7;0,6;0,7;17,1;594;466;128;"         .";;1;2546
"Dorp Sloten";"Amsterdam                               ";"Buurt     ";"BU0363FQ01";"1";730;365;365;90;70;180;225;165;345;295;60;30;530;85;110;535;30;45;60;65;;;;;355;145;110;105;2,1;1360;273;;138;;621;75;34;17;12;12;25;8;75;25;5;20;100;0;;;;;;;;;;;;;;;;;;;;;;;;;;;;;;;;;;;;;;;;;;;220;0;45;35;10;15;70;20;25;375;280;95;1,1;704;45;1,5;1,5;0,8;0,8;18,1;61;54;8;"      1066";1;2;2357
"Nieuw-Sloten-Noordwest";"Amsterdam                               ";"Buurt     ";"BU0363FQ02";"1";3000;1455;1545;470;340;740;855;595;1485;1155;255;105;1250;350;1405;1250;140;710;215;695;;;;;1300;410;365;525;2,3;8687;1219;;24;;545;78;65;11;1;0;22;2;51;49;34;15;100;0;;;;;;;;;;;;;;;;;;;;;;;;;;;;;;;;;;;;;;;;;;;385;0;40;45;70;5;105;80;40;1130;860;275;0,9;3274;90;0,5;0,8;0,3;0,4;20;37;35;3;"      1066";1;1;3261
"Nieuw-Sloten-Noordoost";"Amsterdam                               ";"Buurt     ";"BU0363FQ03";"1";3235;1585;1650;500;345;815;820;750;1585;1265;225;160;1455;345;1440;1460;130;755;215;685;;;;;1475;555;415;505;2,2;7386;1361;;18;;539;70;55;13;1;1;30;2;35;65;33;32;100;0;;;;;;;;;;;;;;;;;;;;;;;;;;;;;;;;;;;;;;;;;;;395;0;40;45;60;15;110;90;40;1225;930;295;0,8;2797;80;0,8;0,9;0,6;0,6;18,9;48;44;4;"      1066";1;1;3149
"Nieuw-Sloten-Zuidwest";"Amsterdam                               ";"Buurt     ";"BU0363FQ04";"1";2170;1070;1100;295;260;490;765;365;1040;965;135;30;1110;315;740;1110;100;315;215;425;;;;;905;220;310;380;2,4;10031;841;;18;;603;87;68;15;4;1;13;2;94;6;0;6;100;0;;;;;;;;;;;;;;;;;;;;;;;;;;;;;;;;;;;;;;;;;;;285;0;15;25;30;15;95;70;35;930;665;265;1;4310;65;0,7;0,6;0,6;0,8;17,1;23;22;2;"      1066";1;1;2509
"Belgiëplein e.o.";"Amsterdam                               ";"Buurt     ";"BU0363FQ05";"1";1130;530;595;90;110;315;245;365;525;410;120;85;425;200;505;425;45;145;155;360;;;;;680;365;200;110;1,7;13617;639;;57;;434;1;0;0;0;0;99;5;42;58;39;18;100;0;;;;;;;;;;;;;;;;;;;;;;;;;;;;;;;;;;;;;;;;;;;170;0;10;30;25;5;50;30;25;370;285;85;0,5;4463;25;0,4;0,2;0,2;0,5;17,1;8;8;0;"      1066";1;2;2481
"Nieuw-Sloten-Zuidoost";"Amsterdam                               ";"Buurt     ";"BU0363FQ06";"1";2115;1050;1065;400;220;675;550;265;1220;680;160;55;945;245;920;945;80;530;165;395;;;;;925;320;225;380;2,3;9294;870;;49;;540;66;53;10;3;0;34;4;20;80;0;80;100;0;;;;;;;;;;;;;;;;;;;;;;;;;;;;;;;;;;;;;;;;;;;400;0;45;45;45;10;110;105;40;775;540;235;0,8;3397;70;0,5;0,6;0,3;0,4;16,1;26;23;3;"      1066";1;2;2223
"Sloterweg e.o.";"Amsterdam                               ";"Buurt     ";"BU0363FQ07";"1";330;155;175;70;35;75;85;65;155;145;15;15;185;30;115;185;15;60;15;50;;;;;125;30;35;60;2,6;416;128;;21;;1113;84;10;8;19;47;16;19;74;26;0;26;74;26;;;;;;;;;;;;;;;;;;;;;;;;;;;;;;;;;;;;;;;;;;;85;0;5;10;15;10;25;15;10;230;140;90;1,8;289;35;1,1;1,1;1,1;1,2;16,1;86;79;7;"      1066";1;2;1501
"Park Haagseweg";"Amsterdam                               ";"Buurt     ";"BU0363FQ08";"1";965;480;490;130;85;210;315;230;455;430;50;30;545;170;250;545;65;100;105;150;;;;;450;145;155;150;2,1;8522;440;;1;;642;56;25;5;20;5;44;1;92;8;0;8;91;9;;;;;;;;;;;;;;;;;;;;;;;;;;;;;;;;;;;;;;;;;;;130;0;5;10;15;5;50;25;20;410;290;120;0,9;3622;30;1,4;0,7;1,2;1,6;11;12;11;1;"      1066";1;2;2464
"Riekerpolder";"Amsterdam                               ";"Buurt     ";"BU0363FQ09";"1";655;350;315;60;30;515;45;10;485;130;35;0;220;125;310;220;25;160;100;150;;;;;410;235;120;50;1,6;1071;370;;137;;412;1;0;0;1;1;99;4;1;99;0;99;100;0;;;;;;;;;;;;;;;;;;;;;;;;;;;;;;;;;;;;;;;;;;;585;0;35;80;145;50;215;35;25;305;180;125;0,7;500;15;1,3;0,1;1,2;1,5;10;65;61;3;"      1066";1;3;1015
"Nieuwe Meer";"Amsterdam                               ";"Buurt     ";"BU0363FQ10";"1";165;100;65;5;30;40;60;25;120;30;10;0;100;15;45;105;10;15;10;30;;;;;85;50;10;25;1,7;127;4;;104;;;;;;;;;;;;;;;;;;;;;;;;;;;;;;;;;;;;;;;;;;;;;;;;;;;;;;;;;;110;0;10;10;10;0;15;5;60;60;45;15;0,7;45;10;2;2,1;1,9;2;4,7;227;130;97;"      1066";1;5;280
"Hoofddorppleinbuurt";"Amsterdam                               ";"Wijk      ";"WK0363KA  ";"1";11585;5435;6145;1225;1200;5380;2550;1230;8315;2320;740;220;6260;2430;2890;6260;590;1035;1845;1855;;;;;6895;3695;1970;1225;1,7;13641;6648;;466;;546;2;2;0;0;0;98;8;41;59;12;47;99;1;;;;;;;;;;;;;;;;;;;;;;;;;;;;;;;;;;;;;;;;;;;2995;0;160;385;315;160;1075;435;465;2930;2270;665;0,4;3453;235;0,6;0,5;0,2;0,6;35;96;85;11;"         .";;1;7231
"Westlandgrachtbuurt";"Amsterdam                               ";"Buurt     ";"BU0363KA01";"1";3580;1720;1860;405;330;1695;775;380;2540;750;235;60;1915;720;955;1915;165;350;555;600;;;;;2115;1130;595;390;1,7;22589;2075;;65;;529;0;0;0;0;0;100;7;37;63;15;48;99;1;;;;;;;;;;;;;;;;;;;;;;;;;;;;;;;;;;;;;;;;;;;810;0;35;85;95;25;320;140;115;840;665;175;0,4;5288;75;0,4;0,6;0,2;0,4;38,3;19;16;3;"      1058";1;1;7381
"Surinamepleinbuurt";"Amsterdam                               ";"Buurt     ";"BU0363KA02";"1";1400;615;780;175;130;540;350;195;935;340;85;35;830;275;295;825;85;105;190;190;;;;;790;415;215;165;1,8;16583;870;;35;;628;8;7;1;0;0;92;20;44;56;10;47;98;2;;;;;;;;;;;;;;;;;;;;;;;;;;;;;;;;;;;;;;;;;;;365;0;10;35;30;15;145;60;65;360;270;90;0,5;4265;40;0,9;0,8;0,2;0,6;38,6;9;8;1;"      1058";1;1;8264
"Legmeerpleinbuurt";"Amsterdam                               ";"Buurt     ";"BU0363KA03";"1";1670;780;890;185;170;720;390;205;1175;340;115;35;935;365;370;935;85;150;275;220;;;;;960;480;290;190;1,7;23964;948;;47;;580;3;2;0;0;0;97;6;35;65;7;58;100;0;;;;;;;;;;;;;;;;;;;;;;;;;;;;;;;;;;;;;;;;;;;390;0;20;60;30;20;130;70;70;395;320;75;0,4;5697;40;0,5;0,3;0,2;0,6;37,3;8;7;1;"      1058";1;1;7849
"Aalsmeerwegbuurt-West";"Amsterdam                               ";"Buurt     ";"BU0363KA04";"1";2485;1130;1350;245;240;1310;490;200;1860;450;140;35;1345;515;625;1345;130;225;390;405;;;;;1495;775;475;240;1,7;25403;1473;;42;;504;0;0;0;0;0;100;5;48;52;8;44;100;0;;;;;;;;;;;;;;;;;;;;;;;;;;;;;;;;;;;;;;;;;;;540;0;30;70;55;25;180;85;90;585;465;120;0,4;5960;40;0,5;0,4;0,2;0,7;33;11;10;1;"      1059";1;1;7041
"Aalsmeerwegbuurt-Oost";"Amsterdam                               ";"Buurt     ";"BU0363KA05";"1";2180;1050;1130;210;205;1035;500;235;1585;410;150;40;1165;460;560;1165;120;200;335;360;;;;;1315;705;380;230;1,7;19284;1275;;54;;543;2;1;0;0;0;98;6;42;58;16;42;99;1;;;;;;;;;;;;;;;;;;;;;;;;;;;;;;;;;;;;;;;;;;;440;0;20;60;35;20;160;65;75;530;420;115;0,4;4698;35;0,6;0,2;0,2;0,9;30,7;12;11;0;"      1059";1;1;6933
"Bedrijventerrein Schinkel";"Amsterdam                               ";"Buurt     ";"BU0363KA06";"1";265;135;130;0;115;85;50;15;220;30;10;5;70;100;90;75;10;5;95;90;;;;;220;190;15;10;1,2;814;7;;223;;;;;;;;;;;;;;;;;;;;;;;;;;;;;;;;;;;;;;;;;;;;;;;;;;;;;;;;;;450;0;45;70;70;60;135;20;45;220;135;90;1;682;10;1,4;1,1;0,6;1,3;11,5;38;33;5;"      1059";1;1;2873
"Schinkelbuurt";"Amsterdam                               ";"Wijk      ";"WK0363KB  ";"1";3745;1805;1940;295;420;1770;800;460;2750;625;295;75;1795;845;1105;1800;190;385;650;720;;;;;2440;1520;610;310;1,5;12904;2436;;216;;525;1;1;0;0;0;99;10;28;72;32;40;96;4;;;;;;;;;;;;;;;;;;;;;;;;;;;;;;;;;;;;;;;;;;;920;0;45;145;100;25;295;150;160;850;675;175;0,3;2933;75;0,5;0,3;0,2;0,7;34,6;35;29;6;"         .";;1;8076
"Schinkelbuurt-Noord";"Amsterdam                               ";"Buurt     ";"BU0363KB01";"1";2405;1150;1255;185;275;1185;525;235;1780;425;160;40;1185;580;640;1185;130;220;450;425;;;;;1550;945;405;205;1,5;24045;1478;;110;;540;1;1;0;0;0;99;7;35;65;22;43;98;2;;;;;;;;;;;;;;;;;;;;;;;;;;;;;;;;;;;;;;;;;;;620;0;35;85;60;20;210;100;105;560;435;125;0,4;5594;50;0,4;0,3;0,2;0,8;36,4;11;10;1;"      1075";1;1;8311
"Schinkelbuurt-Zuid";"Amsterdam                               ";"Buurt     ";"BU0363KB02";"1";1335;650;685;110;145;590;275;220;960;200;135;35;610;265;465;605;60;170;200;295;;;;;895;575;210;105;1,5;7035;958;;106;;503;2;1;0;0;0;98;15;18;82;48;34;93;7;;;;;;;;;;;;;;;;;;;;;;;;;;;;;;;;;;;;;;;;;;;300;0;10;60;35;5;85;50;55;290;240;50;0,3;1531;25;0,8;0,3;0,2;0,6;31,2;24;19;5;"      1075";1;1;7724
"Willemspark";"Amsterdam                               ";"Wijk      ";"WK0363KC  ";"1";5550;2730;2825;875;705;1630;1520;830;3230;1885;345;105;2705;1315;1530;2705;330;500;985;1030;;;;;2700;1115;755;825;2,1;8689;2780;;271;;1217;5;3;1;1;0;95;12;50;49;9;40;99;1;;;;;;;;;;;;;;;;;;;;;;;;;;;;;;;;;;;;;;;;;;;2130;0;70;205;135;365;880;290;180;1890;1250;640;0,7;2957;105;0,4;0,3;0,3;0,4;33,2;70;64;6;"         .";;1;7900
"Vondelpark-West";"Amsterdam                               ";"Buurt     ";"BU0363KC01";"1";0;0;0;0;0;0;0;0;0;0;0;0;0;0;0;0;0;0;0;0;;;;;0;0;0;0;;;0;;1;;;;;;;;;;;;;;;;;;;;;;;;;;;;;;;;;;;;;;;;;;;;;;;;;;;;;;;;;;0;;;;;;;;;0;0;0;;;0;;;;;;25;20;5;"      1075";1;1;8472
"Willemsparkbuurt-Noord";"Amsterdam                               ";"Buurt     ";"BU0363KC02";"1";1525;750;770;190;230;460;430;205;920;475;100;30;790;350;380;790;90;125;260;260;;;;;790;370;220;205;1,9;8068;810;;118;;1405;12;5;2;3;1;88;16;49;51;5;45;99;1;;;;;;;;;;;;;;;;;;;;;;;;;;;;;;;;;;;;;;;;;;;870;0;25;80;50;180;375;100;60;660;400;260;0,8;3491;30;0,4;0,5;0,3;0,7;35,1;19;19;0;"      1075";1;1;8413
"Valeriusbuurt-West";"Amsterdam                               ";"Buurt     ";"BU0363KC03";"1";2620;1255;1365;440;280;845;655;400;1565;860;150;40;1270;600;745;1270;140;270;465;480;;;;;1260;500;365;395;2,1;19302;1266;;71;;980;2;1;0;0;0;98;8;46;53;17;37;100;0;;;;;;;;;;;;;;;;;;;;;;;;;;;;;;;;;;;;;;;;;;;630;0;25;75;50;40;260;110;70;710;505;205;0,6;5231;40;0,5;0,2;0,4;0,3;31,5;14;14;1;"      1075";1;1;7744
"Valeriusbuurt-Oost";"Amsterdam                               ";"Buurt     ";"BU0363KC04";"1";1410;720;690;245;190;330;435;220;735;550;95;30;650;360;405;645;100;110;260;295;;;;;650;255;170;230;2,2;12265;704;;81;;1436;3;3;0;0;0;97;15;59;41;1;40;96;4;;;;;;;;;;;;;;;;;;;;;;;;;;;;;;;;;;;;;;;;;;;625;0;25;50;35;145;245;80;50;520;345;180;0,8;4532;35;0,2;0,3;0,3;0,4;34,5;12;11;1;"      1075";1;1;7560
"Museumkwartier";"Amsterdam                               ";"Wijk      ";"WK0363KD  ";"1";12565;6080;6485;1580;1420;3800;3215;2555;7215;4155;780;415;6510;2930;3130;6510;730;1065;2200;2060;;;;;6870;3525;1820;1525;1,8;9565;7116;;868;;1153;6;5;0;0;0;94;13;42;58;4;54;99;1;;;;;;;;;;;;;;;;;;;;;;;;;;;;;;;;;;;;;;;;;;;4400;5;125;645;290;590;1600;565;575;4020;2725;1295;0,6;3061;190;0,4;0,4;0,3;0,6;37,3;139;131;7;"         .";;1;8019
"Vondelpark-Oost";"Amsterdam                               ";"Buurt     ";"BU0363KD01";"1";0;0;0;0;0;0;0;0;0;0;5;0;0;0;0;0;0;0;0;5;;;;;0;0;0;0;2;;3;;3;;;;;;;;;;;;;;;;;;;;;;;;;;;;;;;;;;;;;;;;;;;;;;;;;;;;;;;;;;15;;;;;;;;;0;0;0;;;0;;;;;;24;21;3;"      1071";2;1;8483
"Cornelis Schuytbuurt";"Amsterdam                               ";"Buurt     ";"BU0363KD02";"1";2905;1415;1495;470;375;820;805;430;1625;1070;145;65;1380;740;785;1380;165;240;575;545;;;;;1445;650;390;405;2;14918;1524;;163;;1491;8;7;0;0;0;92;17;56;44;2;41;100;0;;;;;;;;;;;;;;;;;;;;;;;;;;;;;;;;;;;;;;;;;;;965;0;25;140;55;150;375;120;105;1015;665;350;0,7;5205;45;0,4;0,4;0,2;0,6;36,6;19;19;0;"      1071";1;1;7356
"Concertgebouwbuurt";"Amsterdam                               ";"Buurt     ";"BU0363KD03";"1";1835;910;925;255;210;540;530;300;1050;610;120;50;940;415;475;940;100;155;320;320;;;;;975;500;225;255;1,9;13880;1041;;139;;1348;10;9;1;0;0;90;17;56;44;6;37;99;1;;;;;;;;;;;;;;;;;;;;;;;;;;;;;;;;;;;;;;;;;;;700;5;10;115;40;120;240;95;80;620;405;215;0,6;4695;30;0,5;0,5;0,2;0,5;40;13;13;0;"      1071";1;1;7910
"P.C. Hooftbuurt";"Amsterdam                               ";"Buurt     ";"BU0363KD04";"1";800;400;400;80;90;285;215;135;485;255;40;15;340;245;210;340;45;60;205;155;;;;;460;250;130;75;1,7;7201;524;;209;;1234;6;3;1;1;1;94;26;35;65;1;64;98;2;;;;;;;;;;;;;;;;;;;;;;;;;;;;;;;;;;;;;;;;;;;540;0;15;140;25;85;185;40;50;255;170;90;0,6;2316;20;0,9;0,7;0,4;0,5;37,7;11;11;0;"      1071";1;1;8621
"Museumplein";"Amsterdam                               ";"Buurt     ";"BU0363KD05";"1";10;5;5;0;0;0;0;5;5;5;0;0;5;5;0;5;0;0;0;5;;;;;5;5;0;0;1,6;;5;;17;;;;;;;;;;;;;;;;;;;;;;;;;;;;;;;;;;;;;;;;;;;;;;;;;;;;;;;;;;5;;;;;;;;;5;5;5;;;0;;;;;;13;13;0;"      1071";1;1;8658
"Banpleinbuurt";"Amsterdam                               ";"Buurt     ";"BU0363KD06";"1";780;375;405;95;105;145;230;205;375;325;60;30;440;160;185;440;55;65;105;115;;;;;390;180;100;110;2;7600;357;;38;;1761;29;26;2;1;0;71;8;57;43;2;41;99;1;;;;;;;;;;;;;;;;;;;;;;;;;;;;;;;;;;;;;;;;;;;285;0;5;15;20;60;125;40;25;290;180;110;0,7;2819;10;0,3;0,5;0,3;0,2;38,9;11;10;1;"      1071";1;1;6981
"Hondecoeterbuurt";"Amsterdam                               ";"Buurt     ";"BU0363KD07";"1";2015;960;1055;275;225;645;490;375;1250;590;105;70;1105;410;505;1100;120;165;290;335;;;;;1090;530;295;260;1,9;16196;1084;;85;;1069;1;1;0;0;0;99;12;42;58;6;52;98;2;;;;;;;;;;;;;;;;;;;;;;;;;;;;;;;;;;;;;;;;;;;585;0;25;65;50;70;240;70;70;610;395;215;0,6;4903;25;0,4;0,6;0,2;0,3;36,9;13;12;0;"      1071";1;1;7225
"Johannes Vermeerbuurt";"Amsterdam                               ";"Buurt     ";"BU0363KD08";"1";1505;750;755;195;160;475;380;290;870;520;70;50;725;415;370;725;95;125;320;245;;;;;785;360;240;190;1,9;9754;810;;115;;1218;3;2;0;0;0;97;13;49;51;3;48;97;3;;;;;;;;;;;;;;;;;;;;;;;;;;;;;;;;;;;;;;;;;;;575;0;15;65;45;70;215;55;115;470;315;155;0,6;3049;15;0,4;0,4;0,7;0,9;36,1;16;15;1;"      1071";1;1;8970
"Duivelseiland";"Amsterdam                               ";"Buurt     ";"BU0363KD09";"1";1390;670;720;125;155;685;285;135;1000;300;75;20;630;380;380;630;60;130;320;250;;;;;860;505;225;125;1,6;23805;885;;67;;611;0;0;0;0;0;100;11;35;65;11;54;100;0;;;;;;;;;;;;;;;;;;;;;;;;;;;;;;;;;;;;;;;;;;;405;0;20;50;35;20;135;90;55;295;225;75;0,3;5083;20;0,3;0,3;0,6;0,8;36,8;6;6;0;"      1071";1;1;9115
"Harmoniehofbuurt";"Amsterdam                               ";"Buurt     ";"BU0363KD10";"1";1325;600;725;80;90;200;275;675;555;490;165;115;950;155;215;945;100;125;60;100;;;;;865;550;215;100;1,5;13508;883;;32;;649;1;0;0;1;0;99;3;0;100;0;100;100;0;;;;;;;;;;;;;;;;;;;;;;;;;;;;;;;;;;;;;;;;;;;320;0;10;55;25;10;85;60;75;455;370;85;0,5;4639;25;0,3;0,4;0,4;0,6;36,6;11;10;2;"      1071";1;1;8238
"Oude Pijp";"Amsterdam                               ";"Wijk      ";"WK0363KE  ";"1";15000;7515;7480;1020;2185;7170;3035;1580;11425;2460;920;195;6730;3625;4640;6735;705;1540;2920;3095;;;;;10010;6445;2430;1140;1,5;23683;9708;;1032;;539;1;1;0;0;0;99;8;27;73;25;47;100;0;;;;;;;;;;;;;;;;;;;;;;;;;;;;;;;;;;;;;;;;;;;4130;5;170;910;420;160;1250;470;755;2495;1910;585;0,2;3940;280;0,7;0,3;0,5;0,8;33,9;68;63;5;"         .";;1;10742
"Frans Halsbuurt";"Amsterdam                               ";"Buurt     ";"BU0363KE01";"1";2610;1295;1315;190;360;1225;560;275;1955;455;165;35;1205;670;735;1205;135;240;535;495;;;;;1760;1160;385;215;1,5;23659;1748;;139;;553;1;1;0;0;0;99;9;30;70;23;47;100;0;;;;;;;;;;;;;;;;;;;;;;;;;;;;;;;;;;;;;;;;;;;715;0;25;135;85;35;225;80;130;475;355;120;0,3;4284;55;0,5;0,5;0,7;1,2;33,6;12;11;1;"      1072";1;1;10018
"Gerard Doubuurt";"Amsterdam                               ";"Buurt     ";"BU0363KE02";"1";2055;1030;1030;145;285;950;420;250;1520;355;150;30;835;465;760;835;85;235;380;520;;;;;1365;875;310;180;1,5;20761;1341;;130;;541;0;0;0;0;0;100;8;26;74;36;38;100;0;;;;;;;;;;;;;;;;;;;;;;;;;;;;;;;;;;;;;;;;;;;495;0;20;110;50;15;150;55;90;295;225;70;0,2;2979;40;0,6;0,3;0,3;0,9;34,7;11;10;1;"      1073";4;1;10518
"Hercules Seghersbuurt";"Amsterdam                               ";"Buurt     ";"BU0363KE03";"1";2530;1270;1260;150;340;1245;500;285;1930;380;180;35;1075;565;885;1075;120;295;445;590;;;;;1735;1165;395;180;1,5;31638;1692;;172;;485;0;0;0;0;0;100;7;21;79;36;43;99;1;;;;;;;;;;;;;;;;;;;;;;;;;;;;;;;;;;;;;;;;;;;595;0;15;120;75;20;165;75;125;395;315;85;0,2;4968;55;0,7;0,2;0,6;1;34,2;8;8;0;"      1072";1;1;10331
"Sarphatiparkbuurt";"Amsterdam                               ";"Buurt     ";"BU0363KE04";"1";5150;2585;2565;305;805;2520;995;525;4005;775;300;70;2350;1250;1545;2350;225;510;1025;1040;;;;;3450;2200;910;335;1,5;22698;3366;;454;;512;0;0;0;0;0;100;8;27;73;19;53;99;1;;;;;;;;;;;;;;;;;;;;;;;;;;;;;;;;;;;;;;;;;;;1575;0;70;415;145;45;440;165;290;795;615;175;0,2;3499;80;0,7;0,4;0,4;0,7;33,5;23;23;0;"      1073";4;1;11260
"Hemonybuurt";"Amsterdam                               ";"Buurt     ";"BU0363KE05";"1";2650;1335;1315;230;395;1230;555;245;2010;485;130;25;1265;675;710;1265;140;260;535;455;;;;;1700;1045;425;230;1,6;22654;1561;;137;;638;1;1;0;0;0;99;8;32;68;20;48;100;0;;;;;;;;;;;;;;;;;;;;;;;;;;;;;;;;;;;;;;;;;;;755;0;45;130;60;40;270;90;120;535;400;135;0,3;4582;45;0,7;0,3;0,4;0,5;33,8;14;12;2;"      1074";1;1;11027
"Nieuwe Pijp";"Amsterdam                               ";"Wijk      ";"WK0363KF  ";"1";12550;6055;6500;1000;1410;5820;2660;1670;9180;2175;910;285;5665;2790;4090;5665;575;1350;2215;2750;;;;;8125;5105;1960;1060;1,5;24433;7990;;526;;518;0;0;0;0;0;100;8;28;71;29;42;98;2;;;;;;;;;;;;;;;;;;;;;;;;;;;;;;;;;;;;;;;;;;;2870;0;140;435;300;80;945;490;480;2745;1930;815;0,3;5340;220;0,4;0,3;0,3;0,6;30,9;54;51;3;"         .";;1;11021
"Cornelis Troostbuurt";"Amsterdam                               ";"Buurt     ";"BU0363KF01";"1";3660;1740;1920;310;410;1760;720;460;2690;650;240;75;1630;890;1140;1635;175;360;715;775;;;;;2325;1420;605;305;1,6;24967;2208;;133;;518;0;0;0;0;0;100;8;32;68;21;46;100;0;;;;;;;;;;;;;;;;;;;;;;;;;;;;;;;;;;;;;;;;;;;810;0;35;125;100;20;270;135;125;665;510;155;0,3;4523;60;0,5;0,3;0,3;0,8;32,4;16;15;1;"      1072";1;1;9727
"Lizzy Ansinghbuurt";"Amsterdam                               ";"Buurt     ";"BU0363KF02";"1";2350;1165;1190;180;260;1005;535;370;1705;395;175;75;985;525;845;985;110;300;410;545;;;;;1445;885;345;215;1,6;19014;1424;;114;;513;0;0;0;0;0;100;7;26;74;35;39;100;0;;;;;;;;;;;;;;;;;;;;;;;;;;;;;;;;;;;;;;;;;;;570;0;30;90;55;20;180;85;105;405;300;110;0,3;3289;30;0,3;0,3;0,3;0,6;31,3;13;12;0;"      1072";1;1;10595
"Van der Helstpleinbuurt";"Amsterdam                               ";"Buurt     ";"BU0363KF03";"1";3860;1880;1980;325;390;1925;840;380;2915;650;255;45;1785;890;1185;1785;180;370;710;810;;;;;2520;1570;615;325;1,5;28330;2519;;159;;531;0;0;0;0;0;100;9;29;71;27;44;97;3;;;;;;;;;;;;;;;;;;;;;;;;;;;;;;;;;;;;;;;;;;;905;0;45;120;95;25;305;175;140;1190;750;440;0,5;8741;75;0,3;0,4;0,3;0,4;28,9;14;14;0;"      1073";1;1;11934
"Willibrordusbuurt";"Amsterdam                               ";"Buurt     ";"BU0363KF04";"1";2675;1270;1410;185;350;1125;565;455;1865;485;240;85;1260;485;930;1260;105;315;375;615;;;;;1840;1235;395;210;1,5;25007;1839;;120;;505;1;1;0;0;0;99;9;26;74;35;39;95;5;;;;;;;;;;;;;;;;;;;;;;;;;;;;;;;;;;;;;;;;;;;590;0;30;95;55;20;190;90;110;480;370;110;0,3;4501;55;0,5;0,3;0,3;0,6;31,3;12;11;2;"      1074";1;1;11655
"Zuid Pijp";"Amsterdam                               ";"Wijk      ";"WK0363KG  ";"1";7810;3715;4100;820;855;2670;1980;1495;5190;1530;875;220;3320;1100;3390;3320;355;1290;750;2100;;;;;4655;2690;970;995;1,7;22135;4632;;155;;479;2;1;0;0;0;98;5;17;83;68;16;100;0;;;;;;;;;;;;;;;;;;;;;;;;;;;;;;;;;;;;;;;;;;;1465;0;95;190;170;20;440;275;270;1570;1250;320;0,3;4443;145;0,6;0,5;0,3;0,8;27,6;39;35;4;"         .";;1;10863
"BurgemeesterTellegenbuurt-West";"Amsterdam                               ";"Buurt     ";"BU0363KG01";"1";2160;995;1165;240;215;715;545;445;1415;405;275;65;970;305;880;970;105;350;205;530;;;;;1315;780;260;270;1,6;22097;1316;;13;;465;0;0;0;0;0;100;5;15;84;77;8;100;0;;;;;;;;;;;;;;;;;;;;;;;;;;;;;;;;;;;;;;;;;;;355;0;20;35;40;5;115;65;75;410;330;80;0,3;4182;45;0,4;0,5;0,4;0,7;29,2;10;10;0;"      1073";1;1;11190
"Burgemeester Tellegenbuurt-Oost";"Amsterdam                               ";"Buurt     ";"BU0363KG02";"1";2695;1290;1410;245;295;990;680;485;1790;540;295;70;1155;375;1165;1150;110;420;265;745;;;;;1615;910;370;330;1,6;22985;1628;;67;;470;0;0;0;0;0;100;4;17;83;64;20;99;1;;;;;;;;;;;;;;;;;;;;;;;;;;;;;;;;;;;;;;;;;;;495;0;25;70;45;5;145;95;110;545;440;105;0,3;4638;50;0,6;0,4;0,3;0,8;26,4;12;12;0;"      1073";1;1;11220
"Diamantbuurt";"Amsterdam                               ";"Buurt     ";"BU0363KG03";"1";2955;1430;1530;330;340;965;750;565;1980;585;300;85;1195;420;1340;1195;140;515;280;820;;;;;1730;995;340;390;1,7;21439;1688;;75;;499;4;4;0;0;0;96;6;17;83;65;18;100;0;;;;;;;;;;;;;;;;;;;;;;;;;;;;;;;;;;;;;;;;;;;615;0;50;85;80;15;185;115;85;615;475;140;0,4;4462;50;0,7;0,6;0,2;0,9;27,6;17;14;3;"      1074";1;1;10282
"Stadionbuurt";"Amsterdam                               ";"Wijk      ";"WK0363KH  ";"1";11665;5460;6205;1420;1210;4280;2855;1900;7570;2625;1150;320;5510;2200;3950;5515;600;1525;1600;2425;;;;;6785;3730;1520;1540;1,7;12190;6589;;325;;566;1;0;0;0;0;99;6;18;82;47;34;98;2;;;;;;;;;;;;;;;;;;;;;;;;;;;;;;;;;;;;;;;;;;;2610;0;115;325;250;160;875;525;355;3310;2425;885;0,5;3459;225;0,7;0,3;0,3;0,4;27,6;107;96;12;"         .";;1;5442
"Bertelmanpleinbuurt";"Amsterdam                               ";"Buurt     ";"BU0363KH01";"1";1025;480;545;95;105;325;280;225;655;185;150;35;460;140;430;460;45;170;90;260;;;;;625;375;130;125;1,6;18901;649;;6;;493;0;0;0;0;0;100;5;6;94;91;3;100;0;;;;;;;;;;;;;;;;;;;;;;;;;;;;;;;;;;;;;;;;;;;165;0;10;20;20;5;55;30;30;255;210;45;0,4;4693;15;0,6;0,2;0,2;0,2;31,8;6;5;1;"      1075";1;1;7469
"Olympisch Stadion e.o.";"Amsterdam                               ";"Buurt     ";"BU0363KH02";"1";2320;1085;1235;395;195;835;540;355;1380;675;185;80;880;595;840;880;120;275;475;565;;;;;1195;560;260;370;1,9;11088;1200;;119;;761;0;0;0;0;0;100;6;9;91;26;65;92;8;;;;;;;;;;;;;;;;;;;;;;;;;;;;;;;;;;;;;;;;;;;620;0;30;75;60;60;245;90;60;895;500;395;0,7;4276;45;1;0,4;0,1;0,8;22;23;21;2;"      1076";1;1;5284
"Marathonbuurt-West";"Amsterdam                               ";"Buurt     ";"BU0363KH03";"1";2320;1085;1235;225;245;760;645;440;1545;405;310;65;975;345;1000;975;100;405;240;600;;;;;1495;980;235;285;1,5;19636;1525;;38;;426;0;0;0;0;0;100;6;17;83;76;8;100;0;;;;;;;;;;;;;;;;;;;;;;;;;;;;;;;;;;;;;;;;;;;355;0;20;50;35;10;85;90;65;525;430;95;0,3;4437;45;0,4;0,2;0,3;0,3;30,5;12;12;0;"      1076";1;1;5384
"Marathonbuurt-Oost";"Amsterdam                               ";"Buurt     ";"BU0363KH04";"1";1440;665;770;150;170;435;395;285;910;310;175;40;675;200;560;680;65;240;130;325;;;;;870;525;150;195;1,6;9627;876;;33;;529;1;1;0;0;0;99;6;13;87;78;9;100;0;;;;;;;;;;;;;;;;;;;;;;;;;;;;;;;;;;;;;;;;;;;315;0;10;40;25;15;65;110;50;370;310;65;0,4;2485;25;0,4;0,3;0,2;0,3;31,5;16;15;1;"      1076";1;1;6952
"Van Tuyllbuurt";"Amsterdam                               ";"Buurt     ";"BU0363KH05";"1";4140;1925;2210;490;435;1825;860;530;2820;925;295;95;2235;860;1045;2235;235;410;625;630;;;;;2385;1190;700;490;1,7;20751;2336;;87;;592;1;1;0;0;0;99;6;29;70;17;54;100;0;;;;;;;;;;;;;;;;;;;;;;;;;;;;;;;;;;;;;;;;;;;900;0;35;125;90;45;315;160;125;1105;885;220;0,5;5534;75;0,7;0,2;0,3;0,4;28;21;20;1;"      1076";1;1;4723
"IJsbaanpad e.o.";"Amsterdam                               ";"Buurt     ";"BU0363KH06";"1";420;215;200;55;65;90;140;60;255;130;30;0;285;55;75;285;25;25;35;50;;;;;210;95;40;70;2;1852;3;;42;;;;;;;;;;;;;;;;;;;;;;;;;;;;;;;;;;;;;;;;;;;;;;;;;;;;;;;;;;255;0;20;15;25;20;105;45;25;160;90;70;0,8;707;15;1,5;1,1;1,1;1,1;13,6;30;23;7;"      1076";1;2;2095
"Apollobuurt";"Amsterdam                               ";"Wijk      ";"WK0363KJ  ";"1";8640;4080;4550;1540;1000;2155;2370;1570;4540;3230;565;300;4245;2285;2105;4245;595;750;1690;1355;;;;;4055;1660;1015;1380;2,1;9770;3938;;257;;1295;15;10;2;2;1;85;9;56;44;2;42;100;0;;;;;;;;;;;;;;;;;;;;;;;;;;;;;;;;;;;;;;;;;;;2525;0;90;260;155;420;1035;345;225;3190;2130;1055;0,8;3606;95;0,5;0,5;0,4;0,6;33;94;88;6;"         .";;1;5769
"Hiltonbuurt";"Amsterdam                               ";"Buurt     ";"BU0363KJ01";"1";70;35;35;15;10;5;30;5;35;25;5;0;45;10;10;45;5;5;5;10;;;;;25;5;5;15;2,8;713;33;;18;;;88;0;0;39;48;12;27;58;42;0;42;97;3;;;;;;;;;;;;;;;;;;;;;;;;;;;;;;;;;;;;;;;;;;;90;0;0;5;0;25;35;10;5;50;25;20;;;0;0,9;0,7;0,5;0,7;31,3;11;10;2;"      1077";1;1;6123
"Minervabuurt-Noord";"Amsterdam                               ";"Buurt     ";"BU0363KJ02";"1";1410;680;730;275;175;310;420;235;730;550;95;40;715;370;325;715;105;135;265;195;;;;;610;210;145;250;2,3;9783;621;;51;;1401;8;8;0;0;0;92;11;64;36;0;36;100;0;;;;;;;;;;;;;;;;;;;;;;;;;;;;;;;;;;;;;;;;;;;565;0;20;50;30;155;225;55;30;560;350;210;0,9;3886;25;0,7;0,6;0,3;0,6;34;14;14;0;"      1077";1;1;6072
"Minervabuurt-Midden";"Amsterdam                               ";"Buurt     ";"BU0363KJ03";"1";2475;1155;1320;465;270;635;645;455;1265;945;165;100;1125;725;620;1130;195;200;525;420;;;;;1145;455;290;395;2,2;16438;1121;;47;;1181;7;6;0;0;0;93;9;59;41;0;41;100;0;;;;;;;;;;;;;;;;;;;;;;;;;;;;;;;;;;;;;;;;;;;560;0;20;65;45;70;240;70;50;815;560;250;0,7;5406;20;0,6;0,6;0,3;0,5;32,3;15;15;0;"      1077";1;1;5846
"Minervabuurt-Zuid";"Amsterdam                               ";"Buurt     ";"BU0363KJ04";"1";2555;1205;1350;410;255;750;645;500;1380;900;175;100;1260;625;665;1260;155;225;470;445;;;;;1270;550;340;385;2;16550;1266;;39;;984;4;4;1;0;0;96;9;50;50;0;50;100;0;;;;;;;;;;;;;;;;;;;;;;;;;;;;;;;;;;;;;;;;;;;610;0;20;60;45;65;265;90;65;905;660;250;0,7;5875;25;0,6;0,5;0,6;0,7;32;16;15;1;"      1077";1;1;5252
"Beethovenbuurt";"Amsterdam                               ";"Buurt     ";"BU0363KJ05";"1";1350;630;720;220;180;325;385;235;725;480;100;45;650;400;300;645;75;105;320;200;;;;;690;335;145;205;2;9266;570;;74;;1494;32;25;3;4;0;68;7;51;49;11;38;100;0;;;;;;;;;;;;;;;;;;;;;;;;;;;;;;;;;;;;;;;;;;;440;0;20;70;20;55;160;70;45;455;285;170;0,7;3112;10;0,4;0,3;0,4;0,4;34,7;15;15;1;"      1077";1;1;6452
"Diepenbrockbuurt";"Amsterdam                               ";"Buurt     ";"BU0363KJ06";"1";780;375;400;155;105;125;245;145;405;325;30;20;450;155;175;450;60;80;95;90;;;;;325;110;85;130;2,4;4047;327;;28;;2286;62;25;10;19;8;38;10;67;33;0;33;100;0;;;;;;;;;;;;;;;;;;;;;;;;;;;;;;;;;;;;;;;;;;;265;0;5;15;10;50;105;50;25;405;255;155;1,3;2109;10;0,3;0,4;0,4;0,7;33,5;22;19;3;"      1077";1;1;5550
"Scheldebuurt";"Amsterdam                               ";"Wijk      ";"WK0363KK  ";"1";15125;7100;8030;1855;1690;6430;2850;2305;10175;3460;1055;440;8580;2985;3560;8580;915;1445;2075;2120;;;;;8285;4070;2425;1790;1,8;15301;8156;;446;;654;2;1;0;0;0;98;9;31;69;17;52;93;7;;;;;;;;;;;;;;;;;;;;;;;;;;;;;;;;;;;;;;;;;;;3210;0;110;470;330;135;1130;560;465;3630;2750;880;0,4;3672;285;0,4;0,4;0,3;0,6;27,1;101;99;2;"         .";;1;7253
"Wielingenbuurt";"Amsterdam                               ";"Buurt     ";"BU0363KK01";"1";2910;1370;1540;365;295;1195;620;440;1925;735;185;75;1695;580;630;1695;180;270;405;360;;;;;1555;705;485;375;1,9;20856;1487;;37;;746;3;2;0;0;0;97;6;34;66;12;55;100;0;;;;;;;;;;;;;;;;;;;;;;;;;;;;;;;;;;;;;;;;;;;675;0;20;100;75;35;255;100;100;750;560;190;0,5;5362;45;0,4;0,4;0,5;0,7;29,6;15;14;1;"      1078";1;1;7720
"Scheldebuurt-West";"Amsterdam                               ";"Buurt     ";"BU0363KK02";"1";4390;2045;2345;535;590;1780;840;640;2975;985;315;115;2480;865;1045;2475;275;425;590;625;;;;;2440;1210;675;550;1,8;17445;2300;;112;;667;0;0;0;0;0;100;7;32;68;17;51;100;0;;;;;;;;;;;;;;;;;;;;;;;;;;;;;;;;;;;;;;;;;;;915;0;35;160;95;25;310;155;140;1010;755;255;0,4;4012;85;0,4;0,2;0,2;0,4;29,7;26;25;0;"      1078";3;1;7385
"Scheldebuurt-Midden";"Amsterdam                               ";"Buurt     ";"BU0363KK03";"1";3120;1420;1700;415;335;1355;565;450;2115;725;215;70;1835;595;690;1835;175;260;420;425;;;;;1675;795;510;380;1,9;19468;1579;;62;;697;0;0;0;0;0;100;7;41;59;10;50;100;0;;;;;;;;;;;;;;;;;;;;;;;;;;;;;;;;;;;;;;;;;;;645;0;25;90;60;25;225;115;100;780;585;195;0,5;4869;90;0,3;0,4;0,3;0,5;28,8;16;16;0;"      1078";3;1;8618
"Scheldebuurt-Oost";"Amsterdam                               ";"Buurt     ";"BU0363KK04";"1";2385;1115;1275;300;270;1080;435;300;1655;540;150;40;1355;470;560;1355;155;245;310;315;;;;;1320;635;400;290;1,8;16968;1197;;64;;629;0;0;0;0;0;100;6;38;62;13;49;100;0;;;;;;;;;;;;;;;;;;;;;;;;;;;;;;;;;;;;;;;;;;;550;0;20;75;50;35;190;110;75;575;455;120;0,4;4084;45;0,2;0,4;0,2;0,3;26,6;14;14;0;"      1079";3;1;8292
"Veluwebuurt";"Amsterdam                               ";"Buurt     ";"BU0363KK05";"1";1290;620;670;155;75;385;290;385;795;240;155;105;825;190;275;830;85;125;105;145;;;;;690;410;150;125;1,7;9865;937;;105;;483;9;7;2;0;1;91;28;10;90;39;51;100;0;;;;;;;;;;;;;;;;;;;;;;;;;;;;;;;;;;;;;;;;;;;215;0;0;20;20;5;85;45;35;315;265;55;0,5;2422;15;0,8;0,8;0,3;0,8;16,4;13;13;0;"      1079";1;1;5265
"Kop Zuidas";"Amsterdam                               ";"Buurt     ";"BU0363KK06";"1";1030;525;505;95;120;630;100;95;725;235;40;35;385;280;365;385;45;115;235;250;;;;;600;310;210;75;1,7;6225;656;;66;;566;0;0;0;0;0;100;7;16;84;21;63;9;91;;;;;;;;;;;;;;;;;;;;;;;;;;;;;;;;;;;;;;;;;;;205;0;10;25;30;10;70;40;20;200;135;70;0,3;1217;10;0,9;0,5;0,5;1;17,6;17;17;0;"      1079";1;1;3774
"IJselbuurt";"Amsterdam                               ";"Wijk      ";"WK0363KL  ";"1";5200;2445;2750;465;595;2300;1105;735;3720;920;450;115;2725;860;1615;2725;245;650;620;965;;;;;3315;1995;800;520;1,6;20294;3034;;122;;514;0;0;0;0;0;100;5;18;82;43;40;100;0;;;;;;;;;;;;;;;;;;;;;;;;;;;;;;;;;;;;;;;;;;;1075;0;65;155;115;30;340;180;190;1160;945;215;0,4;4530;100;0,5;0,5;0,4;0,8;27,3;29;26;4;"         .";;1;9702
"IJselbuurt-West";"Amsterdam                               ";"Buurt     ";"BU0363KL01";"1";2330;1115;1215;170;240;1040;520;360;1680;385;215;50;1265;395;670;1260;120;255;280;420;;;;;1560;985;375;195;1,5;18852;1484;;73;;487;0;0;0;0;0;100;5;18;82;41;41;100;0;;;;;;;;;;;;;;;;;;;;;;;;;;;;;;;;;;;;;;;;;;;495;0;25;75;40;15;150;90;100;530;440;95;0,3;4294;50;0,5;0,5;0,2;0,7;29,3;13;12;1;"      1078";1;1;10019
"IJselbuurt-Oost";"Amsterdam                               ";"Buurt     ";"BU0363KL02";"1";2870;1330;1540;290;355;1260;585;375;2035;530;235;65;1465;460;945;1465;125;395;340;550;;;;;1755;1005;425;325;1,6;21639;1550;;49;;541;0;0;0;0;0;100;5;18;82;44;38;100;0;;;;;;;;;;;;;;;;;;;;;;;;;;;;;;;;;;;;;;;;;;;580;0;40;80;75;15;190;90;90;630;505;125;0,4;4750;50;0,5;0,5;0,6;0,8;25,7;16;13;3;"      1078";1;1;9395
"Rijnbuurt";"Amsterdam                               ";"Wijk      ";"WK0363KM  ";"1";8735;4115;4620;800;985;3765;1855;1330;6305;1440;790;205;4855;1380;2500;4855;420;1040;955;1465;;;;;5470;3185;1425;855;1,6;9045;5340;;185;;509;1;0;0;0;0;99;8;23;77;37;40;100;0;;;;;;;;;;;;;;;;;;;;;;;;;;;;;;;;;;;;;;;;;;;1660;0;80;240;175;70;530;305;260;2085;1665;425;0,4;2161;200;0,4;0,4;0,3;0,5;20,7;110;97;14;"         .";;1;6267
"Kromme Mijdrechtbuurt";"Amsterdam                               ";"Buurt     ";"BU0363KM01";"1";2190;1050;1145;150;270;965;470;335;1605;330;200;55;1210;345;635;1215;100;260;245;380;;;;;1430;855;380;195;1,5;13140;1462;;104;;495;0;0;0;0;0;100;12;20;80;47;33;99;1;;;;;;;;;;;;;;;;;;;;;;;;;;;;;;;;;;;;;;;;;;;445;0;20;65;60;10;140;95;55;490;375;115;0,3;2949;40;0,2;0,4;0,3;0,5;24;18;17;2;"      1079";1;1;7767
"Rijnbuurt-West";"Amsterdam                               ";"Buurt     ";"BU0363KM02";"1";1630;795;835;185;135;465;465;380;1070;265;245;55;705;210;710;710;75;280;135;435;;;;;1050;705;140;200;1,5;20516;1073;;14;;451;0;0;0;0;0;100;4;12;87;82;6;100;0;;;;;;;;;;;;;;;;;;;;;;;;;;;;;;;;;;;;;;;;;;;210;0;15;25;25;5;60;50;30;350;295;55;0,3;4421;30;0,3;0,5;0,3;0,3;21;8;8;0;"      1079";1;1;5362
"Rijnbuurt-Midden";"Amsterdam                               ";"Buurt     ";"BU0363KM03";"1";2170;980;1190;225;235;1025;385;295;1590;385;135;50;1285;375;510;1280;115;235;265;280;;;;;1315;715;390;215;1,6;8369;1260;;27;;540;2;0;0;1;1;98;7;23;77;12;65;100;0;;;;;;;;;;;;;;;;;;;;;;;;;;;;;;;;;;;;;;;;;;;460;0;25;70;35;35;140;60;90;570;455;120;0,4;2209;50;0,5;0,5;0,2;0,4;19,6;29;26;3;"      1079";1;1;5550
"Rijnbuurt-Oost";"Amsterdam                               ";"Buurt     ";"BU0363KM04";"1";2700;1265;1435;235;345;1295;515;310;2020;435;200;45;1620;440;640;1620;130;270;310;370;;;;;1650;905;505;240;1,6;14119;1530;;37;;522;0;0;0;0;0;100;6;33;67;17;50;100;0;;;;;;;;;;;;;;;;;;;;;;;;;;;;;;;;;;;;;;;;;;;535;0;20;75;55;15;185;100;80;645;525;120;0,4;3377;65;0,4;0,4;0,3;0,6;19,1;23;19;4;"      1079";1;1;6026
"Zorgvlied";"Amsterdam                               ";"Buurt     ";"BU0363KM05";"1";45;25;20;5;0;10;15;10;25;10;10;0;35;5;5;35;0;5;0;5;;;;;20;5;10;5;2,3;167;15;;3;;;;;;;;;;;;;;;;;;;;;;;;;;;;;;;;;;;;;;;;;;;;;;;;;;;;;;;;;;10;;;;;;;;;25;15;10;;;10;1,5;1,7;1;1,4;7,1;32;27;5;"      1079";1;1;3027
"Prinses Irenebuurt e.o.";"Amsterdam                               ";"Wijk      ";"WK0363KN  ";"1";1400;660;740;225;165;330;360;320;755;510;80;55;675;335;390;680;100;110;235;280;;;;;680;300;175;205;2,1;3660;696;;281;;1129;33;20;5;3;5;67;10;74;25;0;25;100;0;;;;;;;;;;;;;;;;;;;;;;;;;;;;;;;;;;;;;;;;;;;370;0;15;35;40;45;150;55;35;575;380;195;0,9;1511;20;0,6;0,7;0,4;0,9;29,1;43;38;5;"         .";;1;4586
"Prinses Irenebuurt";"Amsterdam                               ";"Buurt     ";"BU0363KN01";"1";1395;660;740;230;165;325;360;320;755;510;80;55;675;335;385;680;100;110;235;275;;;;;680;300;175;200;2,1;5718;696;;278;;1129;33;20;5;3;5;67;10;74;25;0;25;100;0;;;;;;;;;;;;;;;;;;;;;;;;;;;;;;;;;;;;;;;;;;;370;0;15;35;40;45;150;55;35;575;380;195;0,9;2360;20;0,6;0,7;0,4;0,9;29,1;27;24;2;"      1077";3;1;4582
"Beatrixpark";"Amsterdam                               ";"Buurt     ";"BU0363KN02";"1";0;0;0;0;0;0;0;0;0;0;0;0;0;0;0;0;0;0;0;0;;;;;0;0;0;0;;;0;;3;;;;;;;;;;;;;;;;;;;;;;;;;;;;;;;;;;;;;;;;;;;;;;;;;;;;;;;;;;0;;;;;;;;;0;0;0;;;0;;;;;;17;14;3;"      1077";4;1;5926
"Zuidas";"Amsterdam                               ";"Wijk      ";"WK0363KP  ";"1";4835;2520;2310;460;790;2725;675;185;3480;1160;165;35;1245;1365;2225;1240;175;575;1190;1650;;;;;3310;2275;650;385;1,5;2278;2878;;1520;;670;0;0;0;0;0;100;12;18;81;6;75;20;80;;;;;;;;;;;;;;;;;;;;;;;;;;;;;;;;;;;;;;;;;;;3145;0;140;360;380;755;1150;200;160;2930;675;2250;0,9;1380;70;0,5;0,5;0,2;0,8;21,6;217;212;4;"         .";;1;3826
"Zuidas-Noord";"Amsterdam                               ";"Buurt     ";"BU0363KP01";"1";510;295;210;45;25;345;70;25;355;135;10;0;145;130;240;145;15;20;110;215;;;;;345;235;80;35;1,5;640;177;;815;;862;1;0;0;0;1;99;6;31;69;0;69;1;99;;;;;;;;;;;;;;;;;;;;;;;;;;;;;;;;;;;;;;;;;;;1215;0;45;115;130;385;455;50;30;235;120;115;0,7;294;5;1;0,8;0,1;0,5;21,1;83;79;3;"      1077";3;1;3876
"RAI";"Amsterdam                               ";"Buurt     ";"BU0363KP02";"1";10;0;0;0;5;0;0;0;5;0;0;0;0;5;0;0;0;0;5;5;;;;;0;0;0;0;6;;0;;29;;;;;;;;;;;;;;;;;;;;;;;;;;;;;;;;;;;;;;;;;;;;;;;;;;;;;;;;;;30;0;5;5;0;0;5;0;5;15;5;10;;;0;;;;;;37;36;1;"      1078";2;1;5340
"VU-kwartier";"Amsterdam                               ";"Buurt     ";"BU0363KP03";"1";395;205;185;15;90;245;35;5;340;45;0;0;95;55;240;95;15;135;40;105;;;;;330;285;40;10;1,2;850;38;;95;;720;13;8;5;0;0;87;8;53;47;5;42;100;0;;;;;;;;;;;;;;;;;;;;;;;;;;;;;;;;;;;;;;;;;;;265;0;15;30;40;15;95;40;25;95;55;40;0,3;201;10;0,7;0,8;0,7;1,3;20,1;46;46;0;"      1081";2;1;2811
"Zuidas-Zuid";"Amsterdam                               ";"Buurt     ";"BU0363KP04";"1";2660;1410;1255;350;175;1540;470;130;1690;830;120;25;680;725;1265;675;110;295;615;965;;;;;1575;845;435;290;1,7;12286;1581;;446;;875;0;0;0;0;0;100;15;25;74;11;63;29;71;;;;;;;;;;;;;;;;;;;;;;;;;;;;;;;;;;;;;;;;;;;970;0;35;130;115;235;320;70;60;1870;370;1500;1,2;8627;35;0,2;0,2;0,1;1;22,7;22;22;0;"      1082";1;1;3875
"Vivaldi";"Amsterdam                               ";"Buurt     ";"BU0363KP05";"1";1265;605;660;55;500;585;95;25;1090;140;25;5;325;460;480;325;35;125;425;360;;;;;1065;915;100;50;1,2;4362;1082;;135;;337;0;0;0;0;0;100;10;5;95;0;95;7;93;;;;;;;;;;;;;;;;;;;;;;;;;;;;;;;;;;;;;;;;;;;665;0;35;80;90;120;275;30;35;720;130;585;0,7;2478;20;1;0,9;0,2;0,3;20;29;29;0;"      1083";1;1;3780
"Buitenveldert-West";"Amsterdam                               ";"Wijk      ";"WK0363KQ  ";"1";14240;6800;7445;1825;1530;4915;2920;3045;8140;4130;1220;750;5420;3385;5435;5420;795;1605;2595;3835;;;;;8180;4615;1875;1695;1,7;4988;7836;;1889;;555;13;10;2;0;1;87;7;40;60;24;36;96;4;;;;;;;;;;;;;;;;;;;;;;;;;;;;;;;;;;;;;;;;;;;2930;0;185;480;255;250;910;515;335;4260;3120;1140;0,5;1492;255;0,5;0,4;0,4;0,7;15,4;355;286;70;"         .";;1;3816
"Amsterdamse Bos";"Amsterdam                               ";"Buurt     ";"BU0363KQ01";"1";70;40;30;5;5;20;20;15;45;15;10;0;45;15;15;45;5;10;5;5;;;;;35;20;10;10;1,8;89;22;;67;;595;77;0;0;9;68;23;55;45;55;0;55;82;18;;;;;;;;;;;;;;;;;;;;;;;;;;;;;;;;;;;;;;;;;;;60;0;15;10;0;5;10;15;10;50;35;15;;;5;1,6;2;1,8;2,3;5;132;77;55;"      1081";1;4;876
"Zuiderhof";"Amsterdam                               ";"Buurt     ";"BU0363KQ02";"1";30;20;10;5;10;15;0;0;25;5;0;0;5;10;15;5;0;0;10;15;;;;;25;20;0;0;1,3;163;3;;44;;;;;;;;;;;;;;;;;;;;;;;;;;;;;;;;;;;;;;;;;;;;;;;;;;;;;;;;;;180;0;5;15;10;55;95;0;5;45;30;15;;;5;0,4;0,9;0,8;0,9;20,4;21;19;2;"      1081";1;2;1641
"Buitenveldert-West-Midden";"Amsterdam                               ";"Buurt     ";"BU0363KQ03";"1";995;485;515;130;110;180;265;305;460;375;85;75;450;260;290;450;55;100;200;190;;;;;525;250;130;140;1,9;4122;509;;46;;946;34;19;6;0;8;66;8;53;47;30;17;99;1;;;;;;;;;;;;;;;;;;;;;;;;;;;;;;;;;;;;;;;;;;;240;0;30;25;15;35;70;40;20;390;265;130;0,8;1622;30;0,7;0,8;0,7;1,1;16,1;27;24;3;"      1081";1;1;2815
"Gelderlandpleinbuurt";"Amsterdam                               ";"Buurt     ";"BU0363KQ04";"1";4705;2205;2495;495;500;1805;860;1045;2785;1240;390;290;1625;1150;1925;1625;235;520;915;1405;;;;;2920;1745;690;480;1,6;10331;2670;;661;;494;1;1;0;0;0;99;6;36;64;27;36;100;0;;;;;;;;;;;;;;;;;;;;;;;;;;;;;;;;;;;;;;;;;;;735;0;40;180;70;45;200;115;85;1275;950;325;0,4;2802;70;0,4;0,4;0,5;0,5;20;46;46;1;"      1082";1;1;4441
"Buitenveldert-Zuidwest";"Amsterdam                               ";"Buurt     ";"BU0363KQ05";"1";4530;2170;2355;615;390;1370;950;1205;2350;1400;485;290;2010;1005;1510;2010;280;465;720;1045;;;;;2570;1475;570;530;1,7;6473;2576;;506;;581;23;19;3;1;0;77;6;36;64;25;39;90;10;;;;;;;;;;;;;;;;;;;;;;;;;;;;;;;;;;;;;;;;;;;1085;0;60;165;95;75;360;210;120;1480;1055;420;0,6;2114;75;0,5;0,3;0,3;1;14;75;70;5;"      1081";1;1;2960
"Buitenveldert-Zuid-Midden";"Amsterdam                               ";"Buurt     ";"BU0363KQ06";"1";3920;1875;2040;575;515;1525;825;475;2475;1090;260;100;1285;955;1680;1285;215;505;735;1175;;;;;2110;1105;470;540;1,9;7804;2056;;565;;506;11;8;1;1;1;89;8;47;53;18;35;99;1;;;;;;;;;;;;;;;;;;;;;;;;;;;;;;;;;;;;;;;;;;;635;0;40;90;65;35;175;135;90;1015;785;230;0,5;2022;70;0,4;0,5;0,4;0,5;11,6;54;50;4;"      1082";1;1;4403
"Buitenveldert-Oost";"Amsterdam                               ";"Wijk      ";"WK0363KR  ";"1";8340;3980;4355;1130;805;2875;1655;1870;4775;2390;735;435;2875;1700;3765;2875;385;1075;1310;2685;;;;;4660;2610;1000;1045;1,7;5434;4560;;741;;516;7;5;0;0;2;93;7;34;66;28;38;99;1;;;;;;;;;;;;;;;;;;;;;;;;;;;;;;;;;;;;;;;;;;;1330;0;70;150;155;110;455;245;145;2410;1830;585;0,5;1572;125;0,9;0,4;0,4;0,5;12,8;170;153;17;"         .";;1;3446
"De Klenckebuurt";"Amsterdam                               ";"Buurt     ";"BU0363KR01";"1";830;400;430;100;30;280;125;300;410;260;90;75;375;130;320;375;40;80;95;235;;;;;400;200;120;80;1,7;6275;406;;14;;598;0;0;0;0;0;100;6;36;64;9;55;88;12;;;;;;;;;;;;;;;;;;;;;;;;;;;;;;;;;;;;;;;;;;;90;0;0;5;20;5;35;15;10;225;180;45;0,6;1701;10;0,9;0,6;0,5;0,6;16,8;14;13;1;"      1083";5;1;3924
"Buitenveldert-Oost-Midden";"Amsterdam                               ";"Buurt     ";"BU0363KR02";"1";3445;1635;1805;480;305;1175;690;790;1930;990;365;165;1160;550;1730;1160;150;545;400;1185;;;;;1945;1025;445;475;1,8;11944;1938;;229;;466;0;0;0;0;0;100;5;26;73;46;27;100;0;;;;;;;;;;;;;;;;;;;;;;;;;;;;;;;;;;;;;;;;;;;485;0;30;60;70;25;155;95;45;995;805;190;0,5;3456;45;0,8;0,3;0,5;0,6;14,9;30;29;1;"      1083";2;1;3575
"Buitenveldert-Zuidoost";"Amsterdam                               ";"Buurt     ";"BU0363KR03";"1";4055;1935;2120;550;475;1410;835;785;2435;1140;280;200;1330;1015;1710;1330;200;440;815;1265;;;;;2310;1385;440;490;1,7;6663;2210;;475;;542;14;10;1;1;3;86;9;41;59;15;44;100;0;;;;;;;;;;;;;;;;;;;;;;;;;;;;;;;;;;;;;;;;;;;740;0;40;80;70;80;260;135;80;1180;840;340;0,5;1939;65;1,1;0,4;0,3;0,3;10,3;64;61;4;"      1083";2;1;3281
"Amstelpark";"Amsterdam                               ";"Buurt     ";"BU0363KR04";"1";10;5;5;0;0;5;0;5;5;5;0;0;10;0;5;5;0;5;0;5;;;;;5;0;0;0;2,2;26;6;;23;;;;;;;;;;;;;;;;;;;;;;;;;;;;;;;;;;;;;;;;;;;;;;;;;;;;;;;;;;15;;;;;;;;;10;5;5;;;0;2,8;2;1,7;1,7;4,7;62;51;11;"      1083";1;2;2083
"Oostelijk Havengebied";"Amsterdam                               ";"Wijk      ";"WK0363MA  ";"1";20760;10375;10380;2330;2040;7245;6215;2925;13120;5685;1580;375;10940;3790;6025;10940;1030;2655;2760;3370;;;;;11205;5210;3275;2725;1,8;13479;10585;;1483;;649;7;6;0;0;0;93;4;39;61;31;30;81;19;;;;;;;;;;;;;;;;;;;;;;;;;;;;;;;;;;;;;;;;;;;5630;5;250;540;760;225;2075;825;950;5780;4190;1590;0,5;3754;610;0,8;0,9;0,4;0,6;13,5;363;154;209;"         .";;1;4601
"Java-eiland";"Amsterdam                               ";"Buurt     ";"BU0363MA01";"1";3075;1510;1565;285;295;865;1040;595;1840;895;260;80;1825;575;670;1825;150;320;430;350;;;;;1725;825;505;395;1,8;18193;1572;;74;;706;4;4;1;0;0;96;3;33;67;20;48;100;0;;;;;;;;;;;;;;;;;;;;;;;;;;;;;;;;;;;;;;;;;;;715;0;15;55;95;30;280;120;120;885;630;255;0,5;5238;75;0,7;1,3;0,3;0,5;9,1;71;17;54;"      1019";1;1;3477
"KNSM-eiland";"Amsterdam                               ";"Buurt     ";"BU0363MA02";"1";2325;1195;1135;200;175;570;810;570;1325;695;240;70;1325;350;655;1325;90;310;260;340;;;;;1375;720;390;260;1,7;19202;1324;;213;;594;0;0;0;0;0;100;3;49;51;45;6;100;0;;;;;;;;;;;;;;;;;;;;;;;;;;;;;;;;;;;;;;;;;;;710;0;35;55;80;25;240;110;160;780;590;185;0,6;6425;90;0,7;1,4;0,7;1,3;8,2;86;12;74;"      1019";1;1;2874
"Oostelijke Handelskade";"Amsterdam                               ";"Buurt     ";"BU0363MA03";"1";1430;765;665;145;110;655;375;150;905;390;115;15;550;325;560;550;75;225;245;330;;;;;785;345;275;165;1,8;6253;752;;291;;697;0;0;0;0;0;100;7;26;74;45;30;100;0;;;;;;;;;;;;;;;;;;;;;;;;;;;;;;;;;;;;;;;;;;;645;0;25;80;110;30;230;55;110;405;280;125;0,5;1775;35;1,2;1;0,7;0,6;12,6;36;23;13;"      1019";1;1;3929
"Rietlanden";"Amsterdam                               ";"Buurt     ";"BU0363MA04";"1";2395;1200;1195;250;225;885;695;335;1485;645;200;65;1090;400;900;1095;110;390;290;505;;;;;1275;565;410;300;1,9;8954;1220;;182;;641;5;5;0;0;0;95;3;40;60;34;26;87;13;;;;;;;;;;;;;;;;;;;;;;;;;;;;;;;;;;;;;;;;;;;605;0;20;70;85;20;210;100;100;600;445;155;0,5;2247;80;0,5;0,5;0,3;0,5;15,9;34;27;8;"      1019";1;1;5372
"Sporenburg";"Amsterdam                               ";"Buurt     ";"BU0363MA05";"1";2630;1315;1315;375;370;615;1010;270;1630;835;145;25;1660;410;565;1660;160;310;250;260;;;;;1165;385;330;445;2,2;16634;1111;;55;;730;34;33;1;0;0;66;4;49;51;34;17;89;11;;;;;;;;;;;;;;;;;;;;;;;;;;;;;;;;;;;;;;;;;;;635;0;25;40;80;25;245;115;100;740;520;220;0,6;4670;75;0,6;0,7;0,3;0,3;13,7;36;16;21;"      1019";1;1;4371
"Borneo";"Amsterdam                               ";"Buurt     ";"BU0363MA06";"1";2695;1310;1385;425;355;725;930;265;1730;750;190;30;1635;390;670;1635;140;330;245;340;;;;;1215;410;315;490;2,2;22720;1104;;44;;782;17;16;0;0;0;83;2;38;62;25;37;100;0;;;;;;;;;;;;;;;;;;;;;;;;;;;;;;;;;;;;;;;;;;;690;0;25;50;85;15;285;110;120;745;555;190;0,6;6274;85;0,9;1;0,5;0,5;14,9;27;12;15;"      1019";1;1;4494
"Entrepot-Noordwest";"Amsterdam                               ";"Buurt     ";"BU0363MA07";"1";1640;800;835;150;150;685;380;270;1065;375;160;40;595;305;735;600;65;265;240;470;;;;;1010;610;220;180;1,6;15422;999;;35;;495;0;0;0;0;0;100;3;26;74;49;25;75;25;;;;;;;;;;;;;;;;;;;;;;;;;;;;;;;;;;;;;;;;;;;345;0;10;25;55;10;145;55;45;390;320;70;0,4;3681;40;0,5;0,8;0,4;0,9;20,2;13;11;2;"      1019";1;1;7452
"Bedrijvengebied Veelaan";"Amsterdam                               ";"Buurt     ";"BU0363MA08";"1";35;15;20;5;0;10;10;10;20;15;5;0;30;0;5;30;0;5;0;0;;;;;20;10;10;5;1,7;848;18;;157;;;;;;;;;;;;;;;;;;;;;;;;;;;;;;;;;;;;;;;;;;;;;;;;;;;;;;;;;;140;0;20;45;20;5;25;15;15;35;20;15;;;5;0,6;0,9;0,4;1,1;21,1;5;4;1;"      1019";1;1;8440
"Architectenbuurt";"Amsterdam                               ";"Buurt     ";"BU0363MA09";"1";1695;830;870;155;140;515;545;345;1035;445;175;40;835;300;560;835;85;210;215;350;;;;;1020;540;290;190;1,7;16867;1004;;8;;509;2;1;1;1;0;98;3;57;43;33;10;100;0;;;;;;;;;;;;;;;;;;;;;;;;;;;;;;;;;;;;;;;;;;;305;0;15;25;45;10;105;45;60;500;385;115;0,5;4976;40;1;0,6;0,4;0,6;15,7;14;10;4;"      1019";1;1;6853
"Cruquiusbuurt";"Amsterdam                               ";"Buurt     ";"BU0363MA10";"1";2575;1300;1275;315;185;1595;385;95;1880;600;90;5;1270;650;655;1275;155;270;495;385;;;;;1450;690;490;265;1,8;14727;1438;;290;;660;0;0;0;0;0;100;5;33;67;8;59;1;99;;;;;;;;;;;;;;;;;;;;;;;;;;;;;;;;;;;;;;;;;;;735;0;45;85;95;40;280;90;90;630;395;235;0,4;3605;75;1,2;0,3;0,3;0,3;13,5;31;17;14;"      1019";1;1;3411
"Bedrijvengebied Zeeburgerkade";"Amsterdam                               ";"Buurt     ";"BU0363MA11";"1";260;135;130;25;40;130;40;25;205;45;10;5;115;95;60;115;5;15;85;40;;;;;165;110;35;20;1,6;5156;43;;134;;559;5;0;5;0;0;95;7;12;88;2;86;23;77;;;;;;;;;;;;;;;;;;;;;;;;;;;;;;;;;;;;;;;;;;;115;0;15;15;15;15;25;10;20;70;45;20;0,4;1358;10;0,4;0,6;0,3;0,7;22,7;10;5;5;"      1019";1;1;7706
"Weesperzijde";"Amsterdam                               ";"Wijk      ";"WK0363MB  ";"1";5820;2890;2935;570;950;2575;1140;590;4300;1120;320;85;2725;1295;1800;2730;265;605;1030;1190;;;;;3615;2165;900;555;1,6;15741;3081;;206;;626;1;1;0;0;0;99;6;40;60;25;35;97;3;;;;;;;;;;;;;;;;;;;;;;;;;;;;;;;;;;;;;;;;;;;1410;0;50;160;175;50;520;190;265;1145;840;305;0,3;3099;110;0,7;0,5;0,4;0,6;30,3;45;37;8;"         .";;1;9827
"Weesperzijde-Noord";"Amsterdam                               ";"Buurt     ";"BU0363MB01";"1";1950;955;990;190;240;940;425;155;1460;385;80;25;1050;425;465;1055;100;160;325;310;;;;;1175;665;340;170;1,7;16805;1131;;86;;638;1;1;0;0;0;99;6;47;53;20;33;93;7;;;;;;;;;;;;;;;;;;;;;;;;;;;;;;;;;;;;;;;;;;;515;0;20;65;45;20;230;55;85;370;260;105;0,3;3183;30;0,6;0,3;0,3;0,6;35,7;14;12;3;"      1091";1;1;10223
"Weesperzijde-Midden/Zuid";"Amsterdam                               ";"Buurt     ";"BU0363MB02";"1";3240;1615;1630;335;350;1485;645;425;2285;685;205;60;1615;655;965;1615;155;365;500;605;;;;;1920;1040;540;330;1,7;17559;1830;;111;;629;1;1;0;0;0;99;7;38;62;23;39;99;1;;;;;;;;;;;;;;;;;;;;;;;;;;;;;;;;;;;;;;;;;;;870;0;30;95;120;30;290;130;175;730;540;190;0,4;3951;70;0,8;0,7;0,5;0,5;27,2;24;18;5;"      1091";1;1;9600
"Parooldriehoek";"Amsterdam                               ";"Buurt     ";"BU0363MB03";"1";635;315;315;55;355;150;70;10;550;50;35;0;60;210;360;60;10;90;200;275;;;;;520;460;15;50;1,2;9128;120;;9;;453;0;0;0;0;0;100;1;0;100;100;0;100;0;;;;;;;;;;;;;;;;;;;;;;;;;;;;;;;;;;;;;;;;;;;25;0;0;0;5;0;5;10;5;50;35;10;0,1;692;10;0,5;0,5;0,7;0,9;29,3;7;7;0;"      1091";1;1;9527
"Oosterparkbuurt";"Amsterdam                               ";"Wijk      ";"WK0363MC  ";"1";10560;5230;5330;1095;1120;4450;2350;1540;7315;2140;875;230;4165;1905;4485;4170;505;1710;1400;2775;;;;;6450;3910;1390;1145;1,6;14623;6267;;413;;512;1;1;0;0;0;99;6;27;73;55;17;98;2;;;;;;;;;;;;;;;;;;;;;;;;;;;;;;;;;;;;;;;;;;;2320;5;130;295;295;40;645;440;475;1960;1500;460;0,3;2713;215;0,4;0,4;0,3;0,7;30,8;75;72;3;"         .";;1;8734
"Oosterparkbuurt-Noordwest";"Amsterdam                               ";"Buurt     ";"BU0363MC01";"1";3805;1870;1935;360;430;1730;760;525;2725;715;290;80;1515;715;1585;1510;175;595;540;990;;;;;2420;1535;510;370;1,6;17886;2291;;143;;489;0;0;0;0;0;100;4;25;75;58;16;97;3;;;;;;;;;;;;;;;;;;;;;;;;;;;;;;;;;;;;;;;;;;;815;0;50;100;95;5;220;170;175;675;545;130;0,3;3170;80;0,3;0,4;0,3;0,6;32,9;22;21;1;"      1091";1;1;8454
"Oosterpark";"Amsterdam                               ";"Buurt     ";"BU0363MC02";"1";105;50;50;5;5;55;30;10;90;10;10;0;60;15;30;60;5;10;10;20;;;;;95;85;5;5;1,1;457;96;;26;;300;0;0;0;0;0;100;3;1;99;98;1;100;0;;;;;;;;;;;;;;;;;;;;;;;;;;;;;;;;;;;;;;;;;;;90;0;0;10;5;5;30;15;25;20;15;10;0,2;96;10;0,4;0,4;0,1;0,7;34,4;25;23;2;"      1092";1;1;8233
"Oosterparkbuurt-Zuidwest";"Amsterdam                               ";"Buurt     ";"BU0363MC03";"1";3040;1555;1490;350;315;1225;695;460;2065;625;305;55;975;455;1615;975;115;625;340;995;;;;;1815;1090;355;375;1,7;24964;1798;;114;;493;0;0;0;0;0;100;5;22;78;66;12;98;2;;;;;;;;;;;;;;;;;;;;;;;;;;;;;;;;;;;;;;;;;;;615;0;35;100;105;5;160;90;120;530;400;130;0,3;4340;55;0,3;0,3;0,4;0,8;30,8;12;12;0;"      1091";1;1;9011
"Oosterparkbuurt-Zuidoost";"Amsterdam                               ";"Buurt     ";"BU0363MC04";"1";3605;1760;1850;380;365;1450;865;540;2440;790;275;100;1620;725;1260;1620;215;480;510;780;;;;;2115;1200;520;395;1,7;22864;2082;;130;;564;3;2;0;1;0;97;8;35;65;40;25;100;0;;;;;;;;;;;;;;;;;;;;;;;;;;;;;;;;;;;;;;;;;;;800;0;40;85;90;20;235;165;160;735;535;195;0,3;4650;70;0,5;0,4;0,4;0,7;28,6;16;16;0;"      1092";1;1;8829
"Transvaalbuurt";"Amsterdam                               ";"Wijk      ";"WK0363MD  ";"1";8745;4285;4460;1050;990;3555;1960;1195;5900;1890;720;240;3315;1285;4145;3315;360;1660;930;2490;;;;;4865;2640;1110;1110;1,8;23682;4761;;176;;500;2;2;0;0;0;98;7;26;74;57;16;97;3;;;;;;;;;;;;;;;;;;;;;;;;;;;;;;;;;;;;;;;;;;;1575;5;85;195;220;15;485;285;280;1680;1320;360;0,3;4546;145;0,7;0,4;0,4;0,5;26,9;38;37;1;"         .";;1;8148
"Transvaalbuurt-West";"Amsterdam                               ";"Buurt     ";"BU0363MD01";"1";3965;1955;2010;415;430;1575;930;620;2610;885;350;120;1455;550;1960;1460;150;715;400;1245;;;;;2270;1255;540;475;1,7;22616;2154;;55;;469;2;1;0;0;0;98;3;29;71;59;12;100;0;;;;;;;;;;;;;;;;;;;;;;;;;;;;;;;;;;;;;;;;;;;670;0;35;70;105;5;205;130;115;755;590;165;0,3;4313;55;0,8;0,5;0,3;0,3;27,9;18;18;0;"      1091";1;1;8387
"Transvaalbuurt-Oost";"Amsterdam                               ";"Buurt     ";"BU0363MD02";"1";4785;2335;2445;635;560;1975;1035;570;3290;1005;365;120;1860;735;2185;1860;210;945;525;1240;;;;;2600;1385;575;645;1,8;24646;2607;;121;;525;2;2;0;0;0;98;10;24;76;56;20;94;6;;;;;;;;;;;;;;;;;;;;;;;;;;;;;;;;;;;;;;;;;;;905;0;50;125;115;15;280;155;165;925;730;195;0,4;4757;85;0,6;0,3;0,5;0,6;26;20;19;1;"      1092";1;1;7956
"Dapperbuurt";"Amsterdam                               ";"Wijk      ";"WK0363ME  ";"1";10000;4910;5095;1080;1085;3875;2300;1665;6665;2155;880;300;4050;1550;4400;4055;435;1675;1110;2725;;;;;5835;3495;1225;1115;1,7;16842;5582;;566;;509;3;2;0;0;0;97;5;27;73;55;18;89;11;;;;;;;;;;;;;;;;;;;;;;;;;;;;;;;;;;;;;;;;;;;2105;0;90;365;250;25;600;365;405;1790;1355;435;0,3;3011;150;0,3;0,3;0,3;0,4;27,9;61;59;2;"         .";;1;9011
"Dapperbuurt-Noord";"Amsterdam                               ";"Buurt     ";"BU0363ME01";"1";4255;2045;2215;420;475;1695;910;755;2880;855;380;145;1615;665;1975;1615;160;760;505;1215;;;;;2530;1545;535;455;1,7;21575;2402;;261;;475;0;0;0;0;0;100;4;27;72;59;14;94;6;;;;;;;;;;;;;;;;;;;;;;;;;;;;;;;;;;;;;;;;;;;845;0;35;160;95;5;240;130;175;705;560;145;0,3;3584;50;0,3;0,3;0,4;0,5;28,7;21;20;1;"      1093";1;1;8982
"Dapperbuurt-Zuid";"Amsterdam                               ";"Buurt     ";"BU0363ME02";"1";3625;1830;1790;305;410;1490;885;535;2490;740;310;80;1445;570;1615;1445;155;575;415;1040;;;;;2255;1430;460;370;1,6;20818;2121;;192;;474;1;1;0;0;0;99;4;23;77;55;21;100;0;;;;;;;;;;;;;;;;;;;;;;;;;;;;;;;;;;;;;;;;;;;830;0;40;120;115;10;225;155;170;615;470;145;0,3;3540;80;0,3;0,3;0,2;0,3;28,8;17;17;0;"      1093";1;1;9127
"Oostpoort";"Amsterdam                               ";"Buurt     ";"BU0363ME03";"1";2120;1040;1085;355;190;690;505;375;1290;570;190;75;995;315;815;995;125;340;195;470;;;;;1050;525;230;290;1,9;9536;1059;;113;;658;13;10;2;0;0;87;7;35;65;45;20;56;44;;;;;;;;;;;;;;;;;;;;;;;;;;;;;;;;;;;;;;;;;;;430;0;15;90;40;10;135;80;60;465;320;145;0,4;2090;25;0,3;0,3;0,2;0,3;24,6;23;22;1;"      1093";1;1;8850
"Indische Buurt-West";"Amsterdam                               ";"Wijk      ";"WK0363MF  ";"1";12045;5830;6215;1305;1470;5140;2720;1415;8295;2505;985;255;4230;1930;5880;4230;475;2280;1460;3600;;;;;6965;3890;1605;1470;1,7;25709;6712;;390;;474;0;0;0;0;0;100;5;30;70;53;17;94;6;;;;;;;;;;;;;;;;;;;;;;;;;;;;;;;;;;;;;;;;;;;2435;0;115;330;330;35;725;390;505;2205;1710;500;0,3;4711;245;0,3;0,3;0,3;0,4;24,2;48;47;1;"         .";;1;8447
"Timorpleinbuurt-Noord";"Amsterdam                               ";"Buurt     ";"BU0363MF01";"1";3930;1975;1950;430;410;1840;915;335;2840;720;310;60;1610;770;1550;1610;200;600;575;950;;;;;2395;1395;555;435;1,6;23808;2329;;163;;488;1;0;0;0;0;99;5;36;64;43;20;89;11;;;;;;;;;;;;;;;;;;;;;;;;;;;;;;;;;;;;;;;;;;;925;0;35;135;125;15;315;145;160;725;570;155;0,3;4397;75;0,4;0,3;0,3;0,4;25,7;18;17;1;"      1094";1;1;8560
"Timorpleinbuurt-Zuid";"Amsterdam                               ";"Buurt     ";"BU0363MF02";"1";4365;2080;2285;415;620;1955;920;450;3180;805;295;80;1700;715;1950;1705;165;740;550;1215;;;;;2595;1500;615;485;1,7;29986;2434;;132;;476;1;1;0;0;0;99;5;31;69;46;23;96;4;;;;;;;;;;;;;;;;;;;;;;;;;;;;;;;;;;;;;;;;;;;940;0;55;130;110;15;275;125;230;775;610;170;0,3;5338;105;0,3;0,3;0,3;0,5;24,2;15;15;0;"      1094";1;1;8568
"Ambonpleinbuurt";"Amsterdam                               ";"Buurt     ";"BU0363MF03";"1";3750;1770;1975;455;440;1340;890;625;2275;980;380;115;920;450;2380;920;110;945;335;1435;;;;;1970;990;430;545;1,9;23752;1949;;95;;453;0;0;0;0;0;100;6;22;78;73;5;97;3;;;;;;;;;;;;;;;;;;;;;;;;;;;;;;;;;;;;;;;;;;;565;0;25;65;95;5;135;125;120;705;530;175;0,4;4460;65;0,2;0,4;0,2;0,3;22,5;16;16;0;"      1094";1;1;8158
"Indische Buurt-Oost";"Amsterdam                               ";"Wijk      ";"WK0363MG  ";"1";9785;4805;4980;1190;1205;3390;2350;1655;6095;2390;950;350;3165;1185;5435;3170;330;2180;855;3250;;;;;5295;2850;1135;1305;1,8;10429;5095;;185;;474;1;0;0;0;0;99;3;23;77;65;11;95;5;;;;;;;;;;;;;;;;;;;;;;;;;;;;;;;;;;;;;;;;;;;1590;0;105;190;270;10;435;315;265;1990;1525;460;0,4;2118;185;0,4;0,5;0,3;0,3;20,5;129;94;36;"         .";;1;6774
"Makassarpleinbuurt";"Amsterdam                               ";"Buurt     ";"BU0363MG01";"1";5625;2795;2835;635;700;1885;1335;1070;3485;1295;615;225;1760;680;3185;1760;190;1200;485;1990;;;;;3140;1800;630;710;1,7;21925;3043;;125;;455;1;1;0;0;0;99;3;20;80;68;12;97;3;;;;;;;;;;;;;;;;;;;;;;;;;;;;;;;;;;;;;;;;;;;910;0;60;115;150;5;235;180;160;1075;835;235;0,3;4182;100;0,4;0,5;0,3;0,3;20,7;27;26;1;"      1095";1;1;7009
"Zeeburgerdijk-Oost";"Amsterdam                               ";"Buurt     ";"BU0363MG02";"1";430;215;215;40;40;135;130;85;260;125;25;15;220;60;150;220;20;55;40;90;;;;;215;85;65;65;2;5007;196;;9;;652;0;0;0;0;0;100;3;57;43;35;8;100;0;;;;;;;;;;;;;;;;;;;;;;;;;;;;;;;;;;;;;;;;;;;85;0;5;10;5;0;35;20;10;125;80;45;0,6;1444;10;0,6;0,8;0,4;0,6;17,2;13;9;4;"      1095";1;1;4241
"Sumatraplantsoenbuurt";"Amsterdam                               ";"Buurt     ";"BU0363MG03";"1";3720;1790;1920;510;470;1365;875;495;2335;970;300;110;1175;450;2095;1175;120;920;325;1175;;;;;1930;960;445;525;1,9;26864;1851;;39;;485;0;0;0;0;0;100;3;25;75;64;10;91;9;;;;;;;;;;;;;;;;;;;;;;;;;;;;;;;;;;;;;;;;;;;580;0;35;60;110;5;165;115;85;785;600;180;0,4;5660;75;0,5;0,3;0,3;0,3;20,6;14;14;0;"      1095";1;1;6701
"Flevopark";"Amsterdam                               ";"Buurt     ";"BU0363MG04";"1";20;10;10;0;5;5;5;0;10;5;5;0;10;0;0;15;0;5;0;0;;;;;10;5;5;0;1,8;39;5;;12;;;;;;;;;;;;;;;;;;;;;;;;;;;;;;;;;;;;;;;;;;;;;;;;;;;;;;;;;;15;;;;;;;;;10;5;0;;;0;1,2;1,2;1;1,2;15,6;76;46;30;"      1095";1;1;3527
"Zeeburgereiland/Bovendiep";"Amsterdam                               ";"Wijk      ";"WK0363MH  ";"1";6015;3095;2915;825;1180;2905;835;265;4605;1085;290;30;2300;1240;2475;2300;240;995;1000;1480;;;;;3675;2250;775;650;1,6;2390;3333;;154;;412;4;3;0;0;1;96;5;21;79;38;42;17;83;;;;;;;;;;;;;;;;;;;;;;;;;;;;;;;;;;;;;;;;;;;1110;0;60;150;140;25;330;180;230;1255;910;345;0,3;499;120;0,5;0,6;0,7;0,7;5,5;347;252;95;"         .";;3;1473
"Sluisbuurt";"Amsterdam                               ";"Buurt     ";"BU0363MH01";"1";480;255;225;20;35;390;25;5;405;55;20;0;245;75;160;245;15;80;60;75;;;;;310;165;120;20;1,5;1329;5;;16;;;;;;;;;;;;;;;;;;;;;;;;;;;;;;;;;;;;;;;;;;;;;;;;;;;;;;;;;;65;0;5;10;10;0;15;15;15;85;65;25;0,3;238;15;1,3;1,2;1,7;1,7;5,9;56;36;20;"      1095";3;2;1579
"Sportheldenbuurt";"Amsterdam                               ";"Buurt     ";"BU0363MH02";"1";4585;2345;2240;775;620;2225;740;230;3330;965;260;30;1680;1005;1900;1680;185;795;820;1100;;;;;2535;1335;600;600;1,8;15759;2524;;63;;508;4;4;1;0;0;96;4;27;73;22;51;5;95;;;;;;;;;;;;;;;;;;;;;;;;;;;;;;;;;;;;;;;;;;;845;0;30;100;105;20;275;140;165;990;710;280;0,4;3412;75;0,3;0,4;0,5;0,5;4,8;29;29;0;"      1095";1;3;1385
"Oostpunt Zeeburgereiland";"Amsterdam                               ";"Buurt     ";"BU0363MH03";"1";0;0;0;0;0;0;0;0;0;0;0;0;0;0;0;0;0;0;0;0;;;;;0;0;0;0;;;0;;9;;;;;;;;;;;;;;;;;;;;;;;;;;;;;;;;;;;;;;;;;;;;;;;;;;;;;;;;;;0;;;;;;;;;0;0;0;;;0;;;;;;26;26;0;"      1095";1;3;1067
"Baaibuurt-West";"Amsterdam                               ";"Buurt     ";"BU0363MH04";"1";175;100;75;15;35;75;40;15;145;25;5;0;110;45;15;110;10;10;35;5;;;;;125;100;15;10;1,4;1045;86;;37;;;3;0;0;0;3;97;31;1;99;0;99;100;0;;;;;;;;;;;;;;;;;;;;;;;;;;;;;;;;;;;;;;;;;;;100;0;10;20;10;0;20;15;30;75;50;25;0,6;451;15;1;0,9;1,2;1,3;11,6;22;17;5;"      1095";1;2;2268
"Baaibuurt-Oost";"Amsterdam                               ";"Buurt     ";"BU0363MH05";"1";710;365;355;10;480;210;10;5;690;15;5;5;210;100;400;210;25;100;80;300;;;;;675;640;25;10;1,1;3060;703;;10;;77;0;0;0;0;0;100;6;0;100;100;0;48;52;;;;;;;;;;;;;;;;;;;;;;;;;;;;;;;;;;;;;;;;;;;70;0;10;15;10;0;15;10;10;65;60;5;0,1;283;10;1;0,9;1,3;1,3;8,3;23;23;0;"      1095";1;2;1617
"Bovendiep/Diemerpark";"Amsterdam                               ";"Buurt     ";"BU0363MH06";"1";65;35;25;5;10;10;20;15;40;20;5;0;50;10;5;50;5;0;5;5;;;;;30;10;10;10;2,2;52;15;;19;;;;;;;;;;;;;;;;;;;;;;;;;;;;;;;;;;;;;;;;;;;;;;;;;;;;;;;;;;30;0;5;10;0;0;5;0;5;35;25;10;;;5;2,3;2,3;2,1;2,2;5,4;190;120;70;"      1095";3;3;1360
"IJburg-West";"Amsterdam                               ";"Wijk      ";"WK0363MJ  ";"1";16090;7980;8110;2790;2595;4930;4690;1090;10070;4675;1150;200;6525;2625;6935;6525;775;3410;1850;3520;;;;;7035;2575;1450;3015;2,3;14298;6830;;476;;613;27;18;3;2;3;73;4;44;56;30;26;80;20;;;;;;;;;;;;;;;;;;;;;;;;;;;;;;;;;;;;;;;;;;;3235;0;175;335;440;130;1110;665;380;4565;3085;1480;0,6;4056;425;0,6;0,7;0,2;0,3;8,7;126;113;14;"         .";;2;1838
"Steigereiland-Zuid";"Amsterdam                               ";"Buurt     ";"BU0363MJ01";"1";2540;1270;1270;435;510;525;900;170;1610;730;160;35;1245;290;1005;1245;110;530;180;475;;;;;965;295;150;520;2,6;11122;961;;111;;686;47;31;3;2;9;53;8;57;43;36;8;97;3;;;;;;;;;;;;;;;;;;;;;;;;;;;;;;;;;;;;;;;;;;;605;0;40;50;80;25;235;110;60;760;505;255;0,8;3337;85;0,3;1,1;0,2;0,5;9;23;23;0;"      1086";1;3;1341
"Steigereiland-Noord";"Amsterdam                               ";"Buurt     ";"BU0363MJ02";"1";2290;1145;1140;360;270;1025;540;90;1540;545;185;15;915;460;915;915;105;410;355;505;;;;;1170;525;295;350;2;15319;1126;;31;;508;21;11;3;3;5;79;3;30;70;16;54;54;46;;;;;;;;;;;;;;;;;;;;;;;;;;;;;;;;;;;;;;;;;;;475;0;20;45;65;20;160;85;75;635;410;225;0,5;4236;65;0,6;1,1;0,2;0,4;9;21;15;6;"      1086";1;3;1185
"Rieteilanden-West";"Amsterdam                               ";"Buurt     ";"BU0363MJ03";"1";2580;1305;1275;405;495;495;970;215;1495;910;145;30;1400;375;800;1405;140;420;235;380;;;;;995;230;245;520;2,6;9481;966;;65;;916;56;39;6;6;5;44;4;66;34;13;21;96;4;;;;;;;;;;;;;;;;;;;;;;;;;;;;;;;;;;;;;;;;;;;600;0;20;55;60;40;250;115;55;930;605;330;0,9;3422;80;0,7;0,6;0,3;0,3;8,4;30;27;3;"      1087";1;2;2163
"Joris Ivenspleinbuurt";"Amsterdam                               ";"Buurt     ";"BU0363MJ04";"1";2930;1445;1485;480;425;1100;670;255;1875;775;240;45;985;545;1400;990;145;650;400;750;;;;;1500;710;310;475;2;17899;1450;;104;;503;12;9;2;1;0;88;4;28;72;43;29;77;23;;;;;;;;;;;;;;;;;;;;;;;;;;;;;;;;;;;;;;;;;;;560;0;35;80;70;5;170;125;70;745;520;225;0,5;4545;65;0,7;0,4;0,2;0,2;9;17;16;1;"      1087";1;2;1943
"Ed Pelsterparkbuurt";"Amsterdam                               ";"Buurt     ";"BU0363MJ05";"1";5740;2810;2935;1115;895;1780;1605;355;3550;1715;415;65;1975;950;2815;1980;270;1400;685;1415;;;;;2410;815;445;1155;2,4;18460;2327;;165;;576;17;13;3;0;2;83;3;45;55;35;20;79;21;;;;;;;;;;;;;;;;;;;;;;;;;;;;;;;;;;;;;;;;;;;1000;0;60;105;160;35;295;225;120;1490;1050;445;0,6;4793;125;0,6;0,6;0,2;0,3;8,3;35;31;4;"      1087";1;2;2162
"IJburg-Oost";"Amsterdam                               ";"Wijk      ";"WK0363MK  ";"1";1535;765;770;330;165;705;285;50;1030;410;85;5;615;235;685;615;80;395;155;295;;;;;760;340;135;280;2;3856;635;;44;;699;8;7;0;0;0;92;5;62;38;21;17;0;100;;;;;;;;;;;;;;;;;;;;;;;;;;;;;;;;;;;;;;;;;;;310;0;15;30;45;10;115;50;40;385;255;130;0,5;969;65;0,9;0,8;0,3;0,8;6,2;40;40;0;"         .";;3;1203
"Buiteneiland";"Amsterdam                               ";"Buurt     ";"BU0363MK01";"1";0;0;0;0;0;0;0;0;0;0;0;0;0;0;0;0;0;0;0;0;;;;;0;0;0;0;;;0;;1;;;;;;;;;;;;;;;;;;;;;;;;;;;;;;;;;;;;;;;;;;;;;;;;;;;;;;;;;;0;;;;;;;;;0;0;0;;;0;;;;;;4;4;0;"      1087";1;5;9
"Pampusbuurt-West";"Amsterdam                               ";"Buurt     ";"BU0363MK02";"1";0;0;0;0;0;0;0;0;0;0;0;0;0;0;0;0;0;0;0;0;;;;;0;0;0;0;;;0;;0;;;;;;;;;;;;;;;;;;;;;;;;;;;;;;;;;;;;;;;;;;;;;;;;;;;;;;;;;;0;;;;;;;;;0;0;0;;;0;;;;;;2;2;0;"         .";;;
"Pampusbuurt-Oost";"Amsterdam                               ";"Buurt     ";"BU0363MK03";"1";0;0;0;0;0;0;0;0;0;0;0;0;0;0;0;0;0;0;0;0;;;;;0;0;0;0;;;0;;0;;;;;;;;;;;;;;;;;;;;;;;;;;;;;;;;;;;;;;;;;;;;;;;;;;;;;;;;;;0;;;;;;;;;0;0;0;;;0;;;;;;0;0;0;"         .";;;
"Centrumeiland";"Amsterdam                               ";"Buurt     ";"BU0363MK04";"1";1535;760;770;330;165;705;290;55;1030;410;85;5;610;235;685;610;85;390;155;290;;;;;760;345;130;280;2;5605;635;;43;;699;8;7;0;0;0;92;5;62;38;21;17;0;100;;;;;;;;;;;;;;;;;;;;;;;;;;;;;;;;;;;;;;;;;;;310;0;15;30;45;10;115;50;40;385;255;130;0,5;1409;65;0,9;0,8;0,3;0,8;6,2;27;27;0;"      1087";1;3;1205
"Muidenbuurt-West";"Amsterdam                               ";"Buurt     ";"BU0363MK05";"1";0;0;0;0;0;0;0;0;0;0;0;0;0;0;0;0;0;0;0;0;;;;;0;0;0;0;;;0;;0;;;;;;;;;;;;;;;;;;;;;;;;;;;;;;;;;;;;;;;;;;;;;;;;;;;;;;;;;;0;;;;;;;;;0;0;0;;;0;;;;;;6;6;0;"         .";;;
"IJburg-Zuid";"Amsterdam                               ";"Wijk      ";"WK0363ML  ";"1";8485;4155;4330;1850;1305;2495;2385;445;5415;2420;560;95;3305;1445;3735;3305;435;1940;1010;1795;;;;;3485;1245;580;1660;2,4;12812;3376;;240;;636;27;19;3;1;3;73;3;43;57;36;22;77;23;;;;;;;;;;;;;;;;;;;;;;;;;;;;;;;;;;;;;;;;;;;1540;0;65;155;230;65;530;300;195;2380;1575;805;0,7;3592;190;0,6;0,6;0,2;0,4;7,4;73;66;7;"         .";;2;1852
"Havenkwartier IJburg";"Amsterdam                               ";"Buurt     ";"BU0363ML01";"1";2155;1045;1115;365;260;915;455;165;1440;485;190;35;615;380;1160;615;75;560;305;605;;;;;1100;545;225;340;2;18818;1097;;144;;481;7;5;2;0;0;93;4;23;77;33;44;70;30;;;;;;;;;;;;;;;;;;;;;;;;;;;;;;;;;;;;;;;;;;;465;0;25;65;80;25;130;90;55;615;445;170;0,6;5376;40;0,4;0,5;0,2;0,4;8;14;11;2;"      1087";1;2;2176
"Theo van Goghparkbuurt";"Amsterdam                               ";"Buurt     ";"BU0363ML02";"1";6020;2965;3055;1410;990;1560;1790;270;3775;1825;360;55;2475;1025;2525;2475;335;1360;690;1165;;;;;2290;695;345;1250;2,6;13555;2189;;92;;662;33;26;4;2;0;67;2;50;50;39;11;83;17;;;;;;;;;;;;;;;;;;;;;;;;;;;;;;;;;;;;;;;;;;;1000;0;40;90;140;30;360;200;135;1630;1065;565;0,7;3673;140;0,6;0,5;0,2;0,4;7,3;49;44;4;"      1087";1;2;1689
"Rieteiland-Oost";"Amsterdam                               ";"Buurt     ";"BU0363ML03";"1";310;145;165;75;60;25;140;10;195;105;15;0;215;45;55;215;30;20;15;30;;;;;90;5;10;70;3,5;2983;90;;4;;1880;100;0;0;0;100;0;4;99;1;0;1;38;62;;;;;;;;;;;;;;;;;;;;;;;;;;;;;;;;;;;;;;;;;;;75;0;0;5;10;10;40;10;5;130;65;70;1,5;1274;10;1,3;1,2;0,7;0,9;6,4;10;10;0;"      1087";1;2;1538
"Frankendael";"Amsterdam                               ";"Wijk      ";"WK0363MM  ";"1";13035;6535;6500;1595;1700;5160;2820;1760;9090;2490;1160;295;5940;2030;5065;5940;515;1940;1515;3125;;;;;7195;4510;1325;1360;1,6;8251;6883;;335;;513;14;11;2;1;0;86;7;17;83;49;34;82;18;;;;;;;;;;;;;;;;;;;;;;;;;;;;;;;;;;;;;;;;;;;2185;0;115;245;280;90;705;420;330;6260;2045;4220;0,9;3964;265;0,5;0,6;0,4;0,9;20,9;167;158;9;"         .";;1;5725
"Van der Kunbuurt";"Amsterdam                               ";"Buurt     ";"BU0363MM01";"1";185;90;95;25;25;60;35;40;115;40;20;10;55;35;90;60;10;35;20;55;;;;;105;65;15;30;1,7;2507;271;;6;;414;0;0;0;0;0;100;68;0;100;100;0;100;0;;;;;;;;;;;;;;;;;;;;;;;;;;;;;;;;;;;;;;;;;;;125;0;5;15;25;20;40;10;10;3655;40;3615;;;0;0,5;0,7;0,8;1;24,8;9;7;2;"      1097";1;1;7119
"De Eenhoorn";"Amsterdam                               ";"Buurt     ";"BU0363MM02";"1";2640;1250;1385;135;745;1435;220;95;2335;195;100;10;985;570;1085;985;85;345;485;745;;;;;2090;1705;260;125;1,2;15047;1698;;87;;377;1;1;0;0;0;99;4;1;99;49;50;80;20;;;;;;;;;;;;;;;;;;;;;;;;;;;;;;;;;;;;;;;;;;;370;0;20;55;60;10;105;55;65;325;255;70;0,2;1847;50;0,6;0,4;0,6;0,9;26,5;18;18;0;"      1097";1;1;7261
"Don Bosco";"Amsterdam                               ";"Buurt     ";"BU0363MM03";"1";2195;1075;1125;330;270;770;505;325;1435;585;125;55;1245;365;585;1245;115;235;245;355;;;;;1110;510;280;325;2;13987;1063;;92;;649;14;12;2;0;0;86;6;44;56;29;27;95;5;;;;;;;;;;;;;;;;;;;;;;;;;;;;;;;;;;;;;;;;;;;485;0;25;50;35;15;170;105;85;525;400;125;0,5;3347;40;0,4;0,4;0,3;0,8;22,9;16;16;1;"      1097";1;1;7452
"Julianapark";"Amsterdam                               ";"Buurt     ";"BU0363MM04";"1";1395;680;715;145;80;840;180;145;1060;230;80;20;695;290;405;695;70;190;225;220;;;;;885;535;225;125;1,6;7555;862;;67;;586;12;10;2;0;0;88;2;9;91;12;78;48;52;;;;;;;;;;;;;;;;;;;;;;;;;;;;;;;;;;;;;;;;;;;300;0;10;40;50;25;95;50;30;295;210;85;0,3;1603;25;1,1;0,6;0,7;1,5;17,6;19;18;1;"      1097";1;1;5605
"Frankendael";"Amsterdam                               ";"Buurt     ";"BU0363MM05";"1";50;20;25;5;5;30;5;0;35;10;5;0;25;15;10;20;0;5;15;5;;;;;25;15;5;5;1,9;196;7;;15;;;;;;;;;;;;;;;;;;;;;;;;;;;;;;;;;;;;;;;;;;;;;;;;;;;;;;;;;;20;;;;;;;;;20;15;5;;;0;0,4;0,2;0,2;0,4;22,4;29;25;5;"      1097";1;1;6125
"Tuindorp Amstelstation";"Amsterdam                               ";"Buurt     ";"BU0363MM06";"1";835;365;475;135;90;170;245;195;510;150;135;40;355;55;430;350;30;190;25;235;;;;;485;265;65;150;1,7;7724;486;;8;;387;12;8;4;0;0;88;3;0;100;100;0;100;0;;;;;;;;;;;;;;;;;;;;;;;;;;;;;;;;;;;;;;;;;;;110;0;10;15;20;0;20;30;15;220;180;40;0,5;2024;15;0,1;1;0,5;1,6;15,2;11;11;0;"      1097";1;1;5265
"De Wetbuurt";"Amsterdam                               ";"Buurt     ";"BU0363MM07";"1";1760;865;895;270;200;430;535;325;1065;490;155;50;1070;200;495;1070;75;220;120;275;;;;;885;415;200;270;2;6415;883;;23;;620;43;35;8;0;0;57;5;39;60;48;12;100;0;;;;;;;;;;;;;;;;;;;;;;;;;;;;;;;;;;;;;;;;;;;295;0;15;25;40;10;90;70;50;510;405;105;0,6;1852;65;0,4;0,9;0,3;1,5;16,7;29;27;1;"      1097";1;1;3982
"Tuindorp Frankendael";"Amsterdam                               ";"Buurt     ";"BU0363MM08";"1";3965;2185;1785;545;280;1425;1090;635;2530;780;550;110;1505;505;1960;1505;125;720;380;1235;;;;;1605;1005;275;325;1,7;11007;1613;;37;;522;17;11;2;3;0;83;4;15;85;58;27;75;25;;;;;;;;;;;;;;;;;;;;;;;;;;;;;;;;;;;;;;;;;;;485;0;30;40;55;15;170;100;70;715;545;170;0,4;1977;70;0,4;0,6;0,3;0,4;20,2;36;36;0;"      1097";1;1;3770
"Middenmeer";"Amsterdam                               ";"Wijk      ";"WK0363MN  ";"1";15620;7480;8140;2160;3045;4905;3465;2045;10430;4010;850;340;8790;3095;3730;8790;890;1525;2205;2205;;;;;8500;4470;1970;2060;1,8;5497;8038;;353;;585;6;5;1;0;0;94;5;39;61;35;26;92;8;;;;;;;;;;;;;;;;;;;;;;;;;;;;;;;;;;;;;;;;;;;3190;5;130;345;395;130;1135;575;470;3920;2900;1020;0,5;1380;300;0,6;0,6;0,5;0,7;19;302;284;18;"         .";;1;4902
"Linnaeusparkbuurt";"Amsterdam                               ";"Buurt     ";"BU0363MN01";"1";2645;1305;1335;420;325;835;675;385;1725;715;160;40;1670;455;515;1665;170;235;285;285;;;;;1295;555;355;385;2;15386;1287;;105;;800;6;5;1;0;0;94;9;46;54;18;36;100;0;;;;;;;;;;;;;;;;;;;;;;;;;;;;;;;;;;;;;;;;;;;710;0;30;85;70;50;255;120;100;730;505;225;0,6;4255;60;0,3;0,4;0,2;0,3;22,7;18;17;1;"      1098";1;1;7091
"Middenmeer-Noord";"Amsterdam                               ";"Buurt     ";"BU0363MN02";"1";2780;1300;1475;465;345;795;740;435;1640;920;145;75;1845;385;550;1845;145;270;240;285;;;;;1270;460;340;465;2,2;14974;1204;;32;;791;5;5;0;0;0;95;6;47;53;21;32;100;0;;;;;;;;;;;;;;;;;;;;;;;;;;;;;;;;;;;;;;;;;;;615;0;25;45;75;25;230;125;90;770;570;200;0,6;4154;55;0,3;0,7;0,3;0,2;22,6;19;19;0;"      1098";1;1;7135
"Middenmeer-Zuid";"Amsterdam                               ";"Buurt     ";"BU0363MN03";"1";5140;2465;2680;915;685;1715;1210;615;3350;1370;305;115;3285;915;935;3285;350;490;565;450;;;;;2475;1005;645;825;2,1;12983;2317;;86;;634;4;4;0;0;0;96;4;50;50;8;41;100;0;;;;;;;;;;;;;;;;;;;;;;;;;;;;;;;;;;;;;;;;;;;1070;0;45;125;90;35;380;205;180;1430;1090;340;0,6;3616;95;0,4;0,4;0,3;0,6;19,6;40;40;0;"      1098";1;1;4378
"Science Park-Noord";"Amsterdam                               ";"Buurt     ";"BU0363MN04";"1";2670;1170;1500;125;1300;890;280;80;2300;290;70;10;810;1035;825;810;100;200;935;625;;;;;2045;1600;330;120;1,3;6527;1847;;36;;337;0;0;0;0;0;100;3;14;86;73;13;91;9;;;;;;;;;;;;;;;;;;;;;;;;;;;;;;;;;;;;;;;;;;;325;0;10;45;60;5;115;45;40;310;215;95;0,2;758;45;1,1;0,3;0,6;1,2;16,1;42;41;1;"      1098";1;1;4427
"Science Park-Zuid";"Amsterdam                               ";"Buurt     ";"BU0363MN05";"1";290;195;95;10;120;140;15;10;260;25;5;5;75;35;185;75;10;35;25;155;;;;;275;265;10;5;1,1;416;243;;43;;46;1;0;0;0;1;99;2;0;100;99;1;1;99;;;;;;;;;;;;;;;;;;;;;;;;;;;;;;;;;;;;;;;;;;;160;0;5;15;55;5;50;15;10;55;40;15;0,2;78;5;2;1,3;1,7;2,1;9,4;85;70;14;"      1098";1;3;1114
"Sportpark Middenmeer-Zuid";"Amsterdam                               ";"Buurt     ";"BU0363MN06";"1";325;150;175;35;10;65;55;155;145;90;35;50;220;60;45;215;30;15;25;30;;;;;190;105;60;25;1,7;1519;189;;21;;626;2;0;0;0;2;98;1;58;42;39;4;100;0;;;;;;;;;;;;;;;;;;;;;;;;;;;;;;;;;;;;;;;;;;;40;0;5;5;0;5;10;10;5;110;90;20;0,6;516;5;0,7;0,4;0,6;0,8;18;21;21;0;"      1098";1;1;3231
"Sportpark Middenmeer-Noord";"Amsterdam                               ";"Buurt     ";"BU0363MN07";"1";230;150;80;0;100;135;0;0;225;10;0;0;40;20;170;40;10;70;15;100;;;;;230;225;5;0;1;978;251;;10;;42;0;0;0;0;0;100;10;0;100;100;0;0;100;;;;;;;;;;;;;;;;;;;;;;;;;;;;;;;;;;;;;;;;;;;45;0;5;5;10;0;5;5;10;30;20;10;0,1;126;5;1,5;0,7;1,2;1,6;11,1;25;24;1;"      1098";1;2;2135
"Park de Meer";"Amsterdam                               ";"Buurt     ";"BU0363MN08";"1";1540;730;810;195;160;325;480;370;780;580;130;50;850;200;490;850;85;210;120;280;;;;;720;260;225;235;2,1;5957;700;;14;;702;30;23;4;0;3;70;2;64;36;27;8;100;0;;;;;;;;;;;;;;;;;;;;;;;;;;;;;;;;;;;;;;;;;;;225;0;10;20;25;5;90;45;30;485;365;120;0,7;1868;40;0,9;1,4;0,9;1,5;12,6;26;26;1;"      1098";1;1;2901
"Sportpark Voorland";"Amsterdam                               ";"Buurt     ";"BU0363MN09";"1";0;0;0;0;0;0;0;0;0;0;0;0;0;0;0;0;0;0;0;0;;;;;0;0;0;0;;;0;;6;;;;;;;;;;;;;;;;;;;;;;;;;;;;;;;;;;;;;;;;;;;;;;;;;;;;;;;;;;5;;;;;;;;;0;0;0;;;0;;;;;;27;27;0;"      1098";2;2;2424
"Betondorp";"Amsterdam                               ";"Wijk      ";"WK0363MP  ";"1";2935;1385;1545;365;250;840;810;670;1770;645;385;135;1695;295;945;1695;120;430;175;515;;;;;1790;1075;335;375;1,6;2697;1957;;83;;465;31;20;9;2;0;69;12;20;80;77;3;100;0;;;;;;;;;;;;;;;;;;;;;;;;;;;;;;;;;;;;;;;;;;;420;0;35;60;60;5;105;85;70;960;790;170;0,5;882;100;0,3;1,4;0,3;1,4;15,2;113;109;5;"         .";;1;2645
"Drieburg";"Amsterdam                               ";"Buurt     ";"BU0363MP01";"1";0;0;0;0;0;0;0;0;0;0;0;0;0;0;0;0;0;0;0;0;;;;;0;0;0;0;;;0;;10;;;;;;;;;;;;;;;;;;;;;;;;;;;;;;;;;;;;;;;;;;;;;;;;;;;;;;;;;;5;;;;;;;;;0;0;0;;;0;;;;;;28;27;1;"      1097";1;1;2825
"Nieuwe Oosterbegraafplaats";"Amsterdam                               ";"Buurt     ";"BU0363MP02";"1";5;0;0;0;0;0;0;0;5;0;0;0;5;0;0;0;0;0;0;0;;;;;5;0;0;0;2;;3;;11;;;;;;;;;;;;;;;;;;;;;;;;;;;;;;;;;;;;;;;;;;;;;;;;;;;;;;;;;;5;;;;;;;;;75;60;20;;;5;;;;;;39;38;1;"      1097";2;1;2996
"Betondorp";"Amsterdam                               ";"Buurt     ";"BU0363MP03";"1";2930;1385;1545;370;250;835;805;670;1775;640;380;135;1695;295;940;1695;120;425;175;515;;;;;1790;1075;335;380;1,6;6685;1954;;62;;464;31;20;9;2;0;69;12;20;80;77;3;100;0;;;;;;;;;;;;;;;;;;;;;;;;;;;;;;;;;;;;;;;;;;;410;0;35;60;60;5;105;80;65;885;730;150;0,5;2015;95;0,3;1,4;0,3;1,4;15,2;46;44;2;"      1097";1;1;2641
"Omval/Overamstel";"Amsterdam                               ";"Wijk      ";"WK0363MQ  ";"1";6515;3345;3170;500;1175;3560;900;380;5140;1080;250;50;2950;1665;1905;2950;300;680;1360;1225;;;;;4465;3140;905;420;1,4;2290;4421;;546;;544;1;0;0;0;1;99;12;24;76;17;59;30;70;;;;;;;;;;;;;;;;;;;;;;;;;;;;;;;;;;;;;;;;;;;1740;0;95;210;250;145;625;215;205;1610;875;735;0,4;566;135;1,8;1,1;1,1;1,3;7,8;320;285;35;"         .";;1;3301
"De Omval";"Amsterdam                               ";"Buurt     ";"BU0363MQ01";"1";715;375;340;50;30;340;160;135;420;220;50;20;275;220;220;280;35;60;185;155;;;;;430;210;170;50;1,7;6202;412;;64;;683;0;0;0;0;0;100;8;47;53;0;53;100;0;;;;;;;;;;;;;;;;;;;;;;;;;;;;;;;;;;;;;;;;;;;260;0;10;20;30;55;115;20;10;210;145;65;0,5;1841;15;0,8;1;1,1;1,2;22,3;15;12;3;"      1096";1;1;6903
"Overamstel";"Amsterdam                               ";"Buurt     ";"BU0363MQ02";"1";50;35;15;0;0;20;20;5;35;10;0;0;40;5;5;40;0;5;0;0;;;;;10;0;5;5;2,4;44;8;;8;;;;;;;;;;;;;;;;;;;;;;;;;;;;;;;;;;;;;;;;;;;;;;;;;;;;;;;;;;0;;;;;;;;;0;0;0;;;0;3,4;3,3;2,9;3,5;0;119;111;9;"      1096";1;5;460
"Amstelglorie";"Amsterdam                               ";"Buurt     ";"BU0363MQ03";"1";75;40;30;10;10;15;30;10;55;15;5;0;50;15;10;50;5;5;10;5;;;;;40;20;5;10;1,9;162;1;;5;;;;;;;;;;;;;;;;;;;;;;;;;;;;;;;;;;;;;;;;;;;;;;;;;;;;;;;;;;50;0;10;5;5;5;15;10;5;55;30;25;;;5;2,1;2;1,6;2,2;4,5;51;45;6;"      1096";1;2;1957
"Amstelkwartier-West";"Amsterdam                               ";"Buurt     ";"BU0363MQ04";"1";810;410;400;20;250;500;25;15;755;45;5;0;240;300;275;240;20;60;270;215;;;;;695;600;85;15;1,2;3848;711;;16;;290;0;0;0;0;0;100;9;0;100;0;100;27;73;;;;;;;;;;;;;;;;;;;;;;;;;;;;;;;;;;;;;;;;;;;160;0;0;20;30;5;65;20;25;65;55;10;0,1;314;10;1,3;1,1;0,7;1,3;11,5;26;21;4;"      1096";1;3;1289
"Amstelkwartier-Noord";"Amsterdam                               ";"Buurt     ";"BU0363MQ05";"1";3045;1515;1530;310;375;1700;500;165;2330;560;140;20;1585;685;770;1585;155;300;535;470;;;;;1980;1290;445;245;1,5;10835;2088;;81;;588;0;0;0;0;0;100;9;27;73;12;61;32;68;;;;;;;;;;;;;;;;;;;;;;;;;;;;;;;;;;;;;;;;;;;600;0;30;65;60;30;215;115;80;935;420;515;0,5;3323;65;2;0,7;0,5;0,7;6,1;37;28;9;"      1096";1;1;3453
"Amstelkwartier-Zuid";"Amsterdam                               ";"Buurt     ";"BU0363MQ06";"1";45;30;15;5;5;20;10;10;30;10;0;5;20;5;20;15;5;0;5;20;;;;;35;25;5;0;1,3;202;3;;164;;;;;;;;;;;;;;;;;;;;;;;;;;;;;;;;;;;;;;;;;;;;;;;;;;;;;;;;;;145;0;15;30;35;10;35;5;15;55;30;20;;;5;2,3;0,9;1;1,4;7;24;23;2;"      1096";1;2;2017
"Weespertrekvaart";"Amsterdam                               ";"Buurt     ";"BU0363MQ07";"1";1775;940;835;105;495;970;160;40;1515;215;40;10;740;435;605;740;75;250;355;350;;;;;1275;995;190;90;1,3;3900;1198;;208;;559;2;1;0;0;1;98;19;26;74;41;33;4;96;;;;;;;;;;;;;;;;;;;;;;;;;;;;;;;;;;;;;;;;;;;530;0;30;70;95;40;180;45;70;290;190;100;0,2;635;40;2,1;1,9;2,2;2,3;3,4;48;46;3;"      1096";1;1;3109
"Oostzanerwerf";"Amsterdam                               ";"Wijk      ";"WK0363NA  ";"1";9010;4395;4615;1515;1110;2430;2465;1490;5060;2810;800;345;4445;1215;3350;4445;355;1590;855;1755;;;;;4190;1720;955;1520;2,1;3567;3795;;124;;421;42;28;7;4;3;58;3;46;54;48;7;97;3;;;;;;;;;;;;;;;;;;;;;;;;;;;;;;;;;;;;;;;;;;;1285;0;205;155;190;30;310;210;180;3295;2550;750;0,8;1306;355;0,9;0,8;0,7;0,7;8,7;332;253;80;"         .";;2;2028
"Noorder IJplas";"Amsterdam                               ";"Buurt     ";"BU0363NA01";"1";140;75;65;10;15;10;50;50;60;55;20;5;115;5;20;115;5;10;5;10;;;;;65;20;30;15;2,1;183;3;;1;;;;;;;;;;;;;;;;;;;;;;;;;;;;;;;;;;;;;;;;;;;;;;;;;;;;;;;;;;30;0;5;0;5;0;10;5;5;75;55;20;1,1;99;20;2,4;2,3;2,1;2,1;6,7;147;76;70;"      1037";1;5;326
"Melkweg/Oostzanerwerf";"Amsterdam                               ";"Buurt     ";"BU0363NA02";"1";330;140;190;30;50;125;95;20;255;60;5;5;70;250;10;70;5;5;240;10;;;;;205;145;25;35;1,6;550;63;;54;;158;3;0;0;0;3;97;2;0;100;0;100;3;97;;;;;;;;;;;;;;;;;;;;;;;;;;;;;;;;;;;;;;;;;;;95;0;20;15;5;0;15;10;30;85;50;35;0,4;140;15;1,3;2,1;0,1;1,2;4,9;61;60;2;"      1035";1;4;992
"Walvisbuurt";"Amsterdam                               ";"Buurt     ";"BU0363NA03";"1";1365;665;700;235;155;385;385;205;730;495;90;55;700;160;505;705;60;250;100;250;;;;;585;180;160;250;2,3;5632;548;;5;;515;88;68;9;4;7;12;3;70;30;24;6;100;0;;;;;;;;;;;;;;;;;;;;;;;;;;;;;;;;;;;;;;;;;;;190;0;35;30;25;5;40;25;25;590;445;145;1;2438;80;0,9;0,9;0,6;0,6;7,9;26;24;2;"      1035";1;2;1786
"Twiske-West";"Amsterdam                               ";"Buurt     ";"BU0363NA04";"1";2505;1240;1265;445;295;580;765;425;1355;910;165;75;1595;275;640;1590;125;335;150;300;;;;;1040;285;295;455;2,4;6869;981;;9;;568;77;51;14;6;6;23;2;66;34;30;4;96;4;;;;;;;;;;;;;;;;;;;;;;;;;;;;;;;;;;;;;;;;;;;400;0;60;40;55;10;115;65;55;1030;775;255;1;2823;135;0,8;0,4;0,6;0,6;12,5;42;36;5;"      1035";1;2;1927
"Oostzanerdijk";"Amsterdam                               ";"Buurt     ";"BU0363NA05";"1";340;160;175;70;25;95;95;50;200;100;15;20;255;40;45;255;20;25;15;20;;;;;150;55;35;60;2,2;3641;141;;11;;620;82;18;13;35;15;18;7;74;26;14;11;98;2;;;;;;;;;;;;;;;;;;;;;;;;;;;;;;;;;;;;;;;;;;;70;0;5;5;10;0;25;10;10;140;115;25;0,9;1528;20;0,5;0,5;0,3;0,3;9,1;10;9;0;"      1033";5;2;2491
"Circus/Kermisbuurt";"Amsterdam                               ";"Buurt     ";"BU0363NA06";"1";1330;675;660;180;130;450;375;200;730;445;120;40;715;165;455;715;50;205;120;245;;;;;680;310;170;200;2;8388;643;;0;;393;35;28;7;0;0;65;2;56;44;37;7;100;0;;;;;;;;;;;;;;;;;;;;;;;;;;;;;;;;;;;;;;;;;;;170;0;30;15;25;5;45;25;25;530;425;105;0,8;3345;50;1,3;0,9;1;1;5,1;16;16;0;"      1033";1;2;1952
"Molenwijk";"Amsterdam                               ";"Buurt     ";"BU0363NA07";"1";2995;1435;1565;545;445;785;685;530;1715;740;385;150;995;320;1685;995;95;755;225;930;;;;;1460;725;235;505;2;9882;1416;;44;;286;0;0;0;0;0;100;5;17;83;79;4;100;0;;;;;;;;;;;;;;;;;;;;;;;;;;;;;;;;;;;;;;;;;;;325;0;45;50;70;5;60;65;30;845;680;160;0,6;2780;45;0,8;0,7;0,7;0,7;8;30;30;0;"      1035";1;2;2358
"Noordelijke IJ-oevers-West";"Amsterdam                               ";"Wijk      ";"WK0363NB  ";"1";12010;6300;5710;1105;1310;7145;1770;675;9065;2300;550;95;5390;2960;3665;5390;520;1605;2440;2060;;;;;7680;4590;2105;985;1,6;4743;6970;;1596;;566;3;2;0;0;0;97;5;22;78;21;57;8;92;;;;;;;;;;;;;;;;;;;;;;;;;;;;;;;;;;;;;;;;;;;4580;5;330;635;635;210;1570;515;680;3315;2155;1160;0,4;1308;320;0,5;0,6;0,7;1,1;11,6;405;253;152;"         .";;1;2959
"Cornelis Douwesterrein-West";"Amsterdam                               ";"Buurt     ";"BU0363NB01";"1";5;0;0;0;0;5;0;0;5;0;0;0;0;5;0;0;0;0;0;0;;;;;5;0;0;0;2;;0;;100;;;;;;;;;;;;;;;;;;;;;;;;;;;;;;;;;;;;;;;;;;;;;;;;;;;;;;;;;;160;0;45;30;10;25;45;0;0;70;45;30;;;5;;;;;;59;44;15;"      1033";1;4;785
"Cornelis Douwesterrein-Oost";"Amsterdam                               ";"Buurt     ";"BU0363NB02";"1";0;0;0;0;0;0;0;0;0;0;0;0;0;0;0;0;0;0;0;0;;;;;0;0;0;0;;;0;;187;;;;;;;;;;;;;;;;;;;;;;;;;;;;;;;;;;;;;;;;;;;;;;;;;;;;;;;;;;265;0;55;75;25;25;60;10;20;265;120;145;;;10;;;;;;80;48;32;"      1033";1;2;2448
"NDSM terrein";"Amsterdam                               ";"Buurt     ";"BU0363NB03";"1";4265;2130;2130;165;680;3080;285;60;3715;435;105;5;1665;1220;1380;1660;170;615;1050;765;;;;;3220;2320;730;170;1,3;11396;2923;;478;;460;0;0;0;0;0;100;5;6;94;11;83;0;100;;;;;;;;;;;;;;;;;;;;;;;;;;;;;;;;;;;;;;;;;;;1380;0;80;180;205;30;455;165;260;830;610;220;0,3;2219;115;0,3;0,5;0,8;1,5;10,8;79;37;42;"      1033";1;2;2263
"Buiksloterham-Zuid";"Amsterdam                               ";"Buurt     ";"BU0363NB04";"1";1995;1060;940;315;140;1105;350;90;1435;410;140;10;930;420;650;925;105;290;315;360;;;;;1115;570;290;245;1,8;5512;1040;;363;;610;10;8;1;0;0;90;4;27;73;34;39;1;99;;;;;;;;;;;;;;;;;;;;;;;;;;;;;;;;;;;;;;;;;;;760;0;40;85;110;35;285;90;115;615;395;220;0,6;1691;55;0,4;0,8;0,5;0,7;13,5;66;36;30;"      1031";1;1;2795
"Buiksloterham-Noord";"Amsterdam                               ";"Buurt     ";"BU0363NB05";"1";1620;850;770;315;130;705;380;90;1140;390;80;10;945;295;385;945;85;205;200;175;;;;;795;335;220;235;2;4183;675;;290;;656;12;10;2;0;0;88;8;63;36;16;20;11;89;;;;;;;;;;;;;;;;;;;;;;;;;;;;;;;;;;;;;;;;;;;985;0;65;125;125;50;370;115;140;520;330;190;0,7;1348;55;0,9;1,2;0,7;0,7;18;49;39;11;"      1032";1;1;2942
"Klaprozenbuurt";"Amsterdam                               ";"Buurt     ";"BU0363NB06";"1";105;55;55;15;15;30;35;15;60;35;15;5;75;20;15;75;5;10;15;10;;;;;70;35;20;15;1,7;594;17;;76;;;;;;;;;;;;;;;;;;;;;;;;;;;;;;;;;;;;;;;;;;;;;;;;;;;;;;;;;;120;0;10;40;10;5;25;10;10;55;40;15;0,8;300;5;1,4;1,3;0,9;1,3;18,7;20;18;2;"      1032";2;1;2845
"Overhoeks";"Amsterdam                               ";"Buurt     ";"BU0363NB07";"1";4015;2205;1815;300;350;2225;725;415;2715;1025;215;60;1780;1005;1230;1780;150;480;850;750;;;;;2485;1325;840;320;1,6;13288;2315;;102;;655;0;0;0;0;0;100;6;28;72;30;41;19;81;;;;;;;;;;;;;;;;;;;;;;;;;;;;;;;;;;;;;;;;;;;910;0;35;100;145;45;330;120;135;955;620;335;0,4;3155;75;0,6;0,2;0,6;1;8,7;51;30;21;"      1031";1;1;4174
"Tuindorp Oostzaan";"Amsterdam                               ";"Wijk      ";"WK0363NC  ";"1";12545;6015;6530;2325;1235;3700;3185;2100;7335;3595;1110;505;7020;1285;4240;7025;525;2095;755;2145;;;;;5940;2535;1240;2160;2,1;7896;5736;;249;;476;68;49;16;3;1;32;3;35;65;61;4;88;12;;;;;;;;;;;;;;;;;;;;;;;;;;;;;;;;;;;;;;;;;;;1700;0;185;190;235;25;420;355;290;4295;3415;880;0,7;2702;385;0,6;0,9;0,4;0,6;7,7;170;159;11;"         .";;1;2697
"Tuindorp Oostzaan-West";"Amsterdam                               ";"Buurt     ";"BU0363NC01";"1";1145;535;610;170;90;225;265;385;535;360;145;110;725;105;315;725;40;125;60;190;;;;;545;240;140;160;2;6624;550;;109;;418;71;57;13;1;0;29;4;25;75;69;7;100;0;;;;;;;;;;;;;;;;;;;;;;;;;;;;;;;;;;;;;;;;;;;125;0;25;15;15;5;25;25;20;420;340;75;0,8;2428;35;0,9;1,8;0,6;0,9;5,9;18;17;1;"      1033";1;3;1479
"Tuindorp Oostzaan-Oost";"Amsterdam                               ";"Buurt     ";"BU0363NC02";"1";4120;1875;2245;685;370;1105;1140;805;2285;1230;375;225;2700;410;1015;2695;180;490;230;525;;;;;2020;850;420;750;2;8142;2000;;74;;466;95;63;27;5;1;5;3;31;69;66;3;100;0;;;;;;;;;;;;;;;;;;;;;;;;;;;;;;;;;;;;;;;;;;;560;0;85;65;60;0;130;115;100;1505;1235;270;0,7;2981;150;0,3;1,1;0,3;0,4;6,8;53;51;2;"      1033";1;1;2723
"Terrasdorp";"Amsterdam                               ";"Buurt     ";"BU0363NC03";"1";4125;2065;2055;590;395;1300;1055;790;2455;1060;450;160;1900;465;1760;1900;155;795;310;965;;;;;2210;1145;485;580;1,8;6324;2118;;54;;402;44;34;10;0;0;56;3;24;76;71;5;98;2;;;;;;;;;;;;;;;;;;;;;;;;;;;;;;;;;;;;;;;;;;;575;0;45;75;90;10;130;125;105;1400;1130;270;0,6;2145;110;0,5;0,9;0,5;0,9;9,4;69;65;4;"      1033";1;1;2939
"De Bongerd";"Amsterdam                               ";"Buurt     ";"BU0363NC04";"1";3165;1540;1620;885;375;1065;725;120;2055;950;140;20;1700;315;1150;1700;155;685;160;465;;;;;1165;305;195;660;2,7;12223;1068;;12;;677;66;51;10;3;1;34;2;70;30;25;5;42;58;;;;;;;;;;;;;;;;;;;;;;;;;;;;;;;;;;;;;;;;;;;435;0;25;35;70;10;135;95;65;970;710;260;0,8;3743;90;1;0,3;0,2;0,3;7,4;30;26;4;"      1036";1;1;2891
"Kadoelen";"Amsterdam                               ";"Wijk      ";"WK0363ND  ";"1";3570;1720;1850;765;380;835;1005;580;2000;1245;210;120;2420;305;855;2415;150;480;150;375;;;;;1415;375;350;695;2,5;2651;1347;;45;;645;85;45;16;8;17;15;2;66;34;30;4;87;13;;;;;;;;;;;;;;;;;;;;;;;;;;;;;;;;;;;;;;;;;;;635;0;70;55;60;30;215;100;105;1410;1005;405;1;1045;155;1,1;1;0,6;0,6;13,4;150;135;15;"         .";;2;1901
"Twiske-Oost";"Amsterdam                               ";"Buurt     ";"BU0363ND01";"1";1115;545;575;170;135;245;305;255;540;445;80;50;665;75;380;665;35;195;35;180;;;;;475;145;120;210;2,4;6086;444;;1;;470;78;64;14;0;0;22;1;54;46;44;2;100;0;;;;;;;;;;;;;;;;;;;;;;;;;;;;;;;;;;;;;;;;;;;120;0;25;15;10;5;25;20;15;445;350;95;0,9;2423;45;1,1;0,6;0,7;0,7;14,2;19;18;1;"      1035";1;2;1645
"Kadoelen";"Amsterdam                               ";"Buurt     ";"BU0363ND02";"1";2455;1175;1280;595;245;590;705;320;1460;805;130;65;1755;230;470;1755;110;285;115;190;;;;;945;230;235;485;2,6;2110;903;;44;;731;88;35;16;12;25;12;3;72;28;24;4;80;20;;;;;;;;;;;;;;;;;;;;;;;;;;;;;;;;;;;;;;;;;;;520;0;45;40;45;25;190;80;90;965;655;310;1;828;115;1,1;1,1;0,6;0,6;13;131;116;14;"      1035";1;2;2017
"Banne Buiksloot";"Amsterdam                               ";"Wijk      ";"WK0363NE  ";"1";14725;7150;7570;2635;1980;4100;3520;2480;8425;4310;1385;605;4815;1655;8245;4820;520;3875;1135;4375;;;;;6710;3030;1300;2380;2,1;8889;6289;;547;;409;18;14;4;1;0;82;3;31;69;61;9;93;7;;;;;;;;;;;;;;;;;;;;;;;;;;;;;;;;;;;;;;;;;;;1910;0;200;245;345;15;465;375;270;4360;3305;1055;0,6;2633;265;0,8;0,8;0,4;0,7;14,5;183;166;17;"         .";;1;2837
"Banne-Noordwest";"Amsterdam                               ";"Buurt     ";"BU0363NE01";"1";2590;1275;1320;460;405;780;605;340;1550;700;260;85;610;310;1670;610;80;790;235;885;;;;;1255;650;170;435;2,1;8501;1121;;9;;337;7;5;2;0;0;93;3;21;78;72;6;100;0;;;;;;;;;;;;;;;;;;;;;;;;;;;;;;;;;;;;;;;;;;;355;0;40;55;75;0;60;85;45;750;570;180;0,6;2452;35;0,4;0,7;0,2;0,2;11,7;34;31;4;"      1034";1;2;2156
"Banne-Noordoost";"Amsterdam                               ";"Buurt     ";"BU0363NE02";"1";3545;1730;1815;630;525;975;860;560;1975;1130;305;135;1110;395;2045;1110;145;1000;245;1040;;;;;1530;570;330;635;2,3;8795;1467;;6;;384;16;11;4;0;0;84;2;32;68;63;6;100;0;;;;;;;;;;;;;;;;;;;;;;;;;;;;;;;;;;;;;;;;;;;425;0;65;65;75;0;105;65;50;1100;850;250;0,7;2735;65;0,9;1,2;0,6;0,6;10,8;46;40;5;"      1034";1;2;2280
"Banne-Zuidwest";"Amsterdam                               ";"Buurt     ";"BU0363NE03";"1";3690;1685;2005;665;585;895;825;715;2100;1000;375;210;1045;385;2265;1045;110;1045;270;1215;;;;;1535;640;270;625;2,3;10979;1418;;386;;406;17;14;3;1;0;83;4;26;74;68;6;96;4;;;;;;;;;;;;;;;;;;;;;;;;;;;;;;;;;;;;;;;;;;;380;0;40;40;85;5;90;75;45;880;665;215;0,6;2618;60;0,7;0,5;0,4;0,9;16,9;37;34;4;"      1034";1;1;3149
"Banne-Zuidoost";"Amsterdam                               ";"Buurt     ";"BU0363NE04";"1";4245;2155;2090;760;380;1290;1040;775;2450;1245;400;155;1685;460;2100;1685;130;960;320;1140;;;;;2120;1070;455;585;1,9;8464;2017;;92;;439;22;17;5;0;0;78;3;34;66;52;14;80;20;;;;;;;;;;;;;;;;;;;;;;;;;;;;;;;;;;;;;;;;;;;630;0;50;70;95;5;170;130;105;1385;1040;345;0,7;2765;85;0,9;0,7;0,3;0,8;16,7;53;50;2;"      1034";1;1;3238
"Buiksloterbreek";"Amsterdam                               ";"Buurt     ";"BU0363NE05";"1";305;140;170;50;25;60;95;75;140;135;20;10;230;55;20;230;30;10;30;10;;;;;130;35;40;50;2,4;3947;118;;54;;781;90;63;19;3;4;10;4;97;3;0;3;100;0;;;;;;;;;;;;;;;;;;;;;;;;;;;;;;;;;;;;;;;;;;;65;0;0;5;5;0;25;15;10;140;95;45;1,1;1800;15;1,5;1,4;0,8;1,4;19,5;10;8;2;"      1034";1;1;3452
"Marjoleinterrein";"Amsterdam                               ";"Buurt     ";"BU0363NE06";"1";340;175;170;70;50;105;95;20;215;100;20;5;135;55;155;130;15;75;40;85;;;;;140;60;25;55;2,4;10460;148;;0;;518;43;27;9;5;1;57;6;51;49;38;11;100;0;;;;;;;;;;;;;;;;;;;;;;;;;;;;;;;;;;;;;;;;;;;55;0;5;10;10;0;10;5;10;105;80;25;0,7;3181;5;1,7;1,7;1;1,3;18,7;3;3;0;"      1034";1;1;3246
"Nieuwendammerdijk/Buiksloterdijk";"Amsterdam                               ";"Wijk      ";"WK0363NF  ";"1";1680;830;845;330;210;330;515;295;980;585;70;40;1305;200;175;1305;110;115;90;60;;;;;655;160;190;305;2,6;4678;635;;36;;986;85;25;15;21;23;15;5;93;7;0;7;98;2;;;;;;;;;;;;;;;;;;;;;;;;;;;;;;;;;;;;;;;;;;;465;0;30;35;40;25;165;80;85;650;465;185;1;1819;75;1,1;1,3;0,5;1;14,9;43;36;7;"         .";;1;2742
"Buiksloterdijk-West";"Amsterdam                               ";"Buurt     ";"BU0363NF01";"1";170;80;90;45;20;30;45;35;105;55;5;5;135;20;15;135;15;5;10;5;;;;;65;20;20;30;2,6;7573;60;;0;;1032;83;3;7;27;47;17;0;90;10;0;10;98;2;;;;;;;;;;;;;;;;;;;;;;;;;;;;;;;;;;;;;;;;;;;50;0;5;10;0;0;20;5;10;55;40;15;0,8;2391;0;1,4;1,4;1;1,1;19,7;3;2;0;"      1034";1;1;3503
"Buiksloterdijk-Oost";"Amsterdam                               ";"Buurt     ";"BU0363NF02";"1";135;65;70;25;10;20;35;40;70;60;5;0;105;15;10;100;10;5;5;10;;;;;50;10;20;25;2,5;5396;54;;1;;1253;89;13;19;19;39;11;4;96;4;0;4;98;2;;;;;;;;;;;;;;;;;;;;;;;;;;;;;;;;;;;;;;;;;;;35;0;0;5;0;0;15;5;5;60;45;15;1,1;2394;5;1,2;1,2;0,8;0,9;19,7;3;2;0;"      1025";1;1;3536
"Nieuwendammerdijk-West";"Amsterdam                               ";"Buurt     ";"BU0363NF03";"1";1020;510;515;190;130;200;330;170;600;355;35;25;790;120;110;790;60;80;60;30;;;;;405;105;120;185;2,5;10231;397;;12;;942;85;32;17;18;17;15;5;92;8;0;8;98;2;;;;;;;;;;;;;;;;;;;;;;;;;;;;;;;;;;;;;;;;;;;290;0;15;20;30;15;105;55;50;400;285;115;1;4014;55;1,2;1,2;0,5;0,9;14,2;12;10;2;"      1025";1;1;2651
"Nieuwendammerdijk-Oost";"Amsterdam                               ";"Buurt     ";"BU0363NF04";"1";345;175;175;80;45;75;100;45;200;115;20;10;270;40;35;270;25;25;15;15;;;;;125;30;30;65;2,7;5050;124;;23;;985;82;19;10;28;25;18;6;95;5;1;4;98;2;;;;;;;;;;;;;;;;;;;;;;;;;;;;;;;;;;;;;;;;;;;90;0;10;5;5;5;30;15;20;140;95;40;1,1;2008;10;0,7;1,2;0,2;1,1;12,9;8;7;1;"      1023";1;2;2410
"Nieuwendammerdijk-Zuid";"Amsterdam                               ";"Buurt     ";"BU0363NF05";"1";5;5;0;0;0;5;0;5;0;5;0;0;5;0;5;5;0;0;0;0;;;;;5;0;0;0;1,3;;0;;0;;;;;;;;;;;;;;;;;;;;;;;;;;;;;;;;;;;;;;;;;;;;;;;;;;;;;;;;;;0;;;;;;;;;0;0;0;;;0;;;;;;18;14;4;"      1023";1;2;2047
"Elzenhagen";"Amsterdam                               ";"Wijk      ";"WK0363NG  ";"1";5555;2830;2720;995;925;2340;900;385;3870;1355;270;50;2080;710;2760;2075;225;1295;480;1465;;;;;3055;1805;475;775;1,8;6917;2967;;94;;394;26;20;5;1;0;74;3;23;77;58;19;28;72;;;;;;;;;;;;;;;;;;;;;;;;;;;;;;;;;;;;;;;;;;;895;0;50;120;125;15;265;190;125;1325;940;385;0,4;1652;95;1,3;0,8;0,4;0,5;17,5;86;80;6;"         .";;1;3349
"Elzenhagen-Noord";"Amsterdam                               ";"Buurt     ";"BU0363NG01";"1";3600;1780;1815;805;545;1285;700;265;2320;1075;160;45;1565;495;1545;1565;180;810;315;725;;;;;1630;735;280;615;2,2;7752;1591;;28;;509;46;36;8;1;0;54;3;40;60;40;20;43;57;;;;;;;;;;;;;;;;;;;;;;;;;;;;;;;;;;;;;;;;;;;495;0;30;65;65;5;175;90;65;875;600;275;0,5;1882;75;1,4;1;0,5;0,5;16,1;51;46;4;"      1022";3;1;3127
"Elzenhagen-Zuid";"Amsterdam                               ";"Buurt     ";"BU0363NG02";"1";1830;985;845;160;370;1030;175;95;1485;220;110;10;410;205;1210;410;40;480;160;730;;;;;1390;1075;185;135;1,3;6093;1336;;66;;242;0;0;0;0;0;100;4;0;100;82;18;9;91;;;;;;;;;;;;;;;;;;;;;;;;;;;;;;;;;;;;;;;;;;;375;0;20;55;55;5;90;95;50;415;310;100;0,3;1380;20;1,2;0,5;0,4;0,5;20,1;31;30;1;"      1022";4;1;3597
"Nintemanterrein";"Amsterdam                               ";"Buurt     ";"BU0363NG03";"1";125;65;55;35;15;25;25;30;65;55;5;0;105;10;10;105;5;5;5;0;;;;;35;0;15;25;3,3;3243;40;;0;;888;100;50;10;10;30;0;5;98;3;0;3;100;0;;;;;;;;;;;;;;;;;;;;;;;;;;;;;;;;;;;;;;;;;;;30;0;0;0;0;5;5;5;10;40;30;5;;;0;0,8;0,9;0,5;0,6;22;4;4;0;"      1025";1;1;3585
"Buikslotermeer";"Amsterdam                               ";"Wijk      ";"WK0363NH  ";"1";12035;5760;6275;1500;1740;3890;2425;2480;7185;2975;1225;645;4075;1655;6300;4075;385;2610;1275;3695;;;;;6580;3730;1360;1490;1,8;7970;5886;;1180;;368;5;4;1;0;0;95;5;29;71;54;16;90;10;;;;;;;;;;;;;;;;;;;;;;;;;;;;;;;;;;;;;;;;;;;1900;0;165;320;280;30;460;315;325;3135;2550;585;0,5;2075;220;0,5;0,4;0,4;0,4;15,9;155;151;4;"         .";;1;3443
"Buikslotermeer-Noord";"Amsterdam                               ";"Buurt     ";"BU0363NH01";"1";2485;1170;1315;205;540;750;415;580;1545;585;200;160;1205;450;830;1210;105;295;350;535;;;;;1635;1120;295;215;1,5;5332;1250;;301;;373;13;10;2;1;0;87;11;49;51;38;13;100;0;;;;;;;;;;;;;;;;;;;;;;;;;;;;;;;;;;;;;;;;;;;375;0;40;45;50;5;95;60;80;675;555;120;0,4;1446;60;0,6;0,5;0,3;0,4;14,9;47;47;0;"      1025";1;1;2777
"De Kleine Wereld";"Amsterdam                               ";"Buurt     ";"BU0363NH02";"1";2635;1225;1410;435;405;630;630;540;1465;730;305;135;605;200;1830;605;50;810;155;1025;;;;;1260;590;230;440;2,1;11658;1151;;467;;318;0;0;0;0;0;100;3;11;89;84;5;100;0;;;;;;;;;;;;;;;;;;;;;;;;;;;;;;;;;;;;;;;;;;;290;0;40;40;45;5;70;65;25;705;590;115;0,6;3107;40;0,4;0,4;0,2;0,2;15,4;24;23;1;"      1025";1;1;3501
"Loenermark";"Amsterdam                               ";"Buurt     ";"BU0363NH03";"1";2160;1100;1060;165;230;1065;305;395;1435;445;195;95;775;430;960;775;70;350;360;610;;;;;1300;770;360;175;1,6;13607;1200;;97;;349;3;3;1;0;0;97;5;27;73;30;43;68;32;;;;;;;;;;;;;;;;;;;;;;;;;;;;;;;;;;;;;;;;;;;370;0;25;55;65;5;100;60;60;480;380;100;0,4;3026;50;0,3;0,5;0,7;0,6;17,9;17;16;1;"      1025";1;1;3616
"Buikslotermeerplein";"Amsterdam                               ";"Buurt     ";"BU0363NH04";"1";1360;640;715;145;120;385;265;440;700;305;200;150;495;165;695;495;40;275;130;420;;;;;770;495;150;125;1,6;5983;792;;245;;405;0;0;0;0;0;100;3;19;81;63;18;75;25;;;;;;;;;;;;;;;;;;;;;;;;;;;;;;;;;;;;;;;;;;;350;0;15;130;35;15;55;40;55;360;280;80;0,5;1592;15;0,4;0,4;0,4;0,6;15,5;23;23;1;"      1025";1;1;3785
"Plan van Gool";"Amsterdam                               ";"Buurt     ";"BU0363NH05";"1";3135;1500;1635;510;435;1005;760;425;1910;820;315;90;830;380;1930;825;115;860;265;1075;;;;;1510;725;290;500;2,1;11201;1403;;21;;379;0;0;0;0;0;100;3;30;70;63;7;100;0;;;;;;;;;;;;;;;;;;;;;;;;;;;;;;;;;;;;;;;;;;;460;0;45;50;80;5;125;75;80;830;675;155;0,5;2961;45;0,6;0,3;0,3;0,5;15,7;28;28;0;"      1025";1;1;3713
"Rode Kruisbuurt";"Amsterdam                               ";"Buurt     ";"BU0363NH06";"1";255;120;135;35;10;60;50;90;130;90;15;15;170;30;55;165;15;20;15;35;;;;;95;30;30;35;2,2;1670;90;;49;;697;98;70;23;0;4;2;3;93;7;0;7;99;1;;;;;;;;;;;;;;;;;;;;;;;;;;;;;;;;;;;;;;;;;;;55;0;0;5;5;0;10;15;20;85;70;15;0,9;561;5;0,7;1;0,1;0,2;18,3;16;15;0;"      1025";1;1;3267
"Waterlandpleinbuurt";"Amsterdam                               ";"Wijk      ";"WK0363NJ  ";"1";14095;6905;7190;2900;1980;4280;3305;1630;8525;3880;1290;395;3950;1540;8605;3950;490;4285;1060;4320;;;;;6280;2725;1150;2410;2,2;10027;5895;;698;;386;16;12;2;1;1;84;3;31;69;51;18;87;13;;;;;;;;;;;;;;;;;;;;;;;;;;;;;;;;;;;;;;;;;;;1970;0;210;250;375;25;475;380;255;4145;3165;980;0,7;2948;240;0,5;0,5;0,3;0,4;10,6;151;141;10;"         .";;1;2694
"Markengouw-Noord";"Amsterdam                               ";"Buurt     ";"BU0363NJ01";"1";640;320;320;55;95;235;125;130;375;175;55;35;290;105;245;290;20;90;85;160;;;;;390;230;100;65;1,6;5658;353;;79;;319;0;0;0;0;0;100;6;46;54;0;54;100;0;;;;;;;;;;;;;;;;;;;;;;;;;;;;;;;;;;;;;;;;;;;100;0;10;15;15;0;30;15;15;195;160;35;0,5;1706;15;0,9;0,4;0,4;0,6;12;12;11;1;"      1024";1;1;3161
"Markengouw-Midden";"Amsterdam                               ";"Buurt     ";"BU0363NJ02";"1";4150;2035;2110;1010;660;1255;925;295;2580;1195;300;75;960;250;2935;965;105;1675;150;1260;;;;;1590;575;225;795;2,6;10689;1460;;74;;438;40;32;7;2;0;60;1;23;77;71;7;62;38;;;;;;;;;;;;;;;;;;;;;;;;;;;;;;;;;;;;;;;;;;;540;0;60;65;120;5;125;120;45;1270;945;330;0,8;3277;65;0,7;0,6;0,2;0,2;9,9;41;39;2;"      1024";1;1;2520
"Markengouw-Zuid";"Amsterdam                               ";"Buurt     ";"BU0363NJ03";"1";2295;1130;1160;645;350;645;505;160;1465;635;165;35;530;220;1545;530;80;745;145;795;;;;;835;280;120;435;2,6;10770;832;;125;;385;17;12;3;0;2;83;4;28;72;55;16;82;18;;;;;;;;;;;;;;;;;;;;;;;;;;;;;;;;;;;;;;;;;;;275;0;40;30;50;5;75;55;25;595;445;150;0,7;2800;25;0,5;0,7;0,4;0,4;8,9;23;21;1;"      1024";1;2;1779
"Werengouw-Noord";"Amsterdam                               ";"Buurt     ";"BU0363NJ04";"1";465;235;220;45;35;140;90;150;230;150;50;30;220;105;135;220;35;55;70;80;;;;;265;125;85;50;1,7;3213;258;;86;;411;1;1;0;0;0;99;7;72;28;9;19;100;0;;;;;;;;;;;;;;;;;;;;;;;;;;;;;;;;;;;;;;;;;;;65;0;5;5;5;0;25;10;15;175;135;45;0,7;1224;10;0,8;0,5;0,5;0,7;12,5;16;14;2;"      1024";1;1;3575
"Werengouw-Midden";"Amsterdam                               ";"Buurt     ";"BU0363NJ05";"1";4935;2440;2500;780;590;1655;1230;675;2945;1235;580;175;1440;680;2820;1440;175;1245;505;1575;;;;;2565;1315;500;750;1,9;13620;2399;;196;;349;1;1;0;0;0;99;3;28;72;47;25;98;2;;;;;;;;;;;;;;;;;;;;;;;;;;;;;;;;;;;;;;;;;;;760;0;65;110;145;10;160;130;140;1445;1145;300;0,6;3992;95;0,4;0,3;0,3;0,4;12;38;36;1;"      1024";1;1;3076
"Werengouw-Zuid";"Amsterdam                               ";"Buurt     ";"BU0363NJ06";"1";1610;740;870;365;250;345;435;220;935;490;145;45;510;175;930;505;75;475;100;455;;;;;630;200;120;315;2,5;8709;593;;138;;436;31;19;3;3;6;69;1;41;59;57;3;100;0;;;;;;;;;;;;;;;;;;;;;;;;;;;;;;;;;;;;;;;;;;;235;0;25;20;45;5;65;45;20;460;335;125;0,7;2484;30;0,3;0,4;0,4;0,4;9,6;22;19;4;"      1024";1;2;2214
"Volewijck";"Amsterdam                               ";"Wijk      ";"WK0363NK  ";"1";9470;4655;4815;1485;1015;3125;2505;1340;6020;2165;965;320;4195;1120;4155;4200;385;1780;735;2375;;;;;5050;2580;970;1505;1,9;7927;4906;;239;;435;24;15;7;2;0;76;8;15;85;78;7;98;2;;;;;;;;;;;;;;;;;;;;;;;;;;;;;;;;;;;;;;;;;;;1805;5;165;260;235;15;445;285;390;2625;2155;470;0,5;2198;195;0,6;0,7;0,4;0,6;16,3;131;119;12;"         .";;1;3580
"Bloemenbuurt-Noord";"Amsterdam                               ";"Buurt     ";"BU0363NK01";"1";2460;1200;1265;435;185;770;615;460;1415;695;245;110;1370;275;815;1375;105;335;165;480;;;;;1240;545;285;410;2;7110;1221;;35;;450;53;35;13;5;0;47;3;28;72;67;4;100;0;;;;;;;;;;;;;;;;;;;;;;;;;;;;;;;;;;;;;;;;;;;365;0;40;40;50;5;100;65;65;765;655;110;0,6;2216;70;1,1;1,1;0,6;0,7;20;36;35;2;"      1032";1;1;3411
"Bloemenbuurt-Zuid";"Amsterdam                               ";"Buurt     ";"BU0363NK02";"1";2540;1245;1295;415;290;825;635;375;1620;580;245;95;1085;315;1135;1085;105;495;205;645;;;;;1330;680;250;400;1,9;7096;1200;;53;;480;17;13;3;1;0;83;7;9;91;81;10;100;0;;;;;;;;;;;;;;;;;;;;;;;;;;;;;;;;;;;;;;;;;;;455;0;40;55;60;5;120;70;100;670;545;125;0,5;1879;50;0,7;0,7;0,4;0,4;17,9;37;36;1;"      1032";1;1;3507
"Van der Pekbuurt";"Amsterdam                               ";"Buurt     ";"BU0363NK03";"1";4470;2210;2260;635;540;1530;1260;505;2990;890;475;115;1735;535;2205;1735;175;950;360;1255;;;;;2480;1355;430;695;1,8;9108;2485;;151;;406;14;7;5;1;0;86;10;12;88;81;8;97;3;;;;;;;;;;;;;;;;;;;;;;;;;;;;;;;;;;;;;;;;;;;985;5;80;165;125;5;230;150;225;1185;955;230;0,5;2417;75;0,3;0,4;0,3;0,6;13,3;58;49;9;"      1031";1;1;3693
"IJplein/Vogelbuurt";"Amsterdam                               ";"Wijk      ";"WK0363NL  ";"1";7735;3855;3880;1050;890;2635;2055;1105;4985;1735;800;210;3085;945;3705;3085;290;1580;655;2125;;;;;4220;2300;835;1085;1,8;6525;4211;;151;;453;8;5;3;0;0;92;7;21;79;70;8;99;1;;;;;;;;;;;;;;;;;;;;;;;;;;;;;;;;;;;;;;;;;;;1445;0;110;180;215;15;375;245;305;2190;1750;440;0,5;1847;180;0,6;0,4;0,5;0,4;12,4;145;119;27;"         .";;1;3150
"Vogelbuurt-Noord";"Amsterdam                               ";"Buurt     ";"BU0363NL01";"1";1030;510;530;165;85;385;270;135;685;235;90;25;525;130;380;525;50;175;80;205;;;;;570;305;115;150;1,8;3592;656;;37;;457;38;22;14;2;0;62;17;20;80;75;5;100;0;;;;;;;;;;;;;;;;;;;;;;;;;;;;;;;;;;;;;;;;;;;215;0;25;30;25;0;55;25;55;315;265;50;0,5;1087;40;1,1;0,6;0,4;0,4;14,7;32;29;3;"      1022";1;1;2789
"Vliegenbos";"Amsterdam                               ";"Buurt     ";"BU0363NL02";"1";190;100;95;25;30;40;80;20;105;60;20;0;140;30;25;140;10;15;15;10;;;;;85;35;20;35;2,2;505;87;;26;;;16;11;2;0;2;84;26;63;37;0;37;48;52;;;;;;;;;;;;;;;;;;;;;;;;;;;;;;;;;;;;;;;;;;;135;0;5;15;20;10;45;20;15;90;65;30;1,1;246;20;1,9;1,6;1;1,5;9,1;40;37;2;"      1022";1;2;2298
"Vogelbuurt-Zuid";"Amsterdam                               ";"Buurt     ";"BU0363NL03";"1";4075;1970;2105;575;545;1400;1035;520;2650;905;420;100;1550;490;2040;1550;130;860;355;1185;;;;;2135;1095;420;620;1,9;12704;2042;;63;;460;3;2;0;0;0;97;5;20;80;70;10;100;0;;;;;;;;;;;;;;;;;;;;;;;;;;;;;;;;;;;;;;;;;;;720;0;50;85;105;5;180;125;160;1055;845;215;0,5;3294;70;0,5;0,3;0,5;0,3;12,4;34;32;2;"      1021";1;1;3304
"IJplein e.o.";"Amsterdam                               ";"Buurt     ";"BU0363NL04";"1";2430;1275;1160;285;230;810;665;435;1550;540;275;75;880;295;1260;875;95;535;200;730;;;;;1430;865;280;285;1,7;12031;1426;;25;;417;0;0;0;0;0;100;5;20;80;73;7;100;0;;;;;;;;;;;;;;;;;;;;;;;;;;;;;;;;;;;;;;;;;;;375;0;25;50;65;0;90;70;70;725;580;145;0,5;3593;50;0,3;0,4;0,6;0,5;11,7;40;20;20;"      1021";1;1;3174
"Tuindorp Buiksloot";"Amsterdam                               ";"Wijk      ";"WK0363NM  ";"1";1910;900;1005;335;170;535;475;385;1065;535;195;115;1145;190;570;1145;85;280;105;295;;;;;925;390;185;350;2,1;11318;912;;14;;484;77;54;17;6;0;23;3;19;81;79;1;100;0;;;;;;;;;;;;;;;;;;;;;;;;;;;;;;;;;;;;;;;;;;;220;0;40;25;30;5;60;25;35;625;515;115;0,7;3719;75;0,8;1,1;0,5;0,5;17,7;17;17;0;"         .";;1;3000
"Blauwe Zand";"Amsterdam                               ";"Buurt     ";"BU0363NM01";"1";1910;895;1010;335;170;535;480;390;1070;535;190;115;1145;190;570;1150;85;275;105;295;;;;;925;390;185;345;2,1;11318;912;;14;;484;77;54;17;6;0;23;3;19;81;79;1;100;0;;;;;;;;;;;;;;;;;;;;;;;;;;;;;;;;;;;;;;;;;;;220;0;40;25;30;5;60;25;35;625;515;115;0,7;3719;75;0,8;1,1;0,5;0,5;17,7;17;17;0;"      1025";1;1;3000
"Tuindorp Nieuwendam";"Amsterdam                               ";"Wijk      ";"WK0363NN  ";"1";3420;1580;1845;525;290;800;1010;795;1810;1030;405;175;2300;330;795;2295;160;360;165;435;;;;;1810;845;415;550;1,9;7964;1841;;31;;468;90;56;25;8;0;10;4;21;79;78;2;100;0;;;;;;;;;;;;;;;;;;;;;;;;;;;;;;;;;;;;;;;;;;;580;0;60;60;65;5;140;125;120;1230;1040;190;0,7;2868;125;0,4;0,9;0,3;0,8;13,2;47;43;4;"         .";;1;3004
"Tuindorp Nieuwendam-West";"Amsterdam                               ";"Buurt     ";"BU0363NN01";"1";1060;485;575;165;80;245;275;300;500;375;105;80;660;130;270;660;60;145;70;130;;;;;545;230;150;160;1,9;9504;538;;11;;400;78;57;21;0;1;22;3;25;75;73;2;100;0;;;;;;;;;;;;;;;;;;;;;;;;;;;;;;;;;;;;;;;;;;;190;0;25;15;15;0;55;45;35;390;325;65;0,7;3488;30;0,6;1,2;0,4;0,7;15,1;12;11;1;"      1023";1;1;3525
"Tuindorp Nieuwendam-Oost";"Amsterdam                               ";"Buurt     ";"BU0363NN02";"1";2360;1090;1270;365;210;555;735;500;1305;660;300;95;1640;195;520;1635;100;220;100;305;;;;;1270;615;265;390;1,9;7423;1303;;20;;497;95;56;27;11;0;5;4;19;81;80;1;100;0;;;;;;;;;;;;;;;;;;;;;;;;;;;;;;;;;;;;;;;;;;;390;0;35;50;50;5;85;80;85;845;715;125;0,7;2651;95;0,4;0,8;0,3;0,8;12,3;35;32;3;"      1023";1;1;2787
"Noordelijke IJ-oevers-Oost";"Amsterdam                               ";"Wijk      ";"WK0363NP  ";"1";410;205;210;30;110;170;75;25;340;55;15;5;90;225;100;90;10;20;210;85;;;;;315;245;50;20;1,3;603;193;;474;;353;8;5;3;0;1;92;17;11;89;0;89;38;62;;;;;;;;;;;;;;;;;;;;;;;;;;;;;;;;;;;;;;;;;;;745;0;70;130;95;45;220;40;145;285;160;130;0,9;420;25;0,6;0,2;0,3;0,6;12;111;68;43;"         .";;1;2601
"Hamerstraatkwartier-West";"Amsterdam                               ";"Buurt     ";"BU0363NP01";"1";380;185;195;25;105;160;70;20;320;45;10;0;70;220;90;70;10;10;210;80;;;;;290;230;45;20;1,3;1190;187;;298;;344;5;4;1;0;0;95;17;9;91;0;91;36;64;;;;;;;;;;;;;;;;;;;;;;;;;;;;;;;;;;;;;;;;;;;415;0;35;80;65;20;125;15;70;220;125;95;0,8;696;20;0,6;0,1;0,3;0,5;12,2;50;32;18;"      1021";2;1;2841
"Hamerstraatkwartier-Oost";"Amsterdam                               ";"Buurt     ";"BU0363NP02";"1";10;10;5;0;0;0;5;5;5;0;5;0;5;0;5;10;0;0;0;0;;;;;10;5;0;0;1,3;45;1;;102;;;;;;;;;;;;;;;;;;;;;;;;;;;;;;;;;;;;;;;;;;;;;;;;;;;;;;;;;;250;0;20;40;25;10;75;20;65;40;20;20;;;0;1,3;0,9;0,8;0,9;12,3;39;27;12;"      1022";1;2;2290
"Bedrijventerrein Nieuwendammerdijk";"Amsterdam                               ";"Buurt     ";"BU0363NP03";"1";20;15;10;5;0;5;5;0;15;10;0;0;15;0;5;15;0;0;5;5;;;;;10;10;0;0;1,8;229;5;;74;;;;;;;;;;;;;;;;;;;;;;;;;;;;;;;;;;;;;;;;;;;;;;;;;;;;;;;;;;75;0;15;10;5;15;20;5;5;25;15;10;;;5;1,1;1,4;0,8;1,5;8,4;22;10;12;"      1023";1;2;1528
"Waterland";"Amsterdam                               ";"Wijk      ";"WK0363NQ  ";"1";2380;1220;1155;370;275;430;795;505;1260;910;130;70;1945;200;230;1945;100;145;95;90;;;;;1000;315;300;380;2,3;96;945;;85;;982;83;7;5;22;49;17;12;77;23;3;19;89;11;;;;;;;;;;;;;;;;;;;;;;;;;;;;;;;;;;;;;;;;;;;650;40;65;65;70;25;190;90;110;1240;870;370;1,2;50;150;2,4;2,2;1,9;2,1;3,2;2774;2467;307;"         .";;5;377
"Noorderstrook-West";"Amsterdam                               ";"Buurt     ";"BU0363NQ01";"1";75;45;30;5;5;30;30;10;60;10;0;0;30;25;20;30;5;5;20;10;;;;;65;60;5;5;1,1;78;1;;5;;;;;;;;;;;;;;;;;;;;;;;;;;;;;;;;;;;;;;;;;;;;;;;;;;;;;;;;;;40;0;5;5;5;0;5;0;15;40;25;15;0,6;44;10;3,2;2,7;1,9;2,6;1,9;102;94;8;"      1027";1;3;1164
"Noorderstrook-Oost";"Amsterdam                               ";"Buurt     ";"BU0363NQ02";"1";0;0;0;0;0;0;0;0;0;0;0;0;0;0;0;0;0;0;0;0;;;;;0;0;0;0;;;1;;7;;;;;;;;;;;;;;;;;;;;;;;;;;;;;;;;;;;;;;;;;;;;;;;;;;;;;;;;;;15;;;;;;;;;10;5;5;;;0;;;;;;48;45;3;"      1027";1;2;1937
"Zunderdorp";"Amsterdam                               ";"Buurt     ";"BU0363NQ03";"1";470;245;225;70;55;90;155;110;240;185;30;20;405;25;45;405;10;25;10;15;;;;;190;50;65;75;2,4;56;219;;10;;889;72;9;8;21;34;28;10;70;30;11;20;89;11;;;;;;;;;;;;;;;;;;;;;;;;;;;;;;;;;;;;;;;;;;;130;15;15;10;10;5;45;15;15;235;165;70;1,2;28;20;2,5;2,2;1;2,1;4,3;886;843;44;"      1027";1;5;85
"Schellingwoude-West";"Amsterdam                               ";"Buurt     ";"BU0363NQ04";"1";70;35;35;10;10;5;25;20;40;25;5;0;55;5;10;55;0;5;5;0;;;;;35;10;15;10;2,1;487;31;;4;;947;100;55;19;0;26;0;10;74;26;0;26;90;10;;;;;;;;;;;;;;;;;;;;;;;;;;;;;;;;;;;;;;;;;;;20;;;;;;;;;60;50;15;;;5;0,3;0,7;1,7;2,3;4,6;25;15;10;"      1023";1;4;984
"Schellingwoude-Oost";"Amsterdam                               ";"Buurt     ";"BU0363NQ05";"1";620;305;310;120;75;125;190;110;355;210;35;15;495;65;65;490;35;40;25;25;;;;;245;60;70;110;2,5;935;189;;8;;1049;97;11;10;47;29;3;6;88;12;5;7;95;5;;;;;;;;;;;;;;;;;;;;;;;;;;;;;;;;;;;;;;;;;;;160;0;15;20;15;5;55;20;25;260;170;90;1,1;395;35;0,5;0,6;1,6;2,1;6,5;68;66;2;"      1023";1;3;1121
"Schellingwoude-Noord";"Amsterdam                               ";"Buurt     ";"BU0363NQ06";"1";5;0;0;0;0;0;5;5;5;5;0;0;5;0;0;0;0;0;0;0;;;;;5;0;5;0;2,5;;2;;5;;;;;;;;;;;;;;;;;;;;;;;;;;;;;;;;;;;;;;;;;;;;;;;;;;;;;;;;;;0;;;;;;;;;0;0;0;;;0;;;;;;37;36;1;"      1026";3;5;398
"Zwarte Gouw";"Amsterdam                               ";"Buurt     ";"BU0363NQ07";"1";35;20;10;0;5;20;10;5;25;10;0;0;30;0;0;30;0;0;0;0;;;;;5;5;0;0;2,6;21;34;;0;;245;9;0;0;0;9;91;35;9;91;0;91;53;47;;;;;;;;;;;;;;;;;;;;;;;;;;;;;;;;;;;;;;;;;;;5;;;;;;;;;10;10;0;;;0;1,7;1,5;0,9;1,4;3,8;160;155;5;"      1026";1;5;44
"Holysloot";"Amsterdam                               ";"Buurt     ";"BU0363NQ08";"1";285;150;135;40;30;45;100;70;130;130;20;15;245;20;20;245;5;20;10;5;;;;;110;35;25;55;2,5;36;142;;8;;;89;0;0;11;79;11;25;70;29;0;29;80;20;;;;;;;;;;;;;;;;;;;;;;;;;;;;;;;;;;;;;;;;;;;95;15;10;5;10;5;25;10;15;175;120;55;1,5;22;20;5,7;5,8;3,8;3,2;0,3;928;783;145;"      1028";1;5;30
"Ransdorp";"Amsterdam                               ";"Buurt     ";"BU0363NQ09";"1";330;160;170;50;30;55;115;80;155;145;20;15;290;15;25;285;10;10;15;10;;;;;140;45;55;45;2,3;186;141;;12;;1016;82;4;1;18;58;18;8;86;14;0;14;89;11;;;;;;;;;;;;;;;;;;;;;;;;;;;;;;;;;;;;;;;;;;;60;5;5;10;5;5;15;15;10;205;155;45;1,4;115;35;3;2,8;0,8;0,3;1;227;177;51;"      1028";1;5;53
"Durgerdam";"Amsterdam                               ";"Buurt     ";"BU0363NQ10";"1";490;260;230;80;65;65;180;100;255;195;25;15;400;45;50;400;25;30;15;20;;;;;200;55;70;75;2,5;193;185;;26;;1062;90;2;3;17;68;10;8;86;14;0;14;98;2;;;;;;;;;;;;;;;;;;;;;;;;;;;;;;;;;;;;;;;;;;;120;0;10;15;15;5;40;15;15;245;170;75;1,2;97;25;2,7;2,2;2,6;2,5;1,1;293;254;38;"      1026";1;5;127
"Driemond";"Amsterdam                               ";"Wijk      ";"WK0363SA  ";"1";1700;825;880;320;195;400;485;300;885;635;120;60;1235;145;315;1235;75;175;75;140;;;;;720;210;195;315;2,4;949;700;;44;;465;82;44;22;7;9;18;3;62;38;35;4;92;8;;;;;;;;;;;;;;;;;;;;;;;;;;;;;;;;;;;;;;;;;;;285;5;45;35;25;10;75;60;35;800;610;190;1,1;446;85;2,6;3;0,3;0,4;3,1;207;179;28;"         .";;5;447
"Landelijk gebied Driemond";"Amsterdam                               ";"Buurt     ";"BU0363SA01";"1";155;85;75;35;30;30;45;15;90;60;5;0;120;20;15;125;10;10;10;5;;;;;50;15;10;30;3;108;44;;3;;869;95;0;0;7;86;5;2;89;11;0;11;34;66;;;;;;;;;;;;;;;;;;;;;;;;;;;;;;;;;;;;;;;;;;;40;0;0;0;5;5;10;10;5;60;35;25;1,2;42;0;3,2;3,6;0,8;0,9;1,1;167;146;21;"      1109";1;4;593
"Dorp Driemond";"Amsterdam                               ";"Buurt     ";"BU0363SA02";"1";1545;740;800;280;170;365;440;285;790;570;115;60;1115;125;300;1115;60;170;65;130;;;;;665;195;190;285;2,3;4683;656;;41;;438;81;47;23;7;4;19;3;60;40;37;3;96;4;;;;;;;;;;;;;;;;;;;;;;;;;;;;;;;;;;;;;;;;;;;245;5;40;35;20;5;60;50;30;735;575;165;1,1;2237;85;2,6;2,9;0,3;0,3;3,3;40;33;7;"      1109";1;5;437
"Bloemendalerpolder";"Amsterdam                               ";"Wijk      ";"WK0363SB  ";"1";6850;3435;3420;2420;350;2745;1085;250;4225;2460;130;35;4780;760;1315;4780;380;805;370;515;;;;;2245;320;405;1525;3,1;1819;1916;;125;;851;89;43;24;17;5;11;2;95;4;0;4;20;80;;;;;;;;;;;;;;;;;;;;;;;;;;;;;;;;;;;;;;;;;;;930;5;40;70;130;50;365;190;80;2630;1735;900;1,2;699;135;0,9;0,9;0,9;2,1;5,1;385;377;8;"         .";;3;1388
"Weespersluis-Noord";"Amsterdam                               ";"Buurt     ";"BU0363SB01";"1";5;5;5;0;0;0;0;5;0;0;0;0;5;0;0;5;0;0;0;0;;;;;5;0;0;5;3;;2;;2;;;;;;;;;;;;;;;;;;;;;;;;;;;;;;;;;;;;;;;;;;;;;;;;;;;;;;;;;;0;;;;;;;;;5;0;0;;;0;;;;;;124;124;0;"      1384";6;5;144
"Waterrijk";"Amsterdam                               ";"Buurt     ";"BU0363SB02";"1";1340;660;675;530;35;590;155;25;835;490;10;0;945;135;255;945;80;170;60;85;;;;;400;25;60;315;3,3;1494;285;;0;;1161;94;18;18;39;19;6;4;96;4;0;4;0;100;;;;;;;;;;;;;;;;;;;;;;;;;;;;;;;;;;;;;;;;;;;150;0;0;5;25;10;65;35;10;425;250;175;1,1;475;20;1,7;1,7;1,4;2,4;3,9;89;89;0;"      1384";1;5;447
"Lanenrijk";"Amsterdam                               ";"Buurt     ";"BU0363SB03";"1";2845;1430;1415;1130;85;1235;340;60;1805;995;35;5;2065;295;480;2070;160;310;135;170;;;;;890;115;135;640;3,2;4523;868;;10;;844;89;42;28;16;3;11;2;97;3;0;3;0;100;;;;;;;;;;;;;;;;;;;;;;;;;;;;;;;;;;;;;;;;;;;310;0;10;15;45;15;130;70;25;900;585;315;1;1431;50;0,5;0,5;0,7;2,2;4,7;63;63;0;"      1384";1;3;1473
"Vechtrijk";"Amsterdam                               ";"Buurt     ";"BU0363SB04";"1";1095;575;525;365;65;500;140;25;730;330;30;5;750;125;225;745;60;140;65;80;;;;;390;80;75;235;2,8;1950;231;;6;;839;96;48;24;19;5;4;6;96;4;0;4;6;94;;;;;;;;;;;;;;;;;;;;;;;;;;;;;;;;;;;;;;;;;;;135;0;5;15;15;5;55;25;15;355;245;110;0,9;633;30;0,9;0,9;0,7;2,2;6,2;60;56;4;"      1384";1;4;771
"Leeuwenveld";"Amsterdam                               ";"Buurt     ";"BU0363SB05";"1";1530;740;795;395;160;405;440;130;830;630;50;25;985;190;350;990;80;175;105;175;;;;;540;95;130;320;2,8;5660;518;;45;;703;85;58;20;7;1;15;1;92;8;1;7;69;31;;;;;;;;;;;;;;;;;;;;;;;;;;;;;;;;;;;;;;;;;;;225;0;10;20;35;10;90;40;20;890;615;275;1,6;3290;35;0,8;0,8;0,9;1,8;6,1;27;27;0;"      1382";3;2;1997
"Bedrijventerrein Nijverheidslaan";"Amsterdam                               ";"Buurt     ";"BU0363SB06";"1";35;20;10;5;5;10;15;5;20;15;0;0;20;10;5;25;5;5;5;0;;;;;20;5;5;5;1,9;215;12;;62;;;;;;;;;;;;;;;;;;;;;;;;;;;;;;;;;;;;;;;;;;;;;;;;;;;;;;;;;;105;0;15;15;10;10;30;20;5;55;30;25;;;0;1,3;1,3;1;1,5;6,4;21;17;4;"      1382";1;3;1431
"Weesp-Noordwest";"Amsterdam                               ";"Wijk      ";"WK0363SC  ";"1";8035;3895;4145;1310;770;2330;1980;1640;4280;2575;765;420;4210;830;3000;4205;265;1345;565;1655;;;;;3945;1815;975;1155;2;4554;3931;;842;;385;29;21;6;1;0;71;4;43;57;46;11;95;5;;;;;;;;;;;;;;;;;;;;;;;;;;;;;;;;;;;;;;;;;;;1415;0;215;265;190;55;325;215;145;3170;2430;740;0,8;1796;185;0,6;0,6;0,4;0,5;7,2;195;177;19;"         .";;2;2097
"Bedrijventerrein-Noord Weesp";"Amsterdam                               ";"Buurt     ";"BU0363SC01";"1";125;70;50;10;10;60;30;15;70;40;15;0;65;35;30;65;10;10;25;10;;;;;70;35;20;15;1,7;148;75;;476;;412;3;0;0;0;3;97;12;36;64;0;64;100;0;;;;;;;;;;;;;;;;;;;;;;;;;;;;;;;;;;;;;;;;;;;475;0;90;145;45;30;90;30;45;315;150;165;;;20;1,1;0,7;0,2;1,1;8;90;82;8;"      1382";1;3;1122
"Hogewey-Noord";"Amsterdam                               ";"Buurt     ";"BU0363SC02";"1";1140;550;595;245;95;355;205;245;585;375;105;80;715;120;315;715;35;140;80;175;;;;;410;140;95;175;2,4;6488;425;;33;;430;31;25;7;0;0;69;5;73;27;0;27;69;31;;;;;;;;;;;;;;;;;;;;;;;;;;;;;;;;;;;;;;;;;;;130;0;25;15;15;0;35;25;15;350;265;85;0,9;1993;20;0,5;1;0,5;0,4;7;18;18;0;"      1382";1;2;1964
"Hogewey-Midden";"Amsterdam                               ";"Buurt     ";"BU0363SC03";"1";1875;890;985;330;185;490;465;405;945;630;180;120;985;180;710;990;55;335;120;375;;;;;915;405;205;305;2;8732;920;;156;;378;52;39;12;1;0;48;5;44;56;48;8;95;5;;;;;;;;;;;;;;;;;;;;;;;;;;;;;;;;;;;;;;;;;;;195;0;20;25;30;10;50;40;20;710;575;135;0,8;3304;40;0,5;0,4;0,4;0,5;7,3;21;21;0;"      1382";1;2;2090
"Hogewey-Zuid";"Amsterdam                               ";"Buurt     ";"BU0363SC04";"1";1960;925;1035;295;220;325;510;610;895;750;185;135;965;140;855;970;65;415;70;440;;;;;915;375;270;270;2,1;10691;904;;100;;453;22;16;4;1;1;78;2;35;65;63;1;100;0;;;;;;;;;;;;;;;;;;;;;;;;;;;;;;;;;;;;;;;;;;;205;0;25;25;35;10;55;35;15;760;595;165;0,8;4142;40;0,7;0,3;0,5;0,7;7,5;28;18;10;"      1382";1;2;2181
"Weesp Dichtersbuurt";"Amsterdam                               ";"Buurt     ";"BU0363SC05";"1";1890;965;920;240;165;790;500;195;1205;455;180;45;970;285;630;970;70;235;215;395;;;;;1125;630;265;225;1,7;7537;1107;;26;;324;11;7;3;0;0;89;5;51;49;34;15;100;0;;;;;;;;;;;;;;;;;;;;;;;;;;;;;;;;;;;;;;;;;;;290;0;30;40;45;5;70;60;40;680;560;120;0,6;2715;45;0,6;0,8;0,4;0,6;7;26;25;1;"      1382";1;2;2333
"Weesp Schildersbuurt";"Amsterdam                               ";"Buurt     ";"BU0363SC06";"1";1050;495;560;195;110;315;270;170;575;330;110;40;500;80;470;500;30;215;50;250;;;;;510;230;115;170;2;8929;500;;51;;366;41;29;9;3;0;59;1;16;84;82;2;100;0;;;;;;;;;;;;;;;;;;;;;;;;;;;;;;;;;;;;;;;;;;;120;0;20;15;15;0;25;30;15;355;290;70;0,7;3027;20;0,5;0,6;0,2;0,4;7;12;12;0;"      1382";1;1;2558
"Weesp Binnenstad/Zuid";"Amsterdam                               ";"Wijk      ";"WK0363SD  ";"1";5740;2675;3065;810;580;1380;1550;1425;2910;1990;500;340;3945;940;855;3945;250;390;695;460;;;;;2970;1400;770;805;1,9;4636;2792;;396;;504;62;39;15;6;3;38;5;55;45;29;15;99;1;;;;;;;;;;;;;;;;;;;;;;;;;;;;;;;;;;;;;;;;;;;1145;5;115;185;90;70;325;200;155;2270;1690;580;0,8;1835;205;0,7;0,8;0,6;0,6;7,6;141;124;17;"         .";;2;2070
"Herensingelkwartier";"Amsterdam                               ";"Buurt     ";"BU0363SD01";"1";1040;505;540;135;95;335;295;175;585;335;90;25;700;165;180;695;40;85;120;100;;;;;570;290;145;135;1,8;11615;520;;45;;489;48;32;13;2;2;52;5;64;36;24;12;100;0;;;;;;;;;;;;;;;;;;;;;;;;;;;;;;;;;;;;;;;;;;;190;0;20;20;15;15;60;35;25;400;305;90;0,7;4452;30;0,7;0,5;0,2;0,4;7,1;10;9;1;"      1382";1;1;2627
"Bedrijventerrein Van Houten";"Amsterdam                               ";"Buurt     ";"BU0363SD02";"1";675;295;390;135;100;165;180;95;420;215;25;10;250;365;70;245;25;25;345;40;;;;;350;185;55;115;1,9;1322;119;;74;;769;97;44;27;20;7;3;3;92;8;2;6;100;0;;;;;;;;;;;;;;;;;;;;;;;;;;;;;;;;;;;;;;;;;;;115;0;20;20;10;5;35;15;10;215;125;90;0,6;423;15;0,7;0,7;0,8;0,8;8;53;51;2;"      1381";1;2;1958
"Weesp Centrum";"Amsterdam                               ";"Buurt     ";"BU0363SD03";"1";2160;1060;1100;280;190;550;625;510;1115;715;230;100;1565;260;335;1565;105;145;155;190;;;;;1170;565;330;280;1,8;6678;1217;;196;;518;58;41;13;3;1;42;6;57;43;23;20;99;1;;;;;;;;;;;;;;;;;;;;;;;;;;;;;;;;;;;;;;;;;;;610;0;40;130;45;35;175;85;90;855;640;215;0,7;2647;70;0,5;0,5;0,4;0,4;7,9;42;32;10;"      1381";1;2;2224
"Weesp-Zuid I";"Amsterdam                               ";"Buurt     ";"BU0363SD04";"1";575;215;360;40;50;75;110;295;200;165;70;140;465;40;65;465;20;25;15;40;;;;;310;185;60;60;1,6;6057;368;;22;;329;42;20;8;12;2;58;6;20;80;50;29;100;0;;;;;;;;;;;;;;;;;;;;;;;;;;;;;;;;;;;;;;;;;;;60;0;5;5;5;0;10;25;5;185;155;35;0,6;1984;25;0,2;0,7;0,4;0,3;8;10;9;0;"      1381";1;2;2254
"Weesp-Zuid II";"Amsterdam                               ";"Buurt     ";"BU0363SD05";"1";640;295;345;90;70;130;165;180;305;255;50;35;460;40;140;465;25;75;20;60;;;;;315;115;100;100;2,1;5198;314;;18;;497;84;39;23;9;14;16;3;33;67;65;3;100;0;;;;;;;;;;;;;;;;;;;;;;;;;;;;;;;;;;;;;;;;;;;95;0;15;5;10;5;20;25;15;330;245;85;1,1;2692;15;0,9;1,2;1,1;0,9;7,1;15;12;3;"      1381";1;3;1417
"De Klomp";"Amsterdam                               ";"Buurt     ";"BU0363SD06";"1";650;315;335;120;65;120;170;165;285;300;25;35;510;65;70;510;35;35;35;35;;;;;260;55;85;115;2,5;6860;254;;41;;594;100;67;23;9;2;0;1;87;13;12;2;100;0;;;;;;;;;;;;;;;;;;;;;;;;;;;;;;;;;;;;;;;;;;;80;0;5;5;5;5;25;20;10;280;215;65;1,1;2964;50;1,2;1,5;1,4;1,2;7;10;9;1;"      1381";1;4;856
"Aetsveld/Oostelijke Vechtoever";"Amsterdam                               ";"Wijk      ";"WK0363SE  ";"1";4305;2145;2165;615;455;850;1275;1115;1845;1990;310;170;3415;345;550;3415;175;290;170;260;;;;;1910;580;660;670;2,3;270;1760;;183;;497;75;49;14;3;8;25;2;71;29;20;9;99;1;;;;;;;;;;;;;;;;;;;;;;;;;;;;;;;;;;;;;;;;;;;615;45;90;55;70;35;150;100;70;2155;1660;495;1,1;135;195;1;1;0,9;1;6,9;1696;1595;100;"         .";;3;1024
"Aetsveldsepolder";"Amsterdam                               ";"Buurt     ";"BU0363SE01";"1";445;230;220;45;60;35;205;110;175;240;25;15;385;35;35;380;15;25;10;15;;;;;190;45;80;65;2,4;88;119;;33;;884;90;10;8;24;47;10;5;92;8;0;8;97;3;;;;;;;;;;;;;;;;;;;;;;;;;;;;;;;;;;;;;;;;;;;140;15;15;15;5;15;40;20;15;320;230;90;1,7;63;25;2,5;2,6;2,5;2,5;3,6;551;511;40;"      1381";3;5;264
"Aetsveld-Zuid";"Amsterdam                               ";"Buurt     ";"BU0363SE02";"1";1725;870;855;250;180;400;460;445;785;760;125;55;1355;145;230;1355;70;125;70;100;;;;;800;270;270;260;2,2;7186;797;;5;;430;64;51;13;0;0;36;2;69;31;18;13;100;0;;;;;;;;;;;;;;;;;;;;;;;;;;;;;;;;;;;;;;;;;;;165;0;35;15;25;5;40;40;15;815;640;175;1;3389;80;0,5;0,4;0,4;0,5;7,9;25;24;1;"      1383";1;3;1065
"Aetsveld-Noord";"Amsterdam                               ";"Buurt     ";"BU0363SE03";"1";1600;770;830;255;150;335;445;410;660;750;115;70;1225;135;240;1225;65;120;70;125;;;;;700;205;225;275;2,3;6552;702;;26;;447;83;64;19;0;0;17;2;68;32;30;2;100;0;;;;;;;;;;;;;;;;;;;;;;;;;;;;;;;;;;;;;;;;;;;140;0;20;10;25;5;30;30;25;710;575;135;1;2913;50;0,6;0,6;0,5;0,7;8;24;24;0;"      1383";1;3;1430
"Oostelijke Vechtoever";"Amsterdam                               ";"Buurt     ";"BU0363SE04";"1";535;270;260;70;65;75;170;155;230;235;45;25;445;40;50;450;20;25;15;20;;;;;225;65;80;80;2,4;51;142;;119;;;85;3;3;16;63;15;6;85;15;0;15;94;6;;;;;;;;;;;;;;;;;;;;;;;;;;;;;;;;;;;;;;;;;;;170;30;25;20;20;10;40;15;15;310;220;90;1,4;30;40;2,9;3;2,6;2,7;2,9;1095;1036;59;"      1382";6;4;570
"Amstel III/Bullewijk";"Amsterdam                               ";"Wijk      ";"WK0363TA  ";"1";4295;2290;2010;175;1430;2450;215;25;3800;425;65;5;570;975;2750;575;60;640;915;2105;;;;;2805;2225;470;105;1,2;860;2595;;1560;;211;0;0;0;0;0;100;6;0;100;0;100;20;80;;;;;;;;;;;;;;;;;;;;;;;;;;;;;;;;;;;;;;;;;;;2455;0;140;560;350;305;670;230;200;4355;1505;2850;1,6;871;65;0,5;0,9;0,7;1,2;8,8;527;500;28;"         .";;2;2210
"Hoofdcentrum-Zuidoost";"Amsterdam                               ";"Buurt     ";"BU0363TA01";"1";20;20;5;0;5;15;5;0;20;5;0;0;0;10;15;0;0;0;10;15;;;;;15;15;5;0;1,3;70;0;;307;;;;;;;;;;;;;;;;;;;;;;;;;;;;;;;;;;;;;;;;;;;;;;;;;;;;;;;;;;240;0;10;80;30;30;70;10;15;135;40;95;;;0;1,9;1,7;1;1,5;5,5;34;34;0;"      1101";1;2;1995
"Amstel III deel C/D-Noord";"Amsterdam                               ";"Buurt     ";"BU0363TA02";"1";35;30;5;0;5;25;5;5;25;5;5;0;5;15;10;5;0;0;15;15;;;;;30;30;0;0;1,1;35;0;;481;;;;;;;;;;;;;;;;;;;;;;;;;;;;;;;;;;;;;;;;;;;;;;;;;;;;;;;;;;490;0;40;150;85;40;125;20;35;2225;585;1640;;;15;1,4;1,7;1;1,2;6,1;99;94;5;"      1101";1;4;677
"Amstel III deel A/B-Noord";"Amsterdam                               ";"Buurt     ";"BU0363TA03";"1";1150;735;415;120;180;730;115;5;900;220;30;0;115;125;910;115;10;155;115;755;;;;;390;250;90;50;1,5;1466;275;;531;;369;0;0;0;0;0;100;2;0;100;0;100;0;100;;;;;;;;;;;;;;;;;;;;;;;;;;;;;;;;;;;;;;;;;;;955;0;40;160;145;205;275;80;45;700;180;515;1,8;889;15;0,5;1,3;0,8;0,5;11,8;80;79;1;"      1101";1;2;2469
"Amstel III deel C/D-Zuid";"Amsterdam                               ";"Buurt     ";"BU0363TA04";"1";5;0;0;0;0;0;0;0;5;0;0;0;0;0;0;5;0;0;0;0;;;;;5;5;0;0;1,3;;2;;80;;;;;;;;;;;;;;;;;;;;;;;;;;;;;;;;;;;;;;;;;;;;;;;;;;;;;;;;;;75;0;5;45;10;5;5;5;5;540;260;280;;;5;;;;;;36;35;1;"      1105";1;4;734
"Amstel III deel A/B-Zuid";"Amsterdam                               ";"Buurt     ";"BU0363TA05";"1";2730;1310;1415;55;1025;1585;60;5;2515;185;30;0;335;800;1595;335;35;365;765;1225;;;;;2255;1830;375;50;1,2;7696;2309;;115;;188;0;0;0;0;0;100;7;0;100;0;100;22;78;;;;;;;;;;;;;;;;;;;;;;;;;;;;;;;;;;;;;;;;;;;575;0;40;95;80;25;170;95;75;680;380;300;0,3;1914;25;0,3;0,6;0,6;1,4;8;38;35;2;"      1105";1;1;2531
"AMC";"Amsterdam                               ";"Buurt     ";"BU0363TA06";"1";30;25;5;0;0;10;20;5;25;0;5;0;5;5;15;10;0;5;5;15;;;;;30;30;0;0;1;39;1;;32;;;;;;;;;;;;;;;;;;;;;;;;;;;;;;;;;;;;;;;;;;;;;;;;;;;;;;;;;;45;0;0;5;0;0;10;20;5;5;0;0;;;0;1,7;1,9;1,4;2,4;4,5;80;77;3;"      1105";1;2;1747
"Hoge Dijk";"Amsterdam                               ";"Buurt     ";"BU0363TA07";"1";325;165;165;5;215;85;15;10;310;10;5;0;105;25;195;105;10;120;10;80;;;;;75;70;5;5;1,2;223;8;;14;;;;;;;;;;;;;;;;;;;;;;;;;;;;;;;;;;;;;;;;;;;;;;;;;;;;;;;;;;70;0;5;20;5;5;10;5;20;75;60;15;1;52;5;1,3;1,4;1,2;1,9;5,3;161;146;15;"      1105";1;5;441
"Venserpolder";"Amsterdam                               ";"Wijk      ";"WK0363TB  ";"1";8460;4425;4035;985;1110;2950;2180;1225;5795;1345;1155;165;1325;1095;6035;1320;155;1945;945;4100;;;;;5015;3125;785;1105;1,7;10310;4556;;54;;297;3;2;1;0;0;97;3;28;72;60;12;99;1;;;;;;;;;;;;;;;;;;;;;;;;;;;;;;;;;;;;;;;;;;;1040;0;95;150;185;15;265;200;140;2020;1645;375;0,4;2464;100;0,6;0,7;0,4;0,7;11,1;82;82;0;"         .";;1;3409
"Venserpolder-West";"Amsterdam                               ";"Buurt     ";"BU0363TB01";"1";5010;2650;2365;585;640;1680;1295;815;3440;745;725;105;790;575;3650;790;80;1150;495;2500;;;;;2985;1890;455;640;1,6;10062;2817;;39;;286;0;0;0;0;0;100;4;23;77;66;11;100;0;;;;;;;;;;;;;;;;;;;;;;;;;;;;;;;;;;;;;;;;;;;605;0;60;80;105;10;165;110;80;1190;990;200;0,4;2386;65;0,6;0,8;0,3;0,8;9,8;50;50;0;"      1102";1;1;3239
"Venserpolder-Oost";"Amsterdam                               ";"Buurt     ";"BU0363TB02";"1";3440;1770;1665;400;475;1270;885;410;2350;600;425;65;535;520;2385;535;75;790;445;1600;;;;;2030;1230;330;465;1,7;10693;1739;;15;;315;6;5;1;0;0;94;3;37;63;49;14;96;4;;;;;;;;;;;;;;;;;;;;;;;;;;;;;;;;;;;;;;;;;;;435;0;35;65;75;5;100;90;60;830;655;175;0,4;2584;35;0,5;0,5;0,5;0,5;12,9;32;32;0;"      1102";1;1;3687
"Amsterdamse Poort e.o.";"Amsterdam                               ";"Wijk      ";"WK0363TC  ";"1";9910;5010;4900;995;2450;3910;1820;730;7695;1390;725;100;1470;1765;6680;1465;180;2470;1585;4205;;;;;6295;4430;770;1100;1,6;6838;5711;;524;;242;11;10;2;0;0;89;6;12;88;31;57;75;25;;;;;;;;;;;;;;;;;;;;;;;;;;;;;;;;;;;;;;;;;;;1695;0;105;340;250;45;390;335;230;4045;2095;1945;0,6;2790;135;0,4;0,6;0,6;0,6;15,3;152;145;7;"         .";;1;4425
"D-buurt";"Amsterdam                               ";"Buurt     ";"BU0363TC01";"1";2405;1195;1205;135;1160;915;135;55;2195;135;60;5;550;500;1355;550;65;535;435;815;;;;;1955;1660;170;125;1,2;9001;1943;;56;;97;0;0;0;0;0;100;5;1;99;21;78;58;42;;;;;;;;;;;;;;;;;;;;;;;;;;;;;;;;;;;;;;;;;;;340;0;20;75;55;5;70;75;50;315;280;40;0,2;1188;30;0,4;1,2;0,5;0,6;10,5;28;27;1;"      1102";1;1;4696
"F-buurt";"Amsterdam                               ";"Buurt     ";"BU0363TC02";"1";4325;2210;2115;595;740;1665;1020;305;3070;850;365;45;570;505;3255;570;80;1370;425;1885;;;;;2265;1295;315;660;1,9;19535;1946;;105;;338;24;20;3;0;0;76;5;27;73;30;43;69;31;;;;;;;;;;;;;;;;;;;;;;;;;;;;;;;;;;;;;;;;;;;760;0;50;90;125;10;220;165;95;1120;850;270;0,5;5055;70;0,3;0,5;0,4;0,5;17,1;23;22;1;"      1102";1;1;4716
"Amsterdamse Poort";"Amsterdam                               ";"Buurt     ";"BU0363TC03";"1";2535;1285;1250;180;465;1180;485;220;2045;235;230;30;255;715;1570;250;30;390;685;1170;;;;;1795;1385;220;195;1,3;5959;1575;;349;;269;0;0;0;0;0;100;10;0;100;43;57;100;0;;;;;;;;;;;;;;;;;;;;;;;;;;;;;;;;;;;;;;;;;;;495;0;30;165;55;30;75;70;65;2400;800;1600;1,3;5640;15;0,5;0,2;0,8;0,9;16,3;43;43;1;"      1102";1;1;3749
"Vogeltjeswei";"Amsterdam                               ";"Buurt     ";"BU0363TC04";"1";645;320;330;85;85;150;180;150;385;175;70;20;100;50;500;100;5;165;35;330;;;;;280;100;65;120;2,3;9325;247;;6;;455;74;63;11;0;0;26;2;57;43;35;8;100;0;;;;;;;;;;;;;;;;;;;;;;;;;;;;;;;;;;;;;;;;;;;95;0;5;10;20;0;25;20;15;210;170;35;0,7;3007;20;0,2;0,7;0,6;0,6;18;7;7;0;"      1102";1;1;5123
"Nelson Mandelapark";"Amsterdam                               ";"Buurt     ";"BU0363TC05";"1";0;0;0;0;0;0;0;0;0;0;0;0;0;0;0;0;0;0;0;0;;;;;0;0;0;0;;;0;;8;;;;;;;;;;;;;;;;;;;;;;;;;;;;;;;;;;;;;;;;;;;;;;;;;;;;;;;;;;5;;;;;;;;;0;0;0;;;0;;;;;;51;47;4;"      1102";2;1;3145
"H-buurt";"Amsterdam                               ";"Wijk      ";"WK0363TD  ";"1";7605;3580;4025;1160;1575;2210;1925;730;5515;1100;885;105;845;815;5945;850;120;2065;695;3880;;;;;4180;2455;555;1170;1,8;9782;3680;;172;;263;5;3;1;0;0;95;4;11;89;65;24;100;0;;;;;;;;;;;;;;;;;;;;;;;;;;;;;;;;;;;;;;;;;;;990;0;90;140;140;5;225;240;150;1395;1150;245;0,3;1797;60;0,6;1;0,5;0,8;14,5;81;78;4;"         .";;1;3100
"Hoptille";"Amsterdam                               ";"Buurt     ";"BU0363TD01";"1";1985;885;1100;230;625;680;350;105;1600;210;155;15;205;330;1450;205;25;440;305;1015;;;;;1270;885;165;225;1,6;9755;1222;;13;;231;8;5;2;0;0;92;5;8;92;34;58;100;0;;;;;;;;;;;;;;;;;;;;;;;;;;;;;;;;;;;;;;;;;;;240;0;25;45;25;5;55;60;25;250;210;40;0,2;1233;20;0,8;0,8;0,3;1;12,8;20;20;0;"      1102";1;1;2810
"Rechte H-buurt";"Amsterdam                               ";"Buurt     ";"BU0363TD02";"1";3030;1465;1570;480;520;810;865;360;2095;465;425;45;275;320;2435;275;45;815;275;1620;;;;;1590;895;200;495;1,9;15454;1276;;34;;274;0;0;0;0;0;100;4;18;82;69;12;100;0;;;;;;;;;;;;;;;;;;;;;;;;;;;;;;;;;;;;;;;;;;;330;0;35;40;50;0;85;80;50;565;475;90;0,4;2885;15;0,7;0,9;0,6;0,7;16,6;20;20;0;"      1102";1;1;3525
"Hakfort/Huigenbos";"Amsterdam                               ";"Buurt     ";"BU0363TD03";"1";2405;1140;1265;435;400;690;665;205;1730;350;295;35;280;150;1980;275;45;780;100;1200;;;;;1230;645;160;425;1,9;9039;1102;;65;;262;0;0;0;0;0;100;3;0;100;100;0;100;0;;;;;;;;;;;;;;;;;;;;;;;;;;;;;;;;;;;;;;;;;;;375;0;30;60;60;0;70;90;70;505;420;85;0,4;1898;20;0,4;1,2;0,6;0,6;13,3;29;27;3;"      1102";1;1;2944
"Huntum";"Amsterdam                               ";"Buurt     ";"BU0363TD04";"1";180;90;90;20;30;30;50;55;85;75;10;10;85;15;85;85;5;30;10;50;;;;;85;25;35;30;2,1;1624;80;;60;;580;98;60;23;15;0;3;8;85;15;5;10;100;0;;;;;;;;;;;;;;;;;;;;;;;;;;;;;;;;;;;;;;;;;;;45;0;0;0;5;0;15;15;10;75;50;25;0,9;673;5;0,4;1,2;0,2;0,2;14,5;12;11;1;"      1102";1;1;2983
"Ganzenhoef e.o.";"Amsterdam                               ";"Wijk      ";"WK0363TE  ";"1";7775;3930;3845;1190;1295;2365;2140;790;5340;1475;865;90;1150;735;5885;1150;150;2360;590;3530;;;;;3970;2150;550;1265;2;9899;3173;;180;;370;34;26;7;1;0;66;3;27;73;52;20;91;9;;;;;;;;;;;;;;;;;;;;;;;;;;;;;;;;;;;;;;;;;;;1505;0;130;215;220;25;370;380;160;2425;1730;695;0,6;3087;100;0,6;0,6;0,4;1;15,9;83;79;4;"         .";;1;4294
"E-buurt";"Amsterdam                               ";"Buurt     ";"BU0363TE01";"1";2365;1135;1230;450;585;645;585;90;1665;520;165;15;505;295;1555;505;85;805;210;755;;;;;1025;490;115;420;2,3;7704;737;;52;;499;74;54;17;3;1;26;4;44;56;40;16;62;38;;;;;;;;;;;;;;;;;;;;;;;;;;;;;;;;;;;;;;;;;;;495;0;35;65;65;15;150;115;45;905;520;385;0,9;2956;30;1,2;0,9;0,4;0,4;16,9;32;31;1;"      1103";1;1;4555
"G-buurt-West";"Amsterdam                               ";"Buurt     ";"BU0363TE02";"1";3705;1900;1805;485;475;1210;1010;525;2400;810;430;65;500;395;2815;495;55;1000;340;1815;;;;;1940;1000;345;590;1,9;9160;1484;;115;;396;35;29;6;0;0;65;3;36;63;28;35;100;0;;;;;;;;;;;;;;;;;;;;;;;;;;;;;;;;;;;;;;;;;;;760;0;75;120;110;10;165;200;85;1155;900;255;0,6;2855;50;0,4;0,6;0,5;1,2;14,8;43;40;2;"      1103";1;1;4234
"G-buurt-Noord";"Amsterdam                               ";"Buurt     ";"BU0363TE03";"1";1710;895;810;255;230;510;540;170;1270;150;275;15;145;50;1515;145;5;555;45;955;;;;;1005;655;100;250;1,7;22967;952;;13;;229;0;0;0;0;0;100;3;0;100;100;0;100;0;;;;;;;;;;;;;;;;;;;;;;;;;;;;;;;;;;;;;;;;;;;255;0;25;30;40;0;55;70;30;365;310;55;0,4;4881;20;0,4;0,3;0,4;1,3;16,7;8;7;1;"      1103";1;1;4179
"Geerdinkhof/Kantershof";"Amsterdam                               ";"Wijk      ";"WK0363TF  ";"1";7155;3695;3455;845;965;1830;1740;1765;4100;1885;895;270;2140;990;4025;2140;230;1390;760;2635;;;;;4015;2315;780;915;1,8;4907;3424;;191;;373;46;35;10;0;0;54;4;58;41;30;12;100;0;;;;;;;;;;;;;;;;;;;;;;;;;;;;;;;;;;;;;;;;;;;1045;0;105;140;130;15;285;220;145;2345;1855;490;0,6;1609;145;0,6;1,1;0,3;0,4;10,6;171;146;25;"         .";;1;2673
"G-buurt-Oost";"Amsterdam                               ";"Buurt     ";"BU0363TF01";"1";3170;1685;1485;245;430;800;650;1045;1740;900;350;180;1345;575;1250;1345;125;390;450;865;;;;;2005;1265;465;280;1,6;3739;1730;;163;;372;31;20;9;1;1;69;5;65;35;20;15;99;1;;;;;;;;;;;;;;;;;;;;;;;;;;;;;;;;;;;;;;;;;;;465;0;45;55;60;5;130;90;80;1070;820;250;0,5;1262;70;0,9;1,1;0,3;0,5;11,5;97;85;12;"      1103";1;1;2717
"Grunder/Koningshoef";"Amsterdam                               ";"Buurt     ";"BU0363TF02";"1";1745;830;915;295;275;505;480;190;1100;450;180;15;215;165;1360;220;45;550;125;810;;;;;770;345;120;310;2,2;14500;637;;13;;434;62;55;6;0;0;38;3;51;49;42;7;100;0;;;;;;;;;;;;;;;;;;;;;;;;;;;;;;;;;;;;;;;;;;;280;0;15;45;40;5;80;60;35;570;455;115;0,7;4756;20;0,4;0,9;0,3;0,5;12,3;13;12;1;"      1103";4;1;3441
"Kantershof";"Amsterdam                               ";"Buurt     ";"BU0363TF03";"1";2245;1180;1060;305;260;525;615;535;1260;535;365;75;580;245;1420;580;60;455;180;960;;;;;1235;705;195;330;1,8;4573;1057;;15;;338;62;48;14;0;0;38;4;52;47;37;10;100;0;;;;;;;;;;;;;;;;;;;;;;;;;;;;;;;;;;;;;;;;;;;300;0;45;45;30;10;75;65;30;705;575;125;0,6;1437;60;0,3;1,3;0,3;0,3;8;60;49;11;"      1104";1;2;2128
"Bijlmermuseum";"Amsterdam                               ";"Wijk      ";"WK0363TG  ";"1";7735;3825;3915;1185;1305;2260;1915;1070;5385;1105;1135;110;1000;725;6010;1000;120;2010;600;4005;;;;;4270;2455;600;1215;1,8;14265;3609;;181;;281;0;0;0;0;0;100;3;13;87;66;21;94;6;;;;;;;;;;;;;;;;;;;;;;;;;;;;;;;;;;;;;;;;;;;1115;0;95;165;170;10;240;270;160;1570;1245;330;0,4;2899;80;0,4;0,4;0,3;0,9;12,3;58;54;4;"         .";;1;3695
"Bijlmermuseum-Noord";"Amsterdam                               ";"Buurt     ";"BU0363TG01";"1";2290;1085;1205;340;330;520;570;530;1465;360;405;60;240;140;1905;240;25;545;120;1360;;;;;1260;715;165;385;1,8;16165;1089;;35;;293;0;0;0;0;0;100;3;9;91;86;5;100;0;;;;;;;;;;;;;;;;;;;;;;;;;;;;;;;;;;;;;;;;;;;260;0;25;35;30;5;60;75;30;415;335;80;0,3;2928;15;0,5;0,6;0,3;1,1;14;17;14;2;"      1103";1;1;3959
"Bijlmermuseum-Zuid";"Amsterdam                               ";"Buurt     ";"BU0363TG02";"1";3090;1560;1530;500;530;985;750;330;2235;400;425;25;430;400;2255;430;60;760;345;1495;;;;;1670;920;270;480;1,8;12848;1363;;41;;304;0;0;0;0;0;100;4;26;74;54;19;100;0;;;;;;;;;;;;;;;;;;;;;;;;;;;;;;;;;;;;;;;;;;;435;0;50;50;65;5;95;95;80;625;495;130;0,4;2593;35;0,3;0,4;0,2;0,9;11,2;26;24;2;"      1104";1;1;3927
"De Kameleon e.o.";"Amsterdam                               ";"Buurt     ";"BU0363TG03";"1";2360;1180;1180;345;440;760;595;210;1685;345;300;20;320;180;1855;325;40;705;140;1145;;;;;1335;820;170;350;1,7;14708;1157;;105;;244;1;1;0;0;0;99;3;0;100;62;38;81;19;;;;;;;;;;;;;;;;;;;;;;;;;;;;;;;;;;;;;;;;;;;415;0;20;80;80;5;85;100;50;535;415;120;0,4;3331;30;0,3;0,3;0,3;0,8;12,2;16;16;0;"      1104";1;1;3203
"K-buurt";"Amsterdam                               ";"Wijk      ";"WK0363TH  ";"1";7630;3825;3810;1375;1075;2255;1920;1005;5010;1585;870;170;1405;540;5685;1405;170;2455;370;3235;;;;;3780;1925;495;1360;2;8364;3067;;160;;365;50;38;11;0;0;50;2;30;70;61;9;83;17;;;;;;;;;;;;;;;;;;;;;;;;;;;;;;;;;;;;;;;;;;;1060;0;95;120;160;10;275;305;95;2305;1830;475;0,6;2526;135;0,5;0,9;0,6;1,1;12,6;96;91;5;"         .";;1;3441
"Gooise Kant";"Amsterdam                               ";"Buurt     ";"BU0363TH01";"1";865;430;435;235;110;325;180;15;595;225;40;5;200;55;615;200;15;350;40;260;;;;;335;105;40;190;2,6;6206;236;;1;;559;100;73;26;0;0;0;2;65;35;17;18;0;100;;;;;;;;;;;;;;;;;;;;;;;;;;;;;;;;;;;;;;;;;;;120;0;5;10;15;0;45;30;10;325;230;95;1;2330;20;0,4;1,1;1;1;16,5;15;14;2;"      1104";1;1;3794
"Kortvoort";"Amsterdam                               ";"Buurt     ";"BU0363TH02";"1";2920;1495;1425;410;330;865;710;605;1920;425;490;80;515;205;2195;520;60;780;145;1415;;;;;1750;1125;195;430;1,7;13841;1493;;139;;280;13;11;2;0;0;87;3;15;85;81;4;92;8;;;;;;;;;;;;;;;;;;;;;;;;;;;;;;;;;;;;;;;;;;;355;0;35;35;55;0;85;105;40;750;640;110;0,4;3553;40;0,3;1;0,6;0,8;15,3;22;21;1;"      1104";1;1;3919
"Kelbergen";"Amsterdam                               ";"Buurt     ";"BU0363TH03";"1";1035;505;530;185;155;250;270;185;660;225;115;30;230;80;720;230;30;315;50;405;;;;;475;210;80;195;2,2;4864;381;;11;;339;100;77;23;0;0;0;1;19;81;79;2;100;0;;;;;;;;;;;;;;;;;;;;;;;;;;;;;;;;;;;;;;;;;;;130;0;15;15;15;0;25;45;15;310;265;45;0,7;1463;25;0,9;0,8;0,4;1;11,5;22;21;1;"      1104";1;1;2919
"K-buurt-Zuidwest";"Amsterdam                               ";"Buurt     ";"BU0363TH04";"1";1410;680;730;210;270;360;430;140;895;350;130;35;190;105;1120;185;30;490;75;625;;;;;620;250;100;275;2,3;8505;503;;2;;425;73;55;17;0;0;27;1;55;45;38;7;100;0;;;;;;;;;;;;;;;;;;;;;;;;;;;;;;;;;;;;;;;;;;;205;0;20;25;40;5;45;55;15;460;355;105;0,7;2767;35;0,5;0,6;0,5;1,2;9,9;17;17;0;"      1104";1;1;3049
"K-buurt-Zuidoost";"Amsterdam                               ";"Buurt     ";"BU0363TH05";"1";1405;710;695;335;215;455;335;70;935;355;95;15;270;100;1035;270;30;515;60;520;;;;;595;240;80;275;2,4;7634;454;;7;;501;77;57;18;1;1;23;2;41;59;32;27;67;33;;;;;;;;;;;;;;;;;;;;;;;;;;;;;;;;;;;;;;;;;;;245;0;20;35;35;0;75;65;15;460;340;120;0,8;2507;20;0,7;0,9;0,7;1,5;8;20;18;1;"      1104";1;2;2442
"Holendrecht";"Amsterdam                               ";"Wijk      ";"WK0363TJ  ";"1";9640;4490;5155;1690;1385;2310;2330;1930;6060;1940;1305;335;2135;665;6845;2135;220;2810;440;4040;;;;;4645;2190;695;1755;2,1;7164;4284;;96;;313;23;17;5;0;0;77;3;19;81;75;6;100;0;;;;;;;;;;;;;;;;;;;;;;;;;;;;;;;;;;;;;;;;;;;1035;0;95;150;150;10;230;305;95;2520;2060;460;0,5;1872;130;0,8;0,7;0,5;0,8;10,3;139;135;4;"         .";;1;3013
"Holendrecht-West";"Amsterdam                               ";"Buurt     ";"BU0363TJ01";"1";2870;1290;1575;545;485;565;675;605;1915;365;480;110;520;150;2200;525;60;965;85;1235;;;;;1415;760;125;530;2;8187;1383;;41;;269;0;0;0;0;0;100;4;0;100;100;0;100;0;;;;;;;;;;;;;;;;;;;;;;;;;;;;;;;;;;;;;;;;;;;285;0;25;50;35;5;40;100;25;575;480;90;0,4;1639;20;0,8;0,6;0,4;0,8;9,9;35;35;0;"      1106";1;1;2904
"Holendrecht-Oost";"Amsterdam                               ";"Buurt     ";"BU0363TJ02";"1";2520;1240;1280;375;275;620;520;730;1285;900;210;130;980;260;1275;985;90;535;165;740;;;;;1185;460;310;410;2,1;4027;1068;;31;;419;86;66;20;0;0;14;2;55;45;28;17;100;0;;;;;;;;;;;;;;;;;;;;;;;;;;;;;;;;;;;;;;;;;;;300;0;30;35;40;5;75;75;35;955;755;200;0,8;1528;55;0,9;0,7;0,5;0,5;11,9;67;63;4;"      1106";1;1;3004
"Holendrecht-Zuid";"Amsterdam                               ";"Buurt     ";"BU0363TJ03";"1";4255;1960;2295;770;620;1130;1135;595;2865;680;615;90;625;255;3370;630;70;1310;185;2055;;;;;2045;965;265;810;2,1;11513;1833;;24;;284;3;2;1;0;0;97;3;13;87;83;4;100;0;;;;;;;;;;;;;;;;;;;;;;;;;;;;;;;;;;;;;;;;;;;455;0;35;60;75;0;110;135;35;990;820;170;0,5;2677;50;0,8;0,8;0,6;0,9;9,6;37;37;0;"      1106";1;1;3101
"Nellestein";"Amsterdam                               ";"Wijk      ";"WK0363TK  ";"1";3150;1665;1490;365;295;1100;770;625;2005;700;360;85;1140;615;1395;1140;125;540;490;855;;;;;1780;970;420;385;1,7;1471;1660;;45;;318;1;0;0;0;0;99;5;42;58;19;38;100;0;;;;;;;;;;;;;;;;;;;;;;;;;;;;;;;;;;;;;;;;;;;500;0;65;55;55;5;140;115;60;990;795;195;0,6;461;65;0,9;1,6;0,8;0,8;13,5;290;214;76;"         .";;2;2081
"L-buurt";"Amsterdam                               ";"Buurt     ";"BU0363TK01";"1";3125;1650;1475;365;290;1090;760;620;1990;690;360;85;1120;615;1385;1120;130;530;490;855;;;;;1765;970;415;380;1,7;4521;1648;;33;;315;0;0;0;0;0;100;5;42;58;19;38;100;0;;;;;;;;;;;;;;;;;;;;;;;;;;;;;;;;;;;;;;;;;;;470;0;55;50;55;0;140;115;60;970;780;190;0,5;1403;60;0,9;1,6;0,8;0,8;13,6;76;69;7;"      1108";1;2;2106
"Gaasperpark";"Amsterdam                               ";"Buurt     ";"BU0363TK02";"1";20;15;10;0;0;5;10;5;10;10;0;0;15;0;5;15;0;5;0;0;;;;;10;5;0;5;2,3;29;7;;7;;;;;;;;;;;;;;;;;;;;;;;;;;;;;;;;;;;;;;;;;;;;;;;;;;;;;;;;;;25;0;10;5;0;5;5;5;0;20;10;5;;;0;1,6;1,8;1,5;1,5;6,8;85;72;13;"      1108";1;3;1037
"Gaasperplas";"Amsterdam                               ";"Buurt     ";"BU0363TK03";"1";10;5;5;0;5;5;5;5;5;0;0;0;5;5;0;5;0;0;0;0;;;;;5;5;5;0;2;;5;;5;;;;;;;;;;;;;;;;;;;;;;;;;;;;;;;;;;;;;;;;;;;;;;;;;;;;;;;;;;5;;;;;;;;;0;0;0;;;0;;;;;;129;73;56;"      1108";1;5;499
"Reigersbos";"Amsterdam                               ";"Wijk      ";"WK0363TL  ";"1";8650;4350;4305;1210;1090;2395;2275;1675;5435;2010;945;260;2295;805;5550;2295;200;2135;600;3415;;;;;4560;2455;790;1315;1,9;6923;4041;;176;;324;32;27;5;0;0;68;4;36;64;54;11;100;0;;;;;;;;;;;;;;;;;;;;;;;;;;;;;;;;;;;;;;;;;;;1215;0;135;190;170;10;265;295;145;2580;2065;515;0,6;2064;120;0,9;1;0,8;0,9;9,9;133;125;8;"         .";;1;2671
"Reigersbos 1";"Amsterdam                               ";"Buurt     ";"BU0363TL01";"1";2030;1060;970;260;260;625;625;250;1375;400;220;30;430;215;1380;430;40;535;175;845;;;;;1070;590;185;300;1,8;8490;950;;81;;303;6;5;1;0;0;94;6;35;65;55;10;100;0;;;;;;;;;;;;;;;;;;;;;;;;;;;;;;;;;;;;;;;;;;;315;0;40;45;45;5;55;80;45;550;440;115;0,5;2312;45;1;0,9;1,1;1,3;12,6;25;24;1;"      1106";1;1;3102
"Reigersbos 2";"Amsterdam                               ";"Buurt     ";"BU0363TL02";"1";1575;805;770;165;230;455;420;310;1045;275;205;50;360;155;1060;360;30;330;120;735;;;;;965;635;140;190;1,6;8576;853;;69;;271;4;4;0;0;0;96;4;38;62;51;11;100;0;;;;;;;;;;;;;;;;;;;;;;;;;;;;;;;;;;;;;;;;;;;260;0;20;50;40;5;55;60;30;395;320;75;0,4;2141;15;0,8;1;0,5;0,8;8,6;19;18;1;"      1107";1;1;2995
"Reigersbos 3";"Amsterdam                               ";"Buurt     ";"BU0363TL03";"1";2495;1235;1255;355;305;670;630;535;1545;560;300;85;590;205;1695;590;45;625;160;1065;;;;;1330;725;200;410;1,9;10148;1145;;22;;327;33;28;5;0;0;67;1;32;68;63;5;100;0;;;;;;;;;;;;;;;;;;;;;;;;;;;;;;;;;;;;;;;;;;;320;0;35;45;40;5;65;85;35;770;625;150;0,6;3141;25;0,9;0,9;0,8;0,9;9,4;25;25;1;"      1107";1;1;2525
"Reigersbos 4";"Amsterdam                               ";"Buurt     ";"BU0363TL04";"1";2555;1245;1315;435;295;645;600;585;1470;775;220;95;915;225;1410;915;80;645;145;765;;;;;1200;505;270;420;2,1;4396;1093;;4;;380;76;62;14;0;0;24;4;39;61;44;17;100;0;;;;;;;;;;;;;;;;;;;;;;;;;;;;;;;;;;;;;;;;;;;325;0;35;45;45;0;90;75;35;865;685;180;0,7;1484;35;0,8;1;0,7;0,8;9;63;58;5;"      1107";1;2;2149
"Gein";"Amsterdam                               ";"Wijk      ";"WK0363TM  ";"1";11195;5470;5725;1655;1330;3010;2845;2360;6470;3080;1290;355;3705;1120;6370;3710;345;2540;775;3820;;;;;5545;2550;1150;1850;2;6109;5147;;66;;344;41;32;9;0;0;59;4;41;59;44;14;100;0;;;;;;;;;;;;;;;;;;;;;;;;;;;;;;;;;;;;;;;;;;;1370;5;160;185;180;10;305;345;175;3590;2875;715;0,6;1960;230;0,8;1;0,7;0,7;7,9;192;183;9;"         .";;2;2091
"Gein 1";"Amsterdam                               ";"Buurt     ";"BU0363TM01";"1";2945;1440;1510;430;395;855;735;535;1975;460;430;85;685;305;1960;685;75;720;225;1240;;;;;1625;965;225;430;1,8;9650;1585;;34;;260;0;0;0;0;0;100;6;22;78;65;14;100;0;;;;;;;;;;;;;;;;;;;;;;;;;;;;;;;;;;;;;;;;;;;360;0;35;45;55;0;75;115;35;705;580;130;0,4;2316;40;0,8;0,9;0,9;0,9;10,4;32;31;1;"      1106";1;2;2462
"Gein 2";"Amsterdam                               ";"Buurt     ";"BU0363TM02";"1";1660;800;860;265;220;510;445;210;1125;275;230;25;270;150;1240;270;35;460;120;780;;;;;865;465;110;300;1,9;9505;746;;18;;295;0;0;0;0;0;100;2;24;76;63;13;100;0;;;;;;;;;;;;;;;;;;;;;;;;;;;;;;;;;;;;;;;;;;;205;0;35;25;25;0;40;50;25;415;340;75;0,5;2386;15;0,8;0,9;0,8;0,7;6,9;18;17;1;"      1107";1;1;2588
"Gein 3";"Amsterdam                               ";"Buurt     ";"BU0363TM03";"1";3210;1625;1580;445;385;735;830;820;1485;1390;220;110;1580;365;1260;1585;140;545;225;715;;;;;1405;425;460;520;2,3;5056;1259;;7;;441;100;77;22;0;0;0;1;95;5;0;5;100;0;;;;;;;;;;;;;;;;;;;;;;;;;;;;;;;;;;;;;;;;;;;405;0;45;60;40;5;110;85;60;1330;1030;305;0,9;2098;105;1;1,1;0,6;0,6;7;65;63;1;"      1106";1;2;1583
"Gein 4";"Amsterdam                               ";"Buurt     ";"BU0363TM04";"1";3380;1605;1770;515;330;910;830;790;1885;945;415;135;1170;300;1905;1175;95;825;205;1085;;;;;1645;695;350;600;2;4708;1557;;7;;375;56;44;12;0;0;44;5;26;74;51;23;100;0;;;;;;;;;;;;;;;;;;;;;;;;;;;;;;;;;;;;;;;;;;;400;0;45;60;60;5;85;95;55;1135;925;210;0,7;1582;70;0,8;1;0,7;0,7;7,1;77;72;6;"      1107";1;2;1875
"Arnhem";"Arnhem                                  ";"Gemeente  ";"GM0202    ";"1";169364;84975;84389;24381;22332;51427;43358;27866;98019;50051;15107;6187;105513;15436;48415;105513;6082;20964;9354;27451;;;;;85669;41787;20177;23705;1,9;1733;81530;;8526;;350;51;31;12;5;3;49;4;43;57;34;22;92;8;;;;;;;;;;;;;;;;;;;;;;;;;;;;;;;;;;;;;;;;;;;25615;65;2390;3625;2080;860;7010;6340;3245;71740;55215;16525;0,8;734;4665;1;0,8;0,6;0,7;11,1;10154;9774;380;"         .";;2;2323
"Centrum";"Arnhem                                  ";"Wijk      ";"WK020201  ";"1";7520;3895;3630;255;1465;3645;1285;870;5820;1000;545;155;4280;1400;1840;4280;265;610;1135;1230;;;;;5470;3955;1175;330;1,3;6583;4471;;1210;;295;4;3;0;0;0;96;7;20;80;20;60;93;7;;;;;;;;;;;;;;;;;;;;;;;;;;;;;;;;;;;;;;;;;;;2305;0;120;695;205;110;550;265;365;2530;1855;675;0,5;2215;160;0,7;0,4;0,7;0,9;15,2;127;114;13;"         .";;1;3642
"Markt";"Arnhem                                  ";"Buurt     ";"BU02020100";"1";1575;820;755;65;260;785;265;200;1195;225;120;35;950;210;415;955;50;145;160;265;;;;;1085;750;260;75;1,4;4715;938;;317;;325;8;7;1;0;0;92;7;24;76;9;67;89;11;;;;;;;;;;;;;;;;;;;;;;;;;;;;;;;;;;;;;;;;;;;490;0;25;165;35;15;80;75;95;485;380;110;0,4;1457;35;0,8;0,2;0,3;0,9;17,5;35;33;1;"      6811";1;1;4135
"Weverstraat";"Arnhem                                  ";"Buurt     ";"BU02020101";"1";2115;1085;1030;85;355;845;460;370;1510;330;210;70;1300;260;555;1300;90;185;175;365;;;;;1475;1025;350;105;1,4;11504;1401;;242;;322;2;2;0;0;0;98;6;19;81;36;45;88;12;;;;;;;;;;;;;;;;;;;;;;;;;;;;;;;;;;;;;;;;;;;575;0;30;165;50;35;155;60;85;755;580;175;0,5;4101;40;0,7;0,3;0,7;1;15,6;22;18;3;"      6811";1;1;3387
"Rijnstraat";"Arnhem                                  ";"Buurt     ";"BU02020102";"1";1385;740;645;25;285;830;175;75;1185;110;75;15;810;225;350;810;45;120;175;230;;;;;1050;770;250;30;1,3;10691;942;;401;;251;2;2;0;0;0;98;7;11;89;14;76;100;0;;;;;;;;;;;;;;;;;;;;;;;;;;;;;;;;;;;;;;;;;;;570;0;25;270;40;10;90;45;85;385;315;70;0,4;2984;25;0,5;0,3;0,6;0,9;15,5;13;13;0;"      6811";1;1;3833
"Janssingel";"Arnhem                                  ";"Buurt     ";"BU02020103";"1";370;195;175;10;60;215;65;30;275;45;40;5;240;40;90;240;15;35;25;55;;;;;250;150;80;15;1,4;5364;251;;71;;322;6;6;0;0;0;94;10;24;76;0;76;95;5;;;;;;;;;;;;;;;;;;;;;;;;;;;;;;;;;;;;;;;;;;;240;0;15;35;20;25;90;20;35;185;145;40;0,7;2660;15;0,8;0,4;0,7;1;15,4;7;7;0;"      6811";1;1;4514
"Stationsplein";"Arnhem                                  ";"Buurt     ";"BU02020104";"1";795;365;430;45;145;400;145;60;640;120;35;10;255;435;110;250;15;30;415;80;;;;;615;475;85;60;1,3;4406;288;;137;;257;1;1;0;0;0;99;8;20;80;0;80;80;20;;;;;;;;;;;;;;;;;;;;;;;;;;;;;;;;;;;;;;;;;;;175;0;10;45;25;10;55;15;20;350;130;220;0,6;1940;10;0,6;0,7;1;0,9;12,5;19;18;1;"      6811";1;1;3194
"Utrechtsestraat";"Arnhem                                  ";"Buurt     ";"BU02020170";"1";1280;685;595;25;365;570;175;140;1015;170;75;25;725;230;330;725;45;100;185;230;;;;;995;780;160;45;1,3;5219;651;;42;;264;5;3;1;1;0;95;5;27;73;29;44;100;0;;;;;;;;;;;;;;;;;;;;;;;;;;;;;;;;;;;;;;;;;;;255;0;15;20;30;15;80;50;40;370;305;65;0,4;1507;35;0,9;0,8;1,1;0,4;13,2;32;25;7;"      6811";2;1;2896
"Spijkerkwartier";"Arnhem                                  ";"Wijk      ";"WK020202  ";"1";6840;3610;3235;360;1375;3080;1375;655;5280;955;505;90;4385;860;1595;4385;240;615;620;985;;;;;4955;3675;880;400;1,4;13058;3666;;429;;328;11;7;3;1;0;89;6;27;72;23;49;97;3;;;;;;;;;;;;;;;;;;;;;;;;;;;;;;;;;;;;;;;;;;;1690;5;100;230;140;50;520;305;345;2140;1740;400;0,4;4086;175;0,7;0,4;0,6;0,5;14,7;52;52;0;"         .";;1;4766
"Hommelstraat";"Arnhem                                  ";"Buurt     ";"BU02020210";"1";1425;770;650;75;210;650;290;205;1060;190;145;35;805;180;440;805;45;165;130;275;;;;;1055;795;195;65;1,3;12170;974;;198;;252;6;6;1;0;0;94;8;18;82;29;53;98;2;;;;;;;;;;;;;;;;;;;;;;;;;;;;;;;;;;;;;;;;;;;430;0;30;85;35;20;115;55;85;465;380;85;0,4;3988;40;0,8;0,4;0,8;0,6;15,3;12;12;0;"      6828";1;1;4988
"Spijkerbuurt";"Arnhem                                  ";"Buurt     ";"BU02020211";"1";3385;1785;1595;175;750;1540;675;250;2655;465;225;35;2215;445;730;2210;130;265;315;460;;;;;2440;1805;425;215;1,4;14290;1608;;154;;355;15;10;4;0;0;85;5;31;69;21;48;95;5;;;;;;;;;;;;;;;;;;;;;;;;;;;;;;;;;;;;;;;;;;;855;0;40;115;80;20;255;165;180;1000;810;190;0,4;4220;80;0,7;0,4;0,7;0,4;14,4;24;24;0;"      6828";1;1;4827
"Boulevardwijk";"Arnhem                                  ";"Buurt     ";"BU02020212";"1";2030;1045;985;110;415;895;410;200;1565;305;135;25;1365;235;425;1365;65;180;175;245;;;;;1460;1075;265;120;1,4;11954;1084;;77;;353;10;6;3;1;0;90;7;31;69;21;48;99;1;;;;;;;;;;;;;;;;;;;;;;;;;;;;;;;;;;;;;;;;;;;405;0;30;30;25;10;150;85;75;675;545;125;0,5;3965;55;0,6;0,6;0,3;0,5;14,5;17;17;0;"      6828";1;1;4448
"Arnhemse Broek";"Arnhem                                  ";"Wijk      ";"WK020203  ";"1";7205;3975;3230;870;1085;2805;1825;610;4695;1725;645;140;3460;580;3165;3460;215;1125;365;2035;;;;;3430;1855;690;885;1,8;1654;3125;;1009;;292;42;32;9;1;0;58;4;24;76;54;22;83;17;;;;;;;;;;;;;;;;;;;;;;;;;;;;;;;;;;;;;;;;;;;1810;5;275;325;155;50;460;330;205;4210;2240;1970;1,2;967;160;0,6;0,5;0,4;0,7;11,6;505;436;69;"         .";;1;2561
"Statenkwartier";"Arnhem                                  ";"Buurt     ";"BU02020314";"1";2215;1125;1090;315;390;760;555;200;1520;425;220;55;1235;210;775;1230;70;330;135;445;;;;;1250;715;215;320;1,8;5479;1093;;117;;280;41;32;8;1;0;59;4;26;74;54;20;92;8;;;;;;;;;;;;;;;;;;;;;;;;;;;;;;;;;;;;;;;;;;;355;0;40;40;35;5;115;75;50;765;660;105;0,6;1890;50;0,6;0,4;0,4;0,4;12;40;40;0;"      6828";1;1;3420
"Arnhemse Broek";"Arnhem                                  ";"Buurt     ";"BU02020320";"1";2555;1270;1285;340;390;855;735;235;1665;610;225;55;1170;205;1185;1170;70;520;130;665;;;;;1355;735;250;370;1,9;10060;1226;;22;;288;50;38;11;0;0;50;4;29;71;57;14;100;0;;;;;;;;;;;;;;;;;;;;;;;;;;;;;;;;;;;;;;;;;;;335;0;30;35;25;5;85;105;50;985;825;160;0,7;3874;55;0,7;0,3;0,3;0,4;11,8;25;25;0;"      6828";1;2;2496
"Van Verschuerbuurt";"Arnhem                                  ";"Buurt     ";"BU02020321";"1";650;335;315;55;70;280;185;60;450;125;70;10;415;45;190;410;20;95;20;100;;;;;405;225;110;65;1,6;13731;393;;5;;275;13;10;2;1;0;87;3;1;99;65;35;68;32;;;;;;;;;;;;;;;;;;;;;;;;;;;;;;;;;;;;;;;;;;;95;0;15;10;5;5;20;25;15;265;225;40;0,7;5564;20;0,3;0,7;0,2;0,9;13,2;5;5;0;"      6828";1;1;2834
"Industrieterrein";"Arnhem                                  ";"Buurt     ";"BU02020322";"1";75;35;40;0;15;30;20;10;50;15;10;0;50;15;15;45;5;5;10;10;;;;;50;40;10;5;1,4;23;27;;748;;371;56;4;15;19;19;44;19;41;59;0;59;100;0;;;;;;;;;;;;;;;;;;;;;;;;;;;;;;;;;;;;;;;;;;;780;5;170;220;70;30;170;55;60;1645;195;1450;;;15;1,4;1,1;1,5;1,8;6,4;397;334;64;"      6827";1;3;1153
"Bij de John Frostbrug";"Arnhem                                  ";"Buurt     ";"BU02020338";"1";210;170;45;5;5;110;75;10;165;10;35;0;115;25;70;110;15;25;15;45;;;;;0;0;0;0;;2988;0;;35;;;;;;;;;;;;;;;;;;;;;;;;;;;;;;;;;;;;;;;;;;;;;;;;;;;;;;;;;;25;0;5;0;0;0;10;10;0;180;25;155;;;10;0,4;0,7;0,3;0,6;15,8;7;7;0;"      6828";1;1;3666
"Nieuwe Kadekwartier";"Arnhem                                  ";"Buurt     ";"BU02020339";"1";1490;1035;460;150;215;770;260;90;850;535;90;20;485;80;930;485;25;155;50;775;;;;;365;140;105;120;2,1;6205;386;;82;;349;46;37;10;0;0;54;3;28;72;34;38;17;83;;;;;;;;;;;;;;;;;;;;;;;;;;;;;;;;;;;;;;;;;;;220;0;20;25;20;5;60;60;30;375;315;60;1;1564;15;0,5;1,1;0,7;1,3;9,6;30;24;6;"      6827";1;1;2608
"Presikhaaf-West";"Arnhem                                  ";"Wijk      ";"WK020204  ";"1";8895;4340;4555;1500;1295;2695;2130;1280;5265;2350;905;375;3295;775;4830;3295;270;2140;505;2690;;;;;4410;2175;815;1415;2;6255;4268;;452;;262;37;28;9;0;0;63;4;18;82;68;13;87;13;;;;;;;;;;;;;;;;;;;;;;;;;;;;;;;;;;;;;;;;;;;1035;0;120;175;80;15;195;350;95;3220;2550;665;0,7;2262;135;0,7;0,5;0,7;0,8;12,3;142;142;0;"         .";;2;2397
"Presikhaaf I";"Arnhem                                  ";"Buurt     ";"BU02020423";"1";2295;1105;1190;300;290;605;545;560;1260;620;245;175;975;170;1150;975;75;450;95;700;;;;;1250;720;245;285;1,7;6602;1376;;66;;250;19;14;5;0;0;81;6;15;85;78;7;91;9;;;;;;;;;;;;;;;;;;;;;;;;;;;;;;;;;;;;;;;;;;;215;0;20;30;25;5;40;65;35;745;610;130;0,6;2139;35;0,8;0,3;0,8;1;15,1;35;35;0;"      6826";1;1;2689
"Presikhaaf II";"Arnhem                                  ";"Buurt     ";"BU02020424";"1";2215;1055;1155;510;290;705;490;225;1275;660;210;75;685;135;1395;685;50;735;80;655;;;;;925;335;170;425;2,4;8321;843;;46;;327;65;50;15;0;0;35;1;13;87;67;20;49;51;;;;;;;;;;;;;;;;;;;;;;;;;;;;;;;;;;;;;;;;;;;305;0;30;45;15;5;55;135;20;815;625;190;0,9;3067;20;0,4;0,5;0,7;0,7;12,8;27;27;0;"      6826";1;1;2558
"Presikhaaf III";"Arnhem                                  ";"Buurt     ";"BU02020425";"1";4385;2180;2210;695;715;1390;1100;495;2725;1075;460;125;1635;470;2285;1630;140;945;330;1335;;;;;2235;1125;405;705;2;5426;2049;;340;;242;37;27;9;0;0;63;3;23;77;62;15;99;1;;;;;;;;;;;;;;;;;;;;;;;;;;;;;;;;;;;;;;;;;;;510;0;70;100;40;5;100;150;45;1660;1310;345;0,7;2051;80;0,8;0,7;0,7;0,7;10,7;81;81;0;"      6826";1;2;2161
"Presikhaaf-Oost";"Arnhem                                  ";"Wijk      ";"WK020205  ";"1";7710;3890;3815;875;1585;2400;1605;1240;4765;1915;675;355;4085;1185;2440;4085;270;875;920;1565;;;;;4685;2920;885;885;1,6;2339;3878;;973;;252;42;33;7;1;1;58;3;42;58;31;27;98;2;;;;;;;;;;;;;;;;;;;;;;;;;;;;;;;;;;;;;;;;;;;1250;5;180;215;120;65;325;245;100;3355;2685;675;0,7;1018;225;1,3;0,8;0,5;0,7;12,4;344;330;15;"         .";;2;2286
"Over het Lange Water";"Arnhem                                  ";"Buurt     ";"BU02020526";"1";5410;2665;2750;715;805;1655;1285;955;3075;1505;555;275;3005;740;1660;3005;200;660;545;1005;;;;;3050;1715;615;720;1,8;5219;2774;;435;;251;48;39;9;0;0;52;3;41;59;37;22;97;3;;;;;;;;;;;;;;;;;;;;;;;;;;;;;;;;;;;;;;;;;;;530;0;95;65;45;15;110;145;55;2330;1965;360;0,8;2247;170;1,5;1,1;0,4;0,6;11,2;105;104;1;"      6825";1;2;2338
"Elsweide";"Arnhem                                  ";"Buurt     ";"BU02020527";"1";610;285;325;95;55;120;150;190;275;230;45;55;490;45;75;490;25;40;25;30;;;;;305;125;90;90;2;1723;303;;53;;395;97;68;13;10;7;3;4;77;23;0;23;100;0;;;;;;;;;;;;;;;;;;;;;;;;;;;;;;;;;;;;;;;;;;;80;0;10;10;5;5;25;20;10;320;265;55;1;902;20;1,4;0,7;0,9;1,1;15,9;35;35;0;"      6825";1;2;2321
"Winkelcentrum";"Arnhem                                  ";"Buurt     ";"BU02020528";"1";1680;940;740;65;730;620;165;100;1405;175;75;25;580;395;700;580;45;170;350;535;;;;;1330;1080;180;75;1,3;3330;798;;156;;199;0;0;0;0;0;100;5;31;69;21;48;100;0;;;;;;;;;;;;;;;;;;;;;;;;;;;;;;;;;;;;;;;;;;;270;0;30;80;30;5;50;45;30;430;355;70;0,3;850;30;0,6;0,1;0,7;0,7;15,2;53;50;3;"      6826";1;1;2647
"Ijsseloord";"Arnhem                                  ";"Buurt     ";"BU02020529";"1";10;5;5;0;0;0;5;0;5;5;0;0;10;0;0;10;0;0;0;0;;;;;5;0;0;0;3,3;7;3;;329;;;;;;;;;;;;;;;;;;;;;;;;;;;;;;;;;;;;;;;;;;;;;;;;;;;;;;;;;;375;0;45;60;40;40;135;40;10;280;95;185;;;5;2,3;2,2;1,9;2,1;5,4;151;140;11;"      6825";6;4;711
"St. Marten/Sonsbeek";"Arnhem                                  ";"Wijk      ";"WK020206  ";"1";5720;2780;2940;640;800;2105;1585;585;3895;1280;440;100;4130;635;955;4130;255;460;380;495;;;;;3305;1810;840;655;1,7;11177;2876;;108;;394;22;11;5;4;2;78;5;55;45;15;31;99;1;;;;;;;;;;;;;;;;;;;;;;;;;;;;;;;;;;;;;;;;;;;1145;5;70;100;70;20;390;260;225;2150;1705;445;0,7;4205;190;0,6;0,6;0,5;0,4;15,6;51;51;0;"         .";;1;4018
"St. Marten";"Arnhem                                  ";"Buurt     ";"BU02020630";"1";1650;825;830;180;215;645;470;140;1140;335;150;25;1125;165;365;1125;65;165;95;200;;;;;1020;635;200;190;1,6;15206;905;;56;;336;18;14;3;1;0;82;4;35;65;44;21;97;3;;;;;;;;;;;;;;;;;;;;;;;;;;;;;;;;;;;;;;;;;;;350;0;20;35;25;5;115;85;60;540;445;100;0,5;4989;65;0,6;0,3;0,5;0,5;15,2;11;11;0;"      6821";1;1;4653
"Graaf Ottoplein e.o.";"Arnhem                                  ";"Buurt     ";"BU02020631";"1";2985;1435;1550;295;490;1330;695;180;2235;530;185;35;2115;390;475;2115;145;230;250;245;;;;;1785;1025;455;305;1,7;18056;1465;;45;;380;6;4;1;1;0;94;6;64;35;2;34;100;0;;;;;;;;;;;;;;;;;;;;;;;;;;;;;;;;;;;;;;;;;;;595;0;35;50;35;10;205;130;130;1120;900;220;0,6;6773;90;0,5;0,6;0,5;0,3;15,9;17;17;0;"      6821";1;1;3928
"Sonsbeek-Noord";"Arnhem                                  ";"Buurt     ";"BU02020650";"1";1085;525;560;165;100;140;420;265;520;415;105;40;890;80;120;890;45;65;30;55;;;;;490;145;185;160;2,2;4560;506;;7;;540;73;27;19;19;8;27;5;62;38;0;38;100;0;;;;;;;;;;;;;;;;;;;;;;;;;;;;;;;;;;;;;;;;;;;195;5;15;10;10;5;75;45;35;490;360;130;1;2064;30;0,7;0,8;0,6;0,3;15,4;24;24;0;"      6821";1;1;3097
"Klarendal";"Arnhem                                  ";"Wijk      ";"WK020207  ";"1";7235;3555;3680;855;915;2435;2115;910;4885;1335;825;185;4650;595;1985;4655;250;825;345;1160;;;;;4430;2665;825;940;1,6;10544;4147;;257;;297;37;24;9;4;0;63;3;31;69;52;17;98;2;;;;;;;;;;;;;;;;;;;;;;;;;;;;;;;;;;;;;;;;;;;1160;0;105;125;110;15;270;290;245;2635;2210;430;0,6;3844;180;0,7;0,4;0,4;0,4;14;69;69;0;"         .";;1;4087
"Klarendal-Zuid";"Arnhem                                  ";"Buurt     ";"BU02020732";"1";2180;1105;1080;220;340;770;605;240;1495;375;255;55;1190;165;825;1190;65;315;100;510;;;;;1395;895;240;255;1,6;13635;1315;;73;;261;27;15;5;6;0;73;3;20;80;64;16;98;2;;;;;;;;;;;;;;;;;;;;;;;;;;;;;;;;;;;;;;;;;;;310;0;30;45;25;5;75;70;60;695;590;110;0,5;4355;45;0,8;0,3;0,5;0,5;13,5;16;16;0;"      6822";3;1;4666
"Klarendal-Noord";"Arnhem                                  ";"Buurt     ";"BU02020733";"1";2235;1100;1130;290;265;765;660;250;1555;350;260;55;1350;220;665;1345;100;290;125;370;;;;;1350;790;240;320;1,7;11578;1284;;106;;276;26;21;5;1;0;74;3;23;77;62;15;98;2;;;;;;;;;;;;;;;;;;;;;;;;;;;;;;;;;;;;;;;;;;;390;0;45;50;45;5;80;75;95;755;645;110;0,6;3906;50;0,7;0,3;0,5;0,3;14,4;19;19;0;"      6822";1;1;4340
"Onder de Linden";"Arnhem                                  ";"Buurt     ";"BU02020734";"1";1400;665;740;200;145;395;445;220;855;325;175;45;1065;90;250;1060;40;110;50;140;;;;;795;415;165;215;1,8;9037;744;;20;;358;56;33;16;6;0;44;2;51;49;40;10;100;0;;;;;;;;;;;;;;;;;;;;;;;;;;;;;;;;;;;;;;;;;;;215;0;20;15;20;0;50;75;35;570;485;85;0,7;3674;40;0,7;0,6;0,3;0,5;14,2;16;16;0;"      6822";2;1;3450
"St. Janskerkstraat e.o.";"Arnhem                                  ";"Buurt     ";"BU02020735";"1";1420;685;735;145;170;500;400;205;975;285;135;25;1055;120;250;1055;45;110;75;140;;;;;895;565;180;150;1,6;7968;804;;58;;333;53;33;15;5;1;47;4;42;58;29;29;95;5;;;;;;;;;;;;;;;;;;;;;;;;;;;;;;;;;;;;;;;;;;;245;0;10;20;20;5;65;75;55;620;490;125;0,7;3465;50;0,8;0,5;0,2;0,5;13,7;18;18;0;"      6822";3;1;3312
"Velperweg e.o.";"Arnhem                                  ";"Wijk      ";"WK020208  ";"1";9325;4660;4665;1220;1080;2650;2345;2030;5330;2705;780;510;7370;735;1220;7370;315;535;415;685;;;;;4515;2115;1245;1160;1,9;4194;4767;;420;;422;44;22;12;8;2;56;6;55;45;12;33;99;1;;;;;;;;;;;;;;;;;;;;;;;;;;;;;;;;;;;;;;;;;;;1505;0;105;130;125;85;530;350;180;4015;3065;950;0,9;1806;275;0,7;0,7;0,4;0,7;15,2;222;222;0;"         .";;1;2852
"Velperweg-Noord";"Arnhem                                  ";"Buurt     ";"BU02020840";"1";1745;920;830;130;290;905;275;145;1335;280;105;25;1140;205;400;1140;55;160;150;245;;;;;1115;675;320;120;1,5;9905;1095;;67;;313;12;7;5;1;0;88;5;27;73;15;58;100;0;;;;;;;;;;;;;;;;;;;;;;;;;;;;;;;;;;;;;;;;;;;345;0;30;40;40;15;90;80;50;725;580;140;0,6;4104;55;0,5;0,4;0,3;0,7;14,2;18;18;0;"      6824";1;1;3573
"Molenbeke";"Arnhem                                  ";"Buurt     ";"BU02020841";"1";1175;610;560;190;120;365;295;195;655;415;75;25;980;60;130;985;25;70;30;60;;;;;535;195;165;175;2,2;5490;538;;41;;477;55;34;15;6;1;45;4;66;33;6;27;99;1;;;;;;;;;;;;;;;;;;;;;;;;;;;;;;;;;;;;;;;;;;;210;0;10;10;15;15;85;50;20;510;395;115;0,9;2380;35;0,8;0,4;0,5;0,8;13,3;21;21;0;"      6824";1;1;4383
"Terrein ENKA";"Arnhem                                  ";"Buurt     ";"BU02020842";"1";195;95;100;20;10;85;45;40;120;40;30;10;155;15;25;155;5;10;15;15;;;;;125;70;40;15;1,6;1014;121;;15;;324;13;10;3;0;0;87;2;51;49;0;49;70;30;;;;;;;;;;;;;;;;;;;;;;;;;;;;;;;;;;;;;;;;;;;80;0;5;5;15;0;35;15;5;130;100;30;1;666;5;0,4;0,6;0,2;0,4;15,3;19;19;0;"      6824";1;1;3186
"Plattenburg";"Arnhem                                  ";"Buurt     ";"BU02020843";"1";1910;980;930;175;260;520;490;465;1110;455;225;130;1430;170;310;1435;70;110;100;200;;;;;1075;670;210;200;1,6;7259;971;;133;;343;41;26;11;3;1;59;5;46;54;29;25;100;0;;;;;;;;;;;;;;;;;;;;;;;;;;;;;;;;;;;;;;;;;;;290;0;25;30;15;10;90;75;45;755;605;150;0,7;2863;65;0,8;0,9;0,3;0,6;16,8;26;26;0;"      6824";1;1;2774
"Angerenstein";"Arnhem                                  ";"Buurt     ";"BU02020844";"1";2150;1020;1130;325;220;345;630;630;1025;785;150;195;1830;150;170;1830;80;85;70;80;;;;;805;250;240;320;2,3;3551;1074;;54;;;53;24;14;12;3;47;6;65;35;1;34;100;0;;;;;;;;;;;;;;;;;;;;;;;;;;;;;;;;;;;;;;;;;;;320;0;20;25;20;25;120;75;35;945;670;275;1,2;1558;65;0,8;0,8;0,4;0,7;15,2;61;61;0;"      6824";1;2;2435
"Paasberg";"Arnhem                                  ";"Buurt     ";"BU02020845";"1";2150;1025;1120;375;175;435;610;560;1085;735;200;130;1830;135;185;1830;75;105;55;80;;;;;865;260;270;335;2,3;2783;968;;110;;471;70;31;20;17;3;30;11;77;23;7;16;100;0;;;;;;;;;;;;;;;;;;;;;;;;;;;;;;;;;;;;;;;;;;;265;0;15;15;20;20;110;55;25;960;715;245;1,1;1241;50;0,7;1;0,4;0,6;15,5;77;77;0;"      6824";1;2;1725
"Alteveer/Cranevelt";"Arnhem                                  ";"Wijk      ";"WK020209  ";"1";3505;1670;1835;535;360;715;900;995;1715;1265;305;220;2905;255;345;2900;150;190;110;155;;;;;1720;730;500;495;2;2444;1715;;282;;486;61;28;15;10;8;39;3;55;45;17;29;96;4;;;;;;;;;;;;;;;;;;;;;;;;;;;;;;;;;;;;;;;;;;;520;0;25;35;35;20;175;180;55;1675;1255;420;1;1168;90;2,3;0,6;0,5;0,6;8,7;143;143;0;"         .";;4;712
"Hazegrietje";"Arnhem                                  ";"Buurt     ";"BU02020951";"1";210;100;105;35;15;25;70;55;85;105;10;10;180;5;15;180;10;10;0;5;;;;;85;20;40;30;2,4;501;89;;6;;860;61;0;0;11;49;39;4;98;2;0;2;93;7;;;;;;;;;;;;;;;;;;;;;;;;;;;;;;;;;;;;;;;;;;;40;0;0;0;0;0;20;5;5;115;85;30;1,3;272;0;1,2;1,1;0,9;0,8;14,1;42;42;0;"      6821";3;2;1890
"Alteveer/Cranevelt";"Arnhem                                  ";"Buurt     ";"BU02020952";"1";3300;1565;1730;495;345;690;830;940;1630;1165;295;205;2720;250;330;2720;140;180;105;145;;;;;1630;710;455;465;2;3236;1626;;276;;466;61;30;16;10;5;39;3;53;47;17;30;96;4;;;;;;;;;;;;;;;;;;;;;;;;;;;;;;;;;;;;;;;;;;;480;0;25;30;30;20;150;175;50;1560;1170;390;1;1532;85;2,3;0,5;0,5;0,6;8,4;102;102;0;"      6815";1;4;653
"Geitenkamp";"Arnhem                                  ";"Wijk      ";"WK020210  ";"1";3805;1835;1975;560;345;1075;1100;730;2225;840;575;175;2725;300;785;2730;145;350;155;440;;;;;2210;1200;425;590;1,7;7875;2220;;72;;258;66;41;15;10;0;34;2;11;89;81;8;100;0;;;;;;;;;;;;;;;;;;;;;;;;;;;;;;;;;;;;;;;;;;;390;0;65;45;25;0;75;110;60;1475;1295;180;0,7;3050;90;0,7;0,3;0,4;0,8;9,6;48;48;0;"         .";;2;1680
"Geitenkamp";"Arnhem                                  ";"Buurt     ";"BU02021053";"1";3805;1830;1975;560;345;1075;1095;730;2220;840;575;175;2730;300;785;2730;150;350;150;435;;;;;2210;1195;425;590;1,7;7875;2220;;72;;258;66;41;15;10;0;34;2;11;89;81;8;100;0;;;;;;;;;;;;;;;;;;;;;;;;;;;;;;;;;;;;;;;;;;;390;0;65;45;25;0;75;110;60;1475;1295;180;0,7;3050;90;0,7;0,3;0,4;0,8;9,6;48;48;0;"      6823";1;2;1680
"Monnikenhuizen";"Arnhem                                  ";"Wijk      ";"WK020211  ";"1";4435;2230;2205;725;395;990;1245;1080;2275;1505;395;260;3495;310;630;3495;200;305;110;325;;;;;2100;890;540;670;2;1632;2325;;276;;418;54;29;15;7;2;46;6;41;59;33;26;91;9;;;;;;;;;;;;;;;;;;;;;;;;;;;;;;;;;;;;;;;;;;;475;5;40;40;30;20;155;120;70;1970;1540;430;0,9;724;135;1,1;0,8;0,7;1,2;9,4;273;272;1;"         .";;2;1703
"Monnikenhuizen";"Arnhem                                  ";"Buurt     ";"BU02021154";"1";2155;1100;1055;300;225;520;670;440;1145;740;185;80;1635;165;355;1635;95;165;70;190;;;;;1095;490;280;325;2;4570;1104;;156;;383;54;31;13;9;2;46;3;46;54;43;11;98;2;;;;;;;;;;;;;;;;;;;;;;;;;;;;;;;;;;;;;;;;;;;235;0;25;20;10;10;70;60;35;1005;805;205;0,9;2134;80;1;0,6;0,6;1,1;9,6;47;47;0;"      6823";1;2;1792
"Arnhemse Allee";"Arnhem                                  ";"Buurt     ";"BU02021155";"1";1015;530;485;130;105;235;265;280;510;355;100;50;820;60;125;825;40;60;20;65;;;;;515;215;150;145;1,9;3159;555;;80;;345;78;49;28;1;0;22;4;39;61;31;30;94;6;;;;;;;;;;;;;;;;;;;;;;;;;;;;;;;;;;;;;;;;;;;75;0;10;10;5;0;20;25;10;480;385;95;0,9;1495;30;0,8;0,6;0,6;0,7;7,9;32;32;0;"      6823";1;3;1454
"Klarenbeek";"Arnhem                                  ";"Buurt     ";"BU02021159";"1";1270;600;665;290;70;235;310;360;620;410;105;135;1040;85;145;1040;60;80;20;70;;;;;490;185;110;195;2,3;658;666;;40;;;33;10;9;10;4;67;13;33;67;19;48;76;24;;;;;;;;;;;;;;;;;;;;;;;;;;;;;;;;;;;;;;;;;;;165;0;5;15;15;5;65;35;25;485;350;130;1;251;25;1,5;1,1;0,9;1,6;10,1;194;193;1;"      6822";4;2;1770
"Burgemeesterswijk/Hoogkamp";"Arnhem                                  ";"Wijk      ";"WK020212  ";"1";7845;3845;3995;1125;1100;1765;2245;1610;4350;2705;520;270;6200;650;995;6205;285;520;365;475;;;;;3910;1765;1125;1025;2;2312;3468;;470;;617;53;15;13;18;7;47;4;74;26;7;19;99;1;;;;;;;;;;;;;;;;;;;;;;;;;;;;;;;;;;;;;;;;;;;1735;5;65;125;110;125;680;465;160;3530;2530;1000;0,9;1040;240;1,2;0,8;0,3;0,5;10,4;343;339;4;"         .";;2;1927
"Transvaalbuurt";"Arnhem                                  ";"Buurt     ";"BU02021260";"1";760;370;390;50;185;300;135;90;570;135;50;5;575;75;115;575;25;50;50;60;;;;;520;365;95;65;1,5;8854;349;;39;;462;25;9;5;11;1;75;8;45;55;1;54;100;0;;;;;;;;;;;;;;;;;;;;;;;;;;;;;;;;;;;;;;;;;;;235;0;15;20;20;25;75;60;25;295;225;65;0,6;3404;30;0,9;0,6;0,3;0,6;17;9;9;0;"      6814";1;1;4479
"Burgemeesterswijk";"Arnhem                                  ";"Buurt     ";"BU02021261";"1";2915;1440;1480;305;425;720;770;710;1630;910;240;140;2175;275;470;2175;95;225;180;250;;;;;1700;985;445;265;1,7;6955;1431;;131;;563;33;13;7;8;5;67;5;62;38;15;23;99;1;;;;;;;;;;;;;;;;;;;;;;;;;;;;;;;;;;;;;;;;;;;720;0;30;60;50;55;270;175;75;1240;900;340;0,7;2957;105;1,2;0,3;0,2;0,7;12,1;42;42;0;"      6814";1;2;2263
"Gulden Bodem";"Arnhem                                  ";"Buurt     ";"BU02021262";"1";1190;585;605;225;145;165;380;280;560;540;45;45;990;80;125;995;40;80;30;40;;;;;450;80;175;195;2,6;4049;451;;12;;874;92;15;18;44;15;8;3;97;3;0;3;100;0;;;;;;;;;;;;;;;;;;;;;;;;;;;;;;;;;;;;;;;;;;;240;0;5;15;10;20;110;60;20;575;380;195;1,3;1960;30;1,4;0,7;0,3;0,3;10,2;29;29;0;"      6814";1;3;1392
"Sterrenberg";"Arnhem                                  ";"Buurt     ";"BU02021263";"1";1110;550;555;195;140;235;335;200;595;415;70;25;910;65;135;910;40;70;30;60;;;;;465;140;155;175;2,3;4148;473;;48;;633;63;11;9;34;8;37;2;84;16;3;13;100;0;;;;;;;;;;;;;;;;;;;;;;;;;;;;;;;;;;;;;;;;;;;200;0;5;10;15;10;80;65;15;500;370;130;1,1;1873;25;1,1;1;0,4;0,5;8,1;27;27;0;"      6813";2;3;1349
"Hoogkamp";"Arnhem                                  ";"Buurt     ";"BU02021264";"1";1840;890;950;350;205;345;615;330;985;695;105;50;1530;155;150;1535;85;95;75;60;;;;;760;195;255;315;2,4;2393;753;;223;;626;77;24;30;14;8;23;3;92;8;0;8;100;0;;;;;;;;;;;;;;;;;;;;;;;;;;;;;;;;;;;;;;;;;;;320;0;10;15;20;20;140;100;15;905;645;260;1,2;1176;50;1,1;1,5;0,6;0,4;6,7;77;77;0;"      6813";2;4;933
"Sonsbeek/Zijpendaal";"Arnhem                                  ";"Buurt     ";"BU02021269";"1";25;10;15;0;5;0;10;5;15;5;5;5;20;0;5;20;5;5;0;5;;;;;10;5;0;5;2,3;16;11;;17;;;;;;;;;;;;;;;;;;;;;;;;;;;;;;;;;;;;;;;;;;;;;;;;;;;;;;;;;;20;;;;;;;;;15;10;5;;;0;1,6;0,9;0,5;0,8;11,6;160;156;4;"      6814";3;2;2163
"Schaarsbergen";"Arnhem                                  ";"Wijk      ";"WK020213  ";"1";2390;1295;1095;270;380;460;775;505;1320;875;115;80;1900;150;345;1900;90;135;60;210;;;;;900;340;300;265;2,1;47;922;;385;;;74;8;3;14;48;26;10;64;33;0;32;78;22;;;;;;;;;;;;;;;;;;;;;;;;;;;;;;;;;;;;;;;;;;;540;15;40;55;15;30;160;120;100;1160;750;410;1,3;23;100;3,8;3,7;2,1;3;2,7;5078;5078;0;"         .";;5;203
"Bakenberg";"Arnhem                                  ";"Buurt     ";"BU02021365";"1";1080;550;530;135;125;165;365;290;490;485;60;50;920;70;95;920;35;50;30;45;;;;;425;100;180;140;2,3;1044;540;;40;;;73;11;5;14;42;27;5;74;26;0;26;75;25;;;;;;;;;;;;;;;;;;;;;;;;;;;;;;;;;;;;;;;;;;;200;5;15;15;5;10;85;50;20;605;390;215;1,4;583;45;2,5;2,6;0,7;1,6;5,6;104;104;0;"      6816";1;5;386
"Schaarsbergen";"Arnhem                                  ";"Buurt     ";"BU02021366";"1";245;125;115;35;20;50;70;65;100;125;10;5;210;10;25;205;5;15;0;10;;;;;95;15;45;40;2,5;280;98;;14;;763;96;14;4;24;53;4;6;85;15;1;14;84;16;;;;;;;;;;;;;;;;;;;;;;;;;;;;;;;;;;;;;;;;;;;60;0;10;10;0;10;10;10;10;180;110;70;1,9;209;20;4,5;4,5;1,4;3,6;0,4;86;86;0;"      6816";1;5;58
"West van Schaarsbergen";"Arnhem                                  ";"Buurt     ";"BU02021367";"1";620;345;280;40;165;115;205;100;495;85;35;10;480;55;85;480;35;60;20;25;;;;;265;195;40;30;1,4;39;136;;96;;;82;0;0;8;74;18;20;17;80;1;79;79;21;;;;;;;;;;;;;;;;;;;;;;;;;;;;;;;;;;;;;;;;;;;155;5;10;25;5;5;25;45;45;180;130;50;0,7;11;15;4,7;5;4;4,2;0,4;1603;1603;0;"      6816";1;5;34
"N.O. van Schaarsbergen";"Arnhem                                  ";"Buurt     ";"BU02021368";"1";450;270;175;60;65;135;135;55;235;185;15;20;290;20;140;290;10;10;10;130;;;;;115;30;35;55;2,7;14;148;;235;;;55;0;0;11;43;45;24;59;25;0;25;84;16;;;;;;;;;;;;;;;;;;;;;;;;;;;;;;;;;;;;;;;;;;;125;5;5;10;5;5;45;20;30;195;120;75;1,7;6;15;5,3;4,4;3;4,3;0,3;3285;3285;0;"      6816";1;5;73
"Heijenoord/Lombok";"Arnhem                                  ";"Wijk      ";"WK020214  ";"1";3835;1890;1945;400;420;1105;1150;750;2255;1070;350;160;2925;370;535;2925;150;245;225;290;;;;;2125;1105;585;435;1,7;5933;2023;;150;;382;42;28;11;3;1;58;4;59;41;20;21;100;0;;;;;;;;;;;;;;;;;;;;;;;;;;;;;;;;;;;;;;;;;;;595;0;40;55;55;15;175;155;95;1545;1225;320;0,7;2392;155;1,1;0,5;0,5;0,6;9,1;65;65;0;"         .";;2;1672
"Lombok";"Arnhem                                  ";"Buurt     ";"BU02021471";"1";1575;755;825;110;160;455;460;385;905;400;175;100;1175;170;230;1175;70;90;95;140;;;;;930;530;250;140;1,6;6102;875;;61;;357;36;22;8;4;2;64;4;47;53;34;20;99;1;;;;;;;;;;;;;;;;;;;;;;;;;;;;;;;;;;;;;;;;;;;245;0;15;20;25;5;60;70;45;645;515;130;0,7;2495;65;1,4;0,4;0,4;0,7;9,7;26;26;0;"      6812";1;3;1496
"Brouwerijweg e.o.";"Arnhem                                  ";"Buurt     ";"BU02021473";"1";1100;565;535;95;140;380;320;155;715;275;90;25;790;120;195;790;45;90;70;100;;;;;675;395;170;105;1,6;8658;622;;30;;358;31;20;8;2;0;69;4;58;42;16;27;100;0;;;;;;;;;;;;;;;;;;;;;;;;;;;;;;;;;;;;;;;;;;;170;0;10;30;15;5;50;40;20;410;315;95;0,6;3232;40;1;0,5;0,5;0,7;9,5;13;13;0;"      6814";4;2;1997
"Heijenoord";"Arnhem                                  ";"Buurt     ";"BU02021474";"1";1155;570;585;195;120;265;370;205;635;400;80;40;960;85;110;960;35;60;50;50;;;;;530;180;160;185;2,2;4435;526;;59;;452;67;46;19;1;1;33;3;80;20;3;17;100;0;;;;;;;;;;;;;;;;;;;;;;;;;;;;;;;;;;;;;;;;;;;185;0;15;5;20;5;65;40;30;490;395;95;0,9;1880;50;1;0,8;0,5;0,5;7,7;26;26;0;"      6813";1;2;1592
"Klingelbeek e.o.";"Arnhem                                  ";"Wijk      ";"WK020215  ";"1";1430;700;730;170;130;215;435;485;610;545;150;130;1170;100;160;1170;55;65;40;95;;;;;600;240;205;150;2;731;824;;103;;;34;7;8;11;9;66;15;62;38;0;38;83;17;;;;;;;;;;;;;;;;;;;;;;;;;;;;;;;;;;;;;;;;;;;335;0;15;30;20;20;120;105;30;690;465;225;1,1;352;35;1,7;0,7;0,6;1,1;8;214;196;19;"         .";;4;905
"Klingelbeek";"Arnhem                                  ";"Buurt     ";"BU02021572";"1";1155;555;600;155;100;155;350;390;460;475;105;105;945;80;130;945;50;50;35;80;;;;;490;175;175;140;2,1;1333;542;;75;;655;50;10;11;16;12;50;8;82;18;0;18;81;19;;;;;;;;;;;;;;;;;;;;;;;;;;;;;;;;;;;;;;;;;;;280;0;15;25;20;15;115;60;25;595;400;195;1,2;689;35;2;0,6;0,5;1,2;8,3;105;87;19;"      6812";1;4;601
"Het Dorp/Mariëndaal";"Arnhem                                  ";"Buurt     ";"BU02021579";"1";275;150;130;10;30;55;85;95;145;70;40;20;225;15;35;225;10;15;10;15;;;;;110;75;30;5;1,4;253;282;;28;;;4;0;1;0;3;96;29;24;76;0;76;87;13;;;;;;;;;;;;;;;;;;;;;;;;;;;;;;;;;;;;;;;;;;;55;0;0;5;0;0;0;45;5;90;65;25;0,8;84;5;0,5;1,2;0,7;0,6;6,7;109;109;0;"      6813";1;2;1541
"Malburgen-West";"Arnhem                                  ";"Wijk      ";"WK020216  ";"1";4825;2470;2350;845;565;1645;1195;570;2875;1400;420;125;2500;415;1910;2500;180;890;235;1020;;;;;2350;1020;530;795;2,1;1594;2344;;71;;309;51;38;11;1;1;49;6;42;58;42;16;83;17;;;;;;;;;;;;;;;;;;;;;;;;;;;;;;;;;;;;;;;;;;;580;0;55;85;55;10;150;170;55;1940;1550;390;0,8;641;110;1,3;0,6;0,6;0,6;11,6;430;303;127;"         .";;2;1751
"Meinerswijk/De Praets";"Arnhem                                  ";"Buurt     ";"BU02021681";"1";125;75;60;15;15;25;55;25;75;40;10;0;115;10;10;110;10;5;0;0;;;;;70;35;15;15;1,9;57;49;;15;;390;35;4;0;8;22;65;10;59;41;0;41;98;2;;;;;;;;;;;;;;;;;;;;;;;;;;;;;;;;;;;;;;;;;;;35;0;5;5;5;0;10;5;5;70;45;20;1;31;20;2,4;2,1;1,9;1,9;3,9;348;223;125;"      6841";1;2;2029
"Malburgen-West";"Arnhem                                  ";"Buurt     ";"BU02021682";"1";4695;2400;2295;835;550;1620;1140;545;2800;1360;410;125;2385;405;1900;2385;175;880;240;1020;;;;;2285;990;515;780;2,1;5873;2295;;56;;307;52;39;12;1;0;48;6;42;58;43;15;83;17;;;;;;;;;;;;;;;;;;;;;;;;;;;;;;;;;;;;;;;;;;;545;0;50;80;50;10;140;160;50;1870;1505;370;0,8;2340;85;1,2;0,5;0,6;0,6;11,8;82;80;2;"      6841";1;2;1742
"Malburgen-Oost (Noord)";"Arnhem                                  ";"Wijk      ";"WK020217  ";"1";6400;3310;3090;1040;775;2230;1530;830;3820;1790;580;210;3440;600;2365;3440;235;1100;365;1260;;;;;3060;1345;765;945;2;4287;2929;;173;;297;63;50;11;2;0;37;3;43;57;39;18;93;7;;;;;;;;;;;;;;;;;;;;;;;;;;;;;;;;;;;;;;;;;;;800;0;125;105;80;10;180;220;80;2630;2055;575;0,9;1761;195;1;0,6;0,6;0,6;9;175;149;25;"         .";;2;2150
"Groene Weide";"Arnhem                                  ";"Buurt     ";"BU02021780";"1";2520;1285;1235;340;335;1005;550;290;1595;620;220;85;1375;310;835;1375;110;375;195;460;;;;;1340;660;340;345;1,8;5654;1256;;74;;265;51;44;6;0;0;49;4;41;59;30;28;96;4;;;;;;;;;;;;;;;;;;;;;;;;;;;;;;;;;;;;;;;;;;;350;0;60;45;35;5;75;85;45;1045;860;185;0,8;2351;80;0,7;0,8;0,5;0,5;10,6;53;45;9;"      6833";1;2;2411
"Kamillehof";"Arnhem                                  ";"Buurt     ";"BU02021783";"1";2270;1135;1135;380;295;755;570;265;1345;640;220;65;1075;175;1015;1075;65;440;115;580;;;;;1120;500;255;365;2;6035;1049;;65;;273;77;61;16;1;0;23;2;34;66;53;13;93;7;;;;;;;;;;;;;;;;;;;;;;;;;;;;;;;;;;;;;;;;;;;225;0;40;40;20;0;45;60;20;860;725;135;0,8;2286;70;1;0,6;0,5;0,5;8,6;41;38;3;"      6833";1;2;2119
"Bakenhof";"Arnhem                                  ";"Buurt     ";"BU02021798";"1";1615;895;720;315;145;470;405;270;875;530;145;60;990;110;510;990;55;285;60;225;;;;;600;190;175;235;2,4;2402;624;;34;;408;64;44;14;6;1;36;2;61;39;36;3;88;12;;;;;;;;;;;;;;;;;;;;;;;;;;;;;;;;;;;;;;;;;;;225;0;20;20;25;5;65;75;20;725;470;255;1,2;1076;45;1,5;0,6;0,9;0,9;7,2;81;67;14;"      6833";1;2;1672
"Malburgen-Oost (Zuid)";"Arnhem                                  ";"Wijk      ";"WK020218  ";"1";9265;4495;4765;1635;1240;2450;2250;1690;5130;2590;1090;460;3810;725;4730;3805;290;2095;435;2635;;;;;4195;1825;895;1480;2,1;5237;4381;;679;;260;48;36;11;0;0;52;3;21;79;73;7;91;9;;;;;;;;;;;;;;;;;;;;;;;;;;;;;;;;;;;;;;;;;;;965;5;125;120;50;5;170;390;100;3225;2715;515;0,8;1825;155;1,3;0,9;0,6;0,6;9;191;177;14;"         .";;2;2052
"'t Duifje";"Arnhem                                  ";"Buurt     ";"BU02021815";"1";1635;800;835;270;195;375;425;370;820;540;190;85;870;140;625;875;70;255;65;365;;;;;785;330;205;250;2;4520;776;;151;;258;61;48;12;1;0;39;2;29;71;67;4;100;0;;;;;;;;;;;;;;;;;;;;;;;;;;;;;;;;;;;;;;;;;;;145;0;15;10;10;0;40;45;20;645;550;95;0,8;1786;35;2,3;1,6;1;1;5,9;37;36;0;"      6834";1;3;1314
"Immerloo I";"Arnhem                                  ";"Buurt     ";"BU02021884";"1";1660;815;845;370;245;460;415;175;975;450;185;45;580;120;960;580;45;500;75;450;;;;;700;270;115;320;2,4;6975;661;;57;;295;91;68;23;0;0;9;2;23;77;74;3;84;16;;;;;;;;;;;;;;;;;;;;;;;;;;;;;;;;;;;;;;;;;;;185;0;25;20;5;0;25;85;15;595;495;105;0,8;2504;25;1,1;0,8;0,3;0,3;8,9;28;24;4;"      6832";2;2;2183
"Middelgraaflaan e.o.";"Arnhem                                  ";"Buurt     ";"BU02021885";"1";1225;600;625;55;125;295;255;495;580;275;210;160;620;140;470;615;45;115;90;355;;;;;670;450;155;65;1,4;6606;918;;241;;;3;3;0;0;0;97;7;9;91;83;8;100;0;;;;;;;;;;;;;;;;;;;;;;;;;;;;;;;;;;;;;;;;;;;165;0;15;40;0;0;25;60;20;400;350;50;0,6;2161;10;0,6;0,4;0,4;0,6;11,7;19;19;0;"      6832";1;2;2426
"Zeegsingel e.o.";"Arnhem                                  ";"Buurt     ";"BU02021886";"1";1690;860;830;350;210;540;420;175;990;495;155;45;750;130;810;750;40;410;90;400;;;;;710;240;165;300;2,4;7979;670;;10;;290;96;73;23;0;0;4;3;38;62;52;10;85;15;;;;;;;;;;;;;;;;;;;;;;;;;;;;;;;;;;;;;;;;;;;190;0;25;20;10;0;30;85;15;620;520;105;0,9;2935;40;0,7;0,5;0,6;0,8;11,6;21;21;0;"      6832";1;2;2428
"Eimersweide";"Arnhem                                  ";"Buurt     ";"BU02021887";"1";1175;560;610;190;165;295;310;210;640;355;110;70;530;80;555;535;35;280;45;275;;;;;500;205;110;180;2,2;2698;559;;102;;272;45;33;11;0;1;55;3;30;70;53;17;68;32;;;;;;;;;;;;;;;;;;;;;;;;;;;;;;;;;;;;;;;;;;;135;0;15;15;5;0;30;60;10;445;360;85;0,9;1022;30;1,2;1;0,9;0,9;10,4;52;44;9;"      6832";1;1;2519
"Immerloo II";"Arnhem                                  ";"Buurt     ";"BU02021888";"1";1875;860;1015;395;295;485;425;270;1125;465;230;55;455;110;1305;455;50;525;65;780;;;;;825;330;140;355;2,3;5580;797;;118;;228;14;10;3;0;1;86;2;4;96;95;0;99;1;;;;;;;;;;;;;;;;;;;;;;;;;;;;;;;;;;;;;;;;;;;150;0;30;15;10;0;25;60;10;515;440;75;0,6;1539;15;1,8;1,2;0,3;0,3;7;34;34;1;"      6834";2;2;1615
"Vredenburg/Kronenburg";"Arnhem                                  ";"Wijk      ";"WK020219  ";"1";8765;4440;4320;1040;945;2885;2060;1840;4710;2705;935;410;4515;755;3495;4515;295;1225;455;2265;;;;;4715;2590;1115;1015;1,8;4233;4689;;292;;265;40;26;11;1;2;60;3;32;68;33;35;100;0;;;;;;;;;;;;;;;;;;;;;;;;;;;;;;;;;;;;;;;;;;;1090;0;125;185;80;25;280;300;100;3640;3030;610;0,8;1758;225;0,7;0,7;0,8;0,8;12,8;236;207;29;"         .";;2;1854
"Holthuizen";"Arnhem                                  ";"Buurt     ";"BU02021989";"1";810;405;405;90;75;105;255;285;280;420;60;50;635;55;120;640;30;65;20;60;;;;;370;90;165;110;2,2;1179;363;;6;;500;100;44;23;10;23;0;2;99;1;0;1;100;0;;;;;;;;;;;;;;;;;;;;;;;;;;;;;;;;;;;;;;;;;;;90;0;10;10;10;5;25;25;10;465;350;115;1,3;675;40;1,5;0,8;1,4;1,5;7,3;95;69;26;"      6835";1;3;1319
"Kronenburg";"Arnhem                                  ";"Buurt     ";"BU02021990";"1";2970;1470;1505;305;270;1145;685;565;1740;650;425;155;1315;245;1400;1320;95;465;150;940;;;;;1945;1290;350;305;1,5;6861;1937;;186;;212;17;13;5;0;0;83;3;12;88;56;33;100;0;;;;;;;;;;;;;;;;;;;;;;;;;;;;;;;;;;;;;;;;;;;435;0;45;115;30;15;105;90;40;1090;945;145;0,6;2514;40;0,6;0,8;0,9;0,9;13,9;43;43;0;"      6831";1;2;1951
"Vredenburg";"Arnhem                                  ";"Buurt     ";"BU02021993";"1";4985;2570;2410;645;595;1630;1125;990;2695;1635;450;210;2560;450;1975;2555;170;700;280;1270;;;;;2405;1205;595;605;1,9;5252;2389;;100;;272;49;34;14;0;0;51;4;38;62;20;42;100;0;;;;;;;;;;;;;;;;;;;;;;;;;;;;;;;;;;;;;;;;;;;565;0;70;65;45;5;150;185;50;2085;1735;350;0,9;2198;150;0,6;0,6;0,6;0,6;13;98;95;3;"      6835";1;2;1853
"Elden";"Arnhem                                  ";"Wijk      ";"WK020220  ";"1";2985;1455;1530;510;345;630;805;700;1420;1130;205;230;2205;185;595;2200;110;170;80;430;;;;;1090;340;330;420;2,3;1651;1135;;79;;461;86;27;18;23;18;14;3;65;34;26;9;84;16;;;;;;;;;;;;;;;;;;;;;;;;;;;;;;;;;;;;;;;;;;;545;5;55;60;50;30;165;130;50;1415;1050;370;1,3;784;115;0,6;1,8;0,4;0,5;10,8;187;181;6;"         .";;3;1402
"Elden";"Arnhem                                  ";"Buurt     ";"BU02022092";"1";2985;1455;1530;505;345;630;805;700;1415;1135;205;230;2205;185;600;2200;105;170;80;430;;;;;1090;335;335;420;2,3;1651;1135;;79;;461;86;27;18;23;18;14;3;65;34;26;9;84;16;;;;;;;;;;;;;;;;;;;;;;;;;;;;;;;;;;;;;;;;;;;545;5;55;60;50;30;165;130;50;1415;1050;370;1,3;784;115;0,6;1,8;0,4;0,5;10,8;187;181;6;"      6842";1;3;1402
"Elderveld";"Arnhem                                  ";"Wijk      ";"WK020221  ";"1";8720;4325;4395;1170;950;1860;2245;2500;3890;3360;935;535;5855;685;2175;5860;385;895;300;1285;;;;;4310;1840;1195;1270;2;3965;4307;;187;;296;69;46;21;1;0;31;2;51;49;46;3;98;2;;;;;;;;;;;;;;;;;;;;;;;;;;;;;;;;;;;;;;;;;;;765;0;85;85;60;10;165;270;85;3890;3210;680;0,9;1769;245;0,7;0,7;0,6;1;9,2;228;220;9;"         .";;2;1796
"Elderveld-Zuid";"Arnhem                                  ";"Buurt     ";"BU02022191";"1";3640;1780;1860;465;400;735;975;1075;1600;1300;465;280;2410;295;935;2410;165;385;135;550;;;;;1860;905;445;510;1,9;4954;1876;;128;;282;59;39;18;1;0;41;3;51;49;43;6;96;4;;;;;;;;;;;;;;;;;;;;;;;;;;;;;;;;;;;;;;;;;;;340;0;50;35;30;0;65;130;30;1585;1315;275;0,9;2159;90;0,5;0,7;0,4;1,2;10,8;74;73;0;"      6843";1;2;2216
"Elderveld-Noord";"Arnhem                                  ";"Buurt     ";"BU02022194";"1";2265;1130;1130;305;295;520;570;570;1205;625;310;125;1265;175;825;1265;95;320;80;505;;;;;1230;660;245;325;1,8;3251;1222;;43;;249;54;38;16;0;0;46;3;14;86;85;1;100;0;;;;;;;;;;;;;;;;;;;;;;;;;;;;;;;;;;;;;;;;;;;215;0;20;35;15;0;40;80;25;900;785;115;0,7;1290;45;0,4;0,4;0,5;0,6;9,2;73;70;3;"      6843";1;2;1693
"Elderhof";"Arnhem                                  ";"Buurt     ";"BU02022197";"1";2815;1415;1405;400;260;605;695;855;1090;1435;165;130;2185;215;415;2185;130;190;90;230;;;;;1220;280;510;430;2,3;3667;1209;;16;;364;100;66;30;3;1;0;1;89;11;9;2;100;0;;;;;;;;;;;;;;;;;;;;;;;;;;;;;;;;;;;;;;;;;;;210;0;20;15;20;5;60;60;30;1405;1115;295;1,2;1831;115;1,1;1;0,9;1;7,1;82;77;5;"      6843";1;3;1214
"De Laar";"Arnhem                                  ";"Wijk      ";"WK020222  ";"1";12100;6090;6010;1910;1350;3355;3275;2215;6185;4425;1110;385;8235;990;2880;8230;460;1340;535;1540;;;;;5675;2135;1530;2015;2,1;5242;5637;;157;;308;76;53;18;2;3;24;1;60;40;30;10;100;0;;;;;;;;;;;;;;;;;;;;;;;;;;;;;;;;;;;;;;;;;;;1075;0;165;135;85;20;225;300;140;5685;4685;1000;1;2463;435;0,8;0,8;0,7;0,7;11,1;234;231;3;"         .";;2;1959
"De Laar-West";"Arnhem                                  ";"Buurt     ";"BU02022295";"1";5880;2985;2895;935;675;1635;1570;1060;2970;2165;555;190;3960;475;1445;3960;215;640;265;800;;;;;2745;1025;725;1000;2,1;5498;2709;;64;;310;77;52;20;2;3;23;1;62;38;30;8;100;0;;;;;;;;;;;;;;;;;;;;;;;;;;;;;;;;;;;;;;;;;;;500;0;80;60;40;15;90;150;65;2700;2190;510;1;2523;210;0,7;0,8;0,7;0,7;10,8;108;107;1;"      6844";4;2;2248
"De Laar-Oost";"Arnhem                                  ";"Buurt     ";"BU02022296";"1";6225;3105;3115;970;675;1720;1705;1155;3215;2255;560;195;4265;515;1435;4270;245;700;270;735;;;;;2930;1105;805;1020;2,1;5021;2928;;93;;306;75;54;17;2;2;25;2;57;43;30;12;100;0;;;;;;;;;;;;;;;;;;;;;;;;;;;;;;;;;;;;;;;;;;;570;0;85;70;45;10;140;150;75;2990;2495;490;1;2412;225;1;0,9;0,7;0,7;11,3;126;124;2;"      6845";1;2;1695
"Rijkerswoerd";"Arnhem                                  ";"Wijk      ";"WK020223  ";"1";12275;6095;6180;1870;1455;2855;4025;2070;6000;4680;1180;415;7860;830;3585;7860;430;1755;395;1830;;;;;5410;1795;1475;2145;2,2;3435;5296;;215;;354;82;55;19;4;3;18;1;62;38;31;6;99;1;;;;;;;;;;;;;;;;;;;;;;;;;;;;;;;;;;;;;;;;;;;1410;5;155;235;125;45;345;350;145;6105;4720;1385;1,1;1709;405;0,7;0,9;0,7;0,7;10,1;362;357;5;"         .";;2;1512
"Rijkerswoerd-Oost";"Arnhem                                  ";"Buurt     ";"BU02022316";"1";3070;1590;1485;565;420;820;995;270;1640;1145;235;55;1860;195;1020;1860;110;560;85;460;;;;;1200;280;310;615;2,5;2735;1150;;16;;399;90;64;18;3;4;10;2;87;13;10;3;98;2;;;;;;;;;;;;;;;;;;;;;;;;;;;;;;;;;;;;;;;;;;;345;0;30;45;30;10;80;115;40;1455;1130;325;1,2;1295;80;0,8;0,8;0,4;0,6;7,9;115;112;2;"      6836";1;3;1169
"Rijkerswoerd-Midden";"Arnhem                                  ";"Buurt     ";"BU02022317";"1";4065;1995;2070;620;475;830;1380;755;1925;1640;350;155;2810;240;1015;2810;130;490;110;525;;;;;1740;560;485;695;2,3;4952;1752;;34;;354;83;58;20;4;2;17;1;59;41;36;5;100;0;;;;;;;;;;;;;;;;;;;;;;;;;;;;;;;;;;;;;;;;;;;430;0;45;60;30;10;135;110;40;1930;1495;435;1,1;2351;145;0,5;0,5;0,5;0,5;8,8;85;82;3;"      6836";1;3;1421
"Rijkerswoerd-West";"Arnhem                                  ";"Buurt     ";"BU02022318";"1";4435;2160;2275;595;505;1060;1405;865;2125;1635;505;175;2750;355;1330;2750;170;615;180;715;;;;;2095;795;570;740;2,1;3545;2030;;96;;335;79;50;19;5;5;21;1;55;45;36;10;99;1;;;;;;;;;;;;;;;;;;;;;;;;;;;;;;;;;;;;;;;;;;;505;5;65;90;55;25;105;105;50;2250;1765;485;1,1;1799;150;0,6;1,3;1;0,9;11,8;125;125;0;"      6836";1;2;1714
"De Overmaat";"Arnhem                                  ";"Buurt     ";"BU02022319";"1";705;355;350;85;55;145;240;180;315;265;95;30;445;45;220;445;20;95;20;125;;;;;375;170;110;100;1,9;1859;364;;69;;319;66;45;16;3;3;34;1;44;56;52;4;100;0;;;;;;;;;;;;;;;;;;;;;;;;;;;;;;;;;;;;;;;;;;;130;0;20;40;10;5;25;20;15;470;330;140;1,3;1243;25;1,1;1,6;1,1;1,1;15,4;38;38;0;"      6831";1;2;1816
"Schuytgraaf";"Arnhem                                  ";"Wijk      ";"WK020224  ";"1";16335;8130;8205;4020;1950;5390;3870;1105;9305;5895;925;210;10125;1355;4860;10125;555;2505;800;2350;;;;;6095;1460;1310;3325;2,7;4170;6117;;77;;476;79;43;18;12;7;21;2;59;41;22;19;55;45;;;;;;;;;;;;;;;;;;;;;;;;;;;;;;;;;;;;;;;;;;;1900;0;140;230;200;60;545;565;155;6835;5065;1770;1,1;1744;445;1,6;1,4;0,8;1;7,1;433;392;42;"         .";;2;1501
"Schuytgraaf-Noord";"Arnhem                                  ";"Buurt     ";"BU02022447";"1";6995;3515;3480;1725;915;2115;1760;485;3945;2605;345;100;4535;495;1970;4535;240;1035;255;930;;;;;2510;565;520;1425;2,8;3421;2532;;18;;504;83;40;19;14;10;17;3;67;33;19;14;65;35;;;;;;;;;;;;;;;;;;;;;;;;;;;;;;;;;;;;;;;;;;;790;0;65;90;90;20;225;235;65;2935;2160;775;1,2;1434;195;2;1,7;0,8;1;6,9;233;205;28;"      6846";1;3;1304
"Schuytgraaf-Centrum";"Arnhem                                  ";"Buurt     ";"BU02022448";"1";3255;1600;1650;790;280;1450;525;210;1900;1075;230;50;1590;275;1395;1590;110;680;165;710;;;;;1435;480;330;610;2,3;6935;1396;;38;;380;65;50;13;2;0;35;2;30;70;32;38;27;73;;;;;;;;;;;;;;;;;;;;;;;;;;;;;;;;;;;;;;;;;;;430;0;30;70;45;10;90;140;40;1355;1030;325;0,9;2888;60;0,6;0,7;0,5;0,7;8,3;47;47;0;"      6846";1;2;2115
"Schuytgraaf-Zuid";"Arnhem                                  ";"Buurt     ";"BU02022449";"1";6080;3015;3070;1500;755;1825;1590;410;3455;2220;350;60;4005;575;1500;4005;200;790;380;710;;;;;2155;415;450;1290;2,8;4338;2189;;21;;507;84;41;20;16;8;16;2;70;30;19;11;61;39;;;;;;;;;;;;;;;;;;;;;;;;;;;;;;;;;;;;;;;;;;;680;0;45;70;65;30;230;190;55;2545;1870;675;1,2;1814;190;1,6;1,5;1;1,2;6,8;153;140;13;"      6846";1;3;1328
"Eindhoven";"Eindhoven                               ";"Gemeente  ";"GM0772    ";"1";249035;129796;119239;33456;35988;81260;57560;40771;142436;77443;19544;9612;134959;36936;77140;134959;10145;26450;26791;50690;;;;;130304;65371;31680;33253;1,9;2829;121191;;16743;;391;58;39;13;2;4;42;4;44;56;36;20;90;10;;;;;;;;;;;;;;;;;;;;;;;;;;;;;;;;;;;;;;;;;;;33545;70;3740;5830;3585;1600;9670;5395;3645;107680;83145;24535;0,8;1223;7135;0,8;0,7;0,6;0,7;11,1;8936;8802;135;"         .";;1;2876
"Centrum";"Eindhoven                               ";"Wijk      ";"WK077211  ";"1";11475;6905;4570;470;3250;5305;1615;845;8825;1935;560;160;3940;3070;4470;3935;290;630;2780;3835;;;;;8030;5890;1675;460;1,3;4373;6952;;1629;;346;6;4;1;0;0;94;11;18;81;22;60;86;14;;;;;;;;;;;;;;;;;;;;;;;;;;;;;;;;;;;;;;;;;;;3115;0;150;830;330;265;935;270;335;3435;2235;1200;0,4;1308;190;0,9;0,5;0,7;0,9;13,2;266;262;3;"         .";;1;4183
"Binnenstad";"Eindhoven                               ";"Buurt     ";"BU07721110";"1";4000;2405;1595;145;1155;1800;540;365;3115;650;175;70;1480;1095;1430;1480;85;245;1010;1190;;;;;2980;2225;595;160;1,3;6111;2382;;947;;372;7;6;1;0;0;93;14;20;80;21;59;96;4;;;;;;;;;;;;;;;;;;;;;;;;;;;;;;;;;;;;;;;;;;;1315;0;55;510;100;130;295;90;145;1560;900;660;0,5;2381;70;0,9;0,5;0,8;0,8;14,3;67;66;1;"      5611";1;1;4309
"Bergen";"Eindhoven                               ";"Buurt     ";"BU07721120";"1";2800;1560;1235;160;550;1290;545;260;2020;580;145;55;1215;695;895;1215;90;135;605;760;;;;;1960;1340;450;165;1,4;8148;1662;;290;;408;14;10;3;1;0;86;11;34;66;7;58;99;1;;;;;;;;;;;;;;;;;;;;;;;;;;;;;;;;;;;;;;;;;;;710;0;30;170;70;60;210;80;95;910;680;230;0,5;2651;60;0,6;0,7;0,5;0,5;14,1;35;34;0;"      5611";1;1;4575
"Witte Dame";"Eindhoven                               ";"Buurt     ";"BU07721130";"1";2250;1290;960;125;255;1355;310;210;1490;590;135;35;630;550;1070;630;65;95;490;980;;;;;1490;875;490;130;1,5;12248;1645;;97;;375;0;0;0;0;0;100;13;15;85;15;70;89;11;;;;;;;;;;;;;;;;;;;;;;;;;;;;;;;;;;;;;;;;;;;510;0;30;80;70;40;190;45;60;575;430;145;0,4;3140;40;1;0,2;1;1;13,4;18;18;0;"      5611";1;1;5008
"Fellenoord";"Eindhoven                               ";"Buurt     ";"BU07721140";"1";190;120;75;5;50;135;0;0;160;35;0;0;10;50;130;15;0;5;50;130;;;;;160;130;25;5;1,2;878;160;;195;;210;0;0;0;0;0;100;4;0;100;0;100;100;0;;;;;;;;;;;;;;;;;;;;;;;;;;;;;;;;;;;;;;;;;;;345;0;15;50;60;30;145;35;10;210;85;125;1,3;942;5;1,1;0,3;0,2;0,2;14;22;22;0;"      5612";4;1;4482
"TU-terrein";"Eindhoven                               ";"Buurt     ";"BU07721150";"1";2225;1530;705;40;1240;720;215;15;2030;90;110;5;600;685;945;605;55;160;630;780;;;;;1435;1315;115;5;1,1;1826;1103;;100;;173;0;0;0;0;0;100;2;0;100;60;40;40;60;;;;;;;;;;;;;;;;;;;;;;;;;;;;;;;;;;;;;;;;;;;230;0;20;20;40;5;100;15;30;175;140;35;0,1;145;15;1,3;0,5;0,4;1,5;9,7;124;122;2;"      5612";1;2;1916
"Oud-Stratum";"Eindhoven                               ";"Wijk      ";"WK077221  ";"1";12295;6585;5710;1270;2095;4715;2380;1835;8150;2885;775;490;7055;2260;2980;7055;480;760;1780;2215;;;;;7295;4415;1670;1210;1,6;6224;6476;;909;;427;39;25;9;3;2;61;7;42;58;19;38;90;10;;;;;;;;;;;;;;;;;;;;;;;;;;;;;;;;;;;;;;;;;;;2110;5;175;315;170;170;690;350;225;4580;3540;1040;0,6;2318;315;0,8;0,5;0,7;0,8;12,4;200;198;2;"         .";;1;3697
"Irisbuurt";"Eindhoven                               ";"Buurt     ";"BU07722110";"1";2880;1605;1275;335;410;1265;585;285;1930;720;175;55;1500;475;905;1495;110;215;370;690;;;;;1570;855;410;310;1,7;5482;1482;;334;;417;45;33;10;1;2;55;7;45;55;17;39;73;27;;;;;;;;;;;;;;;;;;;;;;;;;;;;;;;;;;;;;;;;;;;500;0;55;80;45;30;160;60;65;1135;850;285;0,7;2159;75;1;0,5;0,6;0,8;14;54;53;1;"      5611";3;1;3643
"Rochusbuurt";"Eindhoven                               ";"Buurt     ";"BU07722120";"1";1835;1000;840;155;475;780;275;145;1445;290;75;25;930;415;490;930;70;120;350;370;;;;;1260;900;230;130;1,5;12542;1027;;109;;340;28;18;6;3;1;72;6;28;72;21;51;96;4;;;;;;;;;;;;;;;;;;;;;;;;;;;;;;;;;;;;;;;;;;;330;0;25;55;25;10;120;50;40;510;425;85;0,4;3478;35;0,5;0,3;0,3;0,4;13,4;15;15;0;"      5611";1;1;3935
"Elzent-Noord";"Eindhoven                               ";"Buurt     ";"BU07722130";"1";1170;635;535;150;175;400;240;205;700;375;55;35;565;275;325;570;45;65;230;265;;;;;655;355;160;135;1,8;5623;570;;44;;687;29;7;5;10;8;71;9;51;49;0;49;100;0;;;;;;;;;;;;;;;;;;;;;;;;;;;;;;;;;;;;;;;;;;;275;0;25;20;20;45;90;60;15;480;330;150;0,7;2306;20;0,2;0,4;0,7;0,7;14,3;21;21;0;"      5611";1;1;3847
"Tuindorp";"Eindhoven                               ";"Buurt     ";"BU07722140";"1";2875;1445;1430;305;415;840;620;690;1740;640;235;260;2035;425;420;2030;110;125;310;295;;;;;1580;910;350;315;1,7;6373;1455;;176;;414;40;29;9;1;0;60;7;49;50;30;20;99;1;;;;;;;;;;;;;;;;;;;;;;;;;;;;;;;;;;;;;;;;;;;340;0;20;30;40;15;115;75;45;1010;805;205;0,6;2236;70;0,9;0,6;0,6;0,7;10,7;45;45;0;"      5614";2;1;3745
"Joriskwartier";"Eindhoven                               ";"Buurt     ";"BU07722150";"1";1340;710;630;145;235;595;230;145;910;310;85;40;770;250;320;775;65;85;190;235;;;;;825;490;200;135;1,6;9009;670;;76;;376;50;31;14;3;1;50;4;46;54;15;39;89;11;;;;;;;;;;;;;;;;;;;;;;;;;;;;;;;;;;;;;;;;;;;200;0;15;45;15;10;55;35;20;500;415;85;0,6;3356;40;0,9;0,4;0,9;0,9;10,9;15;15;0;"      5614";1;1;3782
"Bloemenplein";"Eindhoven                               ";"Buurt     ";"BU07722160";"1";1235;685;555;130;215;505;240;145;845;280;85;20;610;260;360;615;50;110;210;250;;;;;790;515;155;125;1,6;9256;702;;97;;320;49;32;13;4;0;51;4;28;72;30;42;100;0;;;;;;;;;;;;;;;;;;;;;;;;;;;;;;;;;;;;;;;;;;;205;0;25;40;10;20;60;25;25;465;380;80;0,6;3475;45;0,8;0,3;0,9;0,9;11,4;13;13;0;"      5615";1;1;3474
"Looiakkers";"Eindhoven                               ";"Buurt     ";"BU07722170";"1";685;375;315;35;140;290;105;115;480;135;45;25;440;135;115;435;25;30;110;80;;;;;480;325;115;35;1,4;3008;418;;71;;374;12;10;1;0;0;88;11;37;63;9;54;83;17;;;;;;;;;;;;;;;;;;;;;;;;;;;;;;;;;;;;;;;;;;;185;0;15;35;10;20;65;25;10;290;220;75;0,6;1282;25;0,9;0,6;1,1;1,1;11,4;23;23;0;"      5615";1;1;3416
"Elzent-Zuid";"Eindhoven                               ";"Buurt     ";"BU07722180";"1";270;140;130;20;30;40;70;105;95;125;20;25;210;25;40;210;5;15;15;25;;;;;145;65;50;30;1,9;1999;152;;2;;1121;49;6;4;18;22;51;8;77;23;0;23;62;38;;;;;;;;;;;;;;;;;;;;;;;;;;;;;;;;;;;;;;;;;;;80;0;5;10;5;15;25;15;5;190;115;75;1,3;1424;5;1;1,1;1,2;1,2;13,6;14;13;0;"      5615";1;1;3109
"Kortonjo";"Eindhoven                               ";"Wijk      ";"WK077222  ";"1";8930;4450;4485;1310;1345;2225;2320;1735;5095;2690;680;465;6265;1130;1535;6265;375;630;750;910;;;;;4340;2015;1020;1310;2;2798;4132;;403;;489;70;47;11;6;6;30;5;60;40;27;13;96;4;;;;;;;;;;;;;;;;;;;;;;;;;;;;;;;;;;;;;;;;;;;1290;0;100;150;105;100;410;265;160;3760;2890;870;0,9;1177;220;0,8;0,6;0,4;0,5;9,3;322;319;3;"         .";;2;2414
"Kerstroosplein";"Eindhoven                               ";"Buurt     ";"BU07722210";"1";1880;965;920;270;305;635;460;210;1265;400;185;35;975;320;585;980;75;230;245;360;;;;;1025;525;205;295;1,8;9003;918;;51;;333;85;69;15;1;0;15;7;34;66;51;15;100;0;;;;;;;;;;;;;;;;;;;;;;;;;;;;;;;;;;;;;;;;;;;240;0;30;40;25;15;60;35;40;730;635;95;0,7;3485;45;1;0,4;0,3;0,4;8,4;21;21;0;"      5644";1;1;2753
"Gerardusplein";"Eindhoven                               ";"Buurt     ";"BU07722220";"1";3370;1690;1680;525;550;980;870;435;2055;985;240;95;2290;490;585;2290;145;250;350;335;;;;;1690;795;370;520;2;7345;1477;;137;;458;77;60;11;3;3;23;4;67;33;13;20;93;7;;;;;;;;;;;;;;;;;;;;;;;;;;;;;;;;;;;;;;;;;;;470;0;40;55;45;30;140;105;55;1350;1065;285;0,8;2940;90;0,6;0,4;0,3;0,4;9,7;46;46;0;"      5644";1;1;2970
"Genneperzijde";"Eindhoven                               ";"Buurt     ";"BU07722230";"1";1345;620;725;120;185;185;265;595;585;385;135;245;1070;130;150;1070;50;50;75;100;;;;;680;405;145;125;1,7;4610;786;;68;;437;30;15;5;5;5;70;7;51;49;38;11;100;0;;;;;;;;;;;;;;;;;;;;;;;;;;;;;;;;;;;;;;;;;;;155;0;5;15;5;15;55;40;25;505;365;140;0,7;1733;15;0,5;0,6;0,4;0,8;10,7;31;29;1;"      5644";1;2;2226
"Roosten";"Eindhoven                               ";"Buurt     ";"BU07722240";"1";800;410;390;180;115;100;250;150;395;360;25;25;660;55;85;655;40;45;20;40;;;;;265;30;90;145;3;888;264;;15;;918;100;19;14;26;41;0;1;98;2;0;2;92;8;;;;;;;;;;;;;;;;;;;;;;;;;;;;;;;;;;;;;;;;;;;140;0;5;15;15;20;55;25;5;400;270;130;1,5;443;15;1,6;1;0,7;0,7;7;90;90;0;"      5644";1;3;1449
"Eikenburg";"Eindhoven                               ";"Buurt     ";"BU07722250";"1";1505;750;755;210;180;300;465;340;770;565;105;65;1250;125;135;1250;70;65;55;70;;;;;665;240;200;225;2,2;1928;678;;110;;655;72;39;13;12;8;28;3;76;24;21;3;96;4;;;;;;;;;;;;;;;;;;;;;;;;;;;;;;;;;;;;;;;;;;;250;0;15;15;15;25;100;55;20;765;550;215;1,1;980;45;1,1;1;0,7;0,7;9,2;78;78;0;"      5644";1;3;1461
"Sportpark Aalsterweg";"Eindhoven                               ";"Buurt     ";"BU07722260";"1";35;15;10;5;5;15;0;0;30;5;0;0;20;10;5;20;0;5;10;0;;;;;20;15;5;5;1,5;58;9;;22;;;;;;;;;;;;;;;;;;;;;;;;;;;;;;;;;;;;;;;;;;;;;;;;;;;;;;;;;;35;0;0;10;0;0;0;10;15;15;5;10;;;5;1,1;1,2;1;1,3;10,3;57;55;1;"      5644";1;4;867
"Putten";"Eindhoven                               ";"Wijk      ";"WK077223  ";"1";14820;7490;7325;2430;1755;4460;3900;2285;8570;4475;1300;480;9040;1885;3895;9040;660;1730;1225;2165;;;;;7290;3220;1755;2320;2;2377;6972;;579;;421;76;51;15;1;9;24;3;46;54;41;13;92;8;;;;;;;;;;;;;;;;;;;;;;;;;;;;;;;;;;;;;;;;;;;1745;5;185;250;160;55;500;385;210;6440;5180;1260;0,9;1033;410;0,9;0,7;0,5;0,7;8,2;631;624;7;"         .";;2;2441
"Puttense Dreef";"Eindhoven                               ";"Buurt     ";"BU07722300";"1";1270;660;610;220;145;340;380;180;685;495;65;30;855;155;260;855;70;90;85;170;;;;;540;160;160;215;2,4;3311;525;;75;;587;93;46;17;2;28;7;2;62;38;0;38;97;3;;;;;;;;;;;;;;;;;;;;;;;;;;;;;;;;;;;;;;;;;;;160;0;15;15;20;10;60;35;15;615;460;155;1,1;1608;45;1,2;0,6;0,7;0,7;8,1;38;38;0;"      5645";1;2;1613
"Poeijers";"Eindhoven                               ";"Buurt     ";"BU07722310";"1";0;0;0;0;0;0;0;0;0;0;0;0;0;0;0;0;0;0;0;0;;;;;0;0;0;0;;;0;;7;;;;;;;;;;;;;;;;;;;;;;;;;;;;;;;;;;;;;;;;;;;;;;;;;;;;;;;;;;5;;;;;;;;;0;0;0;;;0;;;;;;96;93;4;"      5643";2;2;1965
"Burghplan";"Eindhoven                               ";"Buurt     ";"BU07722320";"1";2975;1550;1420;440;380;985;790;380;1810;785;300;75;1455;420;1100;1455;120;470;300;630;;;;;1575;800;320;450;1,9;5898;1492;;240;;328;63;47;16;0;0;37;3;40;59;48;11;100;0;;;;;;;;;;;;;;;;;;;;;;;;;;;;;;;;;;;;;;;;;;;325;0;40;60;30;5;75;80;35;1225;1025;200;0,8;2424;75;0,8;0,4;0,4;0,4;10,5;50;50;0;"      5643";4;2;2344
"Sintenbuurt";"Eindhoven                               ";"Buurt     ";"BU07722330";"1";1970;1000;970;340;220;715;450;240;1240;510;170;55;1335;220;410;1335;75;195;145;220;;;;;990;460;230;300;2;7488;980;;55;;390;74;54;18;1;0;26;3;63;37;27;10;94;6;;;;;;;;;;;;;;;;;;;;;;;;;;;;;;;;;;;;;;;;;;;265;0;30;30;15;5;80;70;40;830;700;130;0,8;3155;80;0,4;0,7;0,5;0,5;8,9;26;26;0;"      5643";1;1;3189
"Tivoli";"Eindhoven                               ";"Buurt     ";"BU07722340";"1";1505;710;795;255;125;420;415;280;850;370;215;70;870;150;485;870;65;190;90;290;;;;;815;415;160;240;1,8;8314;821;;18;;313;77;60;17;0;0;23;3;6;94;92;2;92;8;;;;;;;;;;;;;;;;;;;;;;;;;;;;;;;;;;;;;;;;;;;110;0;25;25;10;0;20;20;15;610;555;55;0,7;3352;40;0,8;0,8;0,7;0,9;7,1;18;18;0;"      5645";2;2;2389
"Gijzenrooi";"Eindhoven                               ";"Buurt     ";"BU07722350";"1";1745;885;855;250;170;330;540;455;720;840;100;80;1315;165;270;1310;90;135;75;135;;;;;745;185;295;270;2,3;2952;731;;6;;620;98;51;21;7;19;2;2;80;20;6;13;99;1;;;;;;;;;;;;;;;;;;;;;;;;;;;;;;;;;;;;;;;;;;;215;0;10;20;30;15;85;45;20;955;695;260;1,3;1619;40;1,2;1,2;0,5;1,2;6,9;59;59;0;"      5646";2;3;1413
"Nieuwe Erven";"Eindhoven                               ";"Buurt     ";"BU07722360";"1";1170;600;565;135;200;425;240;170;800;220;120;35;690;200;280;690;50;95;150;190;;;;;715;455;125;135;1,6;7747;625;;120;;318;45;35;9;1;0;55;3;16;84;61;24;84;16;;;;;;;;;;;;;;;;;;;;;;;;;;;;;;;;;;;;;;;;;;;160;0;20;45;10;5;35;25;20;430;375;55;0,6;2845;20;0,6;0,5;0,3;0,3;8,8;15;15;0;"      5643";1;1;3394
"Kruidenbuurt";"Eindhoven                               ";"Buurt     ";"BU07722370";"1";3355;1700;1660;670;430;1135;790;335;2100;910;265;75;1880;450;1025;1880;145;535;300;495;;;;;1535;615;340;585;2,2;11708;1427;;31;;421;82;69;12;0;0;18;3;49;51;39;12;82;18;;;;;;;;;;;;;;;;;;;;;;;;;;;;;;;;;;;;;;;;;;;385;0;50;50;45;10;100;80;50;1345;1080;265;0,9;4689;95;0,9;0,6;0,5;0,7;7,4;29;29;0;"      5643";1;1;2695
"Schuttersbosch";"Eindhoven                               ";"Buurt     ";"BU07722380";"1";710;330;385;95;75;90;245;210;320;280;50;60;540;115;55;545;35;25;85;25;;;;;325;110;105;110;2,2;1850;323;;21;;638;100;7;7;4;83;0;7;54;46;45;1;85;15;;;;;;;;;;;;;;;;;;;;;;;;;;;;;;;;;;;;;;;;;;;85;0;0;5;5;5;35;25;10;345;230;110;1,1;892;15;1,3;1,2;1;1,2;6,7;38;38;0;"      5646";2;2;1622
"Leenderheide";"Eindhoven                               ";"Buurt     ";"BU07722390";"1";0;0;0;0;0;0;0;0;0;0;0;0;0;0;0;0;0;0;0;0;;;;;0;0;0;0;;;0;;0;;;;;;;;;;;;;;;;;;;;;;;;;;;;;;;;;;;;;;;;;;;;;;;;;;;;;;;;;;0;;;;;;;;;0;0;0;;;0;;;;;;132;130;2;"         .";;;
"Riel";"Eindhoven                               ";"Buurt     ";"BU07722399";"1";110;55;55;10;10;15;45;35;45;60;5;0;95;10;10;100;5;5;0;5;;;;;50;15;25;15;2,2;90;48;;6;;868;100;25;8;0;67;0;2;96;4;0;4;90;10;;;;;;;;;;;;;;;;;;;;;;;;;;;;;;;;;;;;;;;;;;;35;0;0;5;0;5;10;10;5;90;55;35;1,7;71;5;1,8;1,2;1,3;1,3;6,2;128;126;2;"      5645";5;4;820
"De Laak";"Eindhoven                               ";"Wijk      ";"WK077231  ";"1";5695;3035;2660;670;840;2005;1345;835;3545;1565;420;170;3245;930;1525;3240;260;555;670;965;;;;;3165;1745;745;675;1,8;5502;2830;;347;;449;57;36;12;6;3;43;3;45;55;33;22;89;11;;;;;;;;;;;;;;;;;;;;;;;;;;;;;;;;;;;;;;;;;;;1015;5;105;150;75;80;335;165;105;2420;1890;530;0,8;2336;180;0,7;0,7;0,5;0,7;12,2;105;103;2;"         .";;1;2799
"Villapark";"Eindhoven                               ";"Buurt     ";"BU07723110";"1";2475;1340;1135;330;330;790;630;400;1515;745;155;60;1705;365;405;1705;120;150;250;260;;;;;1285;640;350;300;1,9;4513;1177;;181;;616;58;24;15;13;6;42;3;54;46;20;26;75;25;;;;;;;;;;;;;;;;;;;;;;;;;;;;;;;;;;;;;;;;;;;555;0;45;45;35;70;220;90;45;1080;770;310;0,8;1968;45;0,7;0,8;0,4;0,5;12,6;56;55;1;"      5613";1;1;2993
"Lakerlopen";"Eindhoven                               ";"Buurt     ";"BU07723120";"1";3220;1690;1525;340;510;1215;715;435;2025;815;265;110;1540;565;1120;1540;145;415;420;705;;;;;1885;1105;395;380;1,7;6619;1653;;166;;330;56;45;10;1;0;44;4;39;61;42;19;99;1;;;;;;;;;;;;;;;;;;;;;;;;;;;;;;;;;;;;;;;;;;;455;0;55;105;40;5;115;75;60;1340;1120;215;0,7;2753;135;0,6;0,7;0,6;0,8;12;49;49;1;"      5613";1;1;2655
"Doornakkers";"Eindhoven                               ";"Wijk      ";"WK077232  ";"1";8785;4600;4185;1485;1125;2985;1980;1205;5015;2685;750;330;4740;1170;2880;4735;370;1150;800;1730;;;;;4385;2065;1005;1305;2;5222;4056;;400;;364;74;49;17;7;2;26;4;42;58;48;10;85;15;;;;;;;;;;;;;;;;;;;;;;;;;;;;;;;;;;;;;;;;;;;980;0;140;170;110;25;280;135;130;3550;2855;695;0,8;2111;255;0,7;0,8;0,5;0,7;7,9;170;168;2;"         .";;2;2113
"Doornakkers-West";"Eindhoven                               ";"Buurt     ";"BU07723210";"1";3480;1895;1585;450;540;1165;830;495;2080;975;310;110;1800;540;1140;1800;140;395;400;750;;;;;1915;1015;475;430;1,8;4937;1716;;269;;325;74;54;16;3;1;26;5;44;56;41;15;97;3;;;;;;;;;;;;;;;;;;;;;;;;;;;;;;;;;;;;;;;;;;;485;0;85;90;40;10;145;50;65;1440;1200;240;0,8;2042;125;0,7;0,8;0,4;1,1;9,7;71;71;1;"      5642";1;2;2382
"Doornakkers-Oost";"Eindhoven                               ";"Buurt     ";"BU07723220";"1";2930;1515;1415;415;385;850;720;555;1625;765;350;190;1460;365;1105;1455;115;455;250;650;;;;;1560;855;290;415;1,8;5792;1462;;113;;288;68;48;18;2;0;32;3;22;78;72;6;97;3;;;;;;;;;;;;;;;;;;;;;;;;;;;;;;;;;;;;;;;;;;;275;0;40;50;35;5;60;45;45;1135;940;190;0,7;2241;65;0,4;0,8;0,5;0,6;7,8;51;51;1;"      5642";1;2;2148
"Tongelresche Akkers";"Eindhoven                               ";"Buurt     ";"BU07723280";"1";2370;1185;1185;615;200;965;435;165;1310;940;95;30;1475;260;635;1480;110;305;150;330;;;;;910;200;240;465;2,6;5039;878;;18;;568;84;40;15;21;8;16;3;72;27;21;7;44;56;;;;;;;;;;;;;;;;;;;;;;;;;;;;;;;;;;;;;;;;;;;220;0;15;30;35;10;75;40;15;975;715;260;1,1;2075;65;0,9;0,6;0,6;0,3;5,2;48;47;1;"      5642";1;3;1474
"Oud-Tongelre";"Eindhoven                               ";"Wijk      ";"WK077233  ";"1";8950;4690;4260;1195;1335;2375;2245;1800;4735;3020;830;365;5055;1200;2690;5060;360;1015;840;1680;;;;;4645;2270;1110;1270;1,9;1380;4329;;806;;395;67;41;13;4;8;33;3;46;54;46;8;90;10;;;;;;;;;;;;;;;;;;;;;;;;;;;;;;;;;;;;;;;;;;;1070;0;135;135;85;55;330;190;140;4040;3270;770;0,9;623;265;0,9;0,7;0,6;0,8;5;671;649;23;"         .";;2;1607
"Muschberg, Geestenberg";"Eindhoven                               ";"Buurt     ";"BU07723330";"1";4010;2080;1925;545;535;1245;955;730;2185;1290;395;145;2200;540;1265;2200;170;490;370;780;;;;;2100;1010;520;570;1,9;5191;1898;;602;;341;74;57;14;2;1;26;3;47;53;44;9;99;1;;;;;;;;;;;;;;;;;;;;;;;;;;;;;;;;;;;;;;;;;;;560;0;80;65;40;25;175;90;90;1790;1490;305;0,9;2320;155;0,8;0,6;0,6;0,9;5,1;77;77;0;"      5641";1;2;1898
"Urkhoven";"Eindhoven                               ";"Buurt     ";"BU07723340";"1";195;115;80;25;45;45;50;30;120;55;15;5;145;30;15;150;5;10;25;10;;;;;90;45;15;30;2,1;114;38;;11;;663;95;18;21;13;42;5;8;61;39;18;21;97;3;;;;;;;;;;;;;;;;;;;;;;;;;;;;;;;;;;;;;;;;;;;25;0;10;5;0;0;5;5;0;90;80;15;1;54;5;1,1;1,1;1;1;5,6;175;171;4;"      5641";1;3;1075
"'t Hofke";"Eindhoven                               ";"Buurt     ";"BU07723350";"1";3755;2010;1755;475;650;950;930;755;2040;1185;370;160;1945;530;1280;1945;140;455;390;825;;;;;2045;1115;425;510;1,8;2507;1959;;174;;319;54;31;13;6;4;46;3;34;66;58;7;80;20;;;;;;;;;;;;;;;;;;;;;;;;;;;;;;;;;;;;;;;;;;;335;0;45;55;35;10;85;75;35;1545;1280;265;0,8;1031;85;0,9;0,6;0,5;0,6;4,7;150;150;0;"      5641";1;3;1454
"Karpen";"Eindhoven                               ";"Buurt     ";"BU07723360";"1";455;220;235;65;50;55;155;135;160;250;10;30;345;45;65;345;20;25;25;40;;;;;190;40;80;65;2,4;591;212;;7;;1077;79;14;3;0;62;21;14;92;8;0;8;99;1;;;;;;;;;;;;;;;;;;;;;;;;;;;;;;;;;;;;;;;;;;;80;0;0;5;0;15;35;20;5;315;220;95;1,7;410;10;1,4;1,1;1;1;6,8;93;77;16;"      5631";1;4;928
"Koudenhoven";"Eindhoven                               ";"Buurt     ";"BU07723370";"1";535;265;270;90;60;80;155;140;225;240;30;30;415;55;55;420;25;30;30;30;;;;;220;50;75;90;2,4;308;222;;12;;829;100;27;16;15;41;0;4;98;2;0;2;100;0;;;;;;;;;;;;;;;;;;;;;;;;;;;;;;;;;;;;;;;;;;;70;0;5;5;10;5;30;5;5;295;205;90;1,3;170;20;1,6;1,3;1,1;1,1;4,1;176;173;2;"      5631";1;4;705
"Oud-Woensel";"Eindhoven                               ";"Wijk      ";"WK077241  ";"1";11875;6725;5155;1100;2530;5070;1950;1225;8220;2630;780;250;4150;2485;5250;4145;340;1310;2145;3940;;;;;7725;5080;1555;1085;1,5;9061;6484;;421;;311;28;21;6;1;0;72;5;17;83;42;41;84;16;;;;;;;;;;;;;;;;;;;;;;;;;;;;;;;;;;;;;;;;;;;1270;0;150;280;170;35;295;185;150;3475;2870;605;0,4;2651;225;1;0,5;0,5;0,6;14,6;131;131;0;"         .";;1;4715
"Limbeek-Zuid";"Eindhoven                               ";"Buurt     ";"BU07724100";"1";1585;860;725;140;400;440;355;250;1035;360;160;40;575;275;735;580;40;210;230;520;;;;;1045;715;165;165;1,5;8722;996;;24;;272;36;30;5;0;0;64;3;16;84;50;34;100;0;;;;;;;;;;;;;;;;;;;;;;;;;;;;;;;;;;;;;;;;;;;100;0;15;10;10;0;30;25;10;500;415;85;0,5;2753;25;1,2;0,7;0,5;0,5;15,2;18;18;0;"      5612";1;1;5373
"Limbeek-Noord";"Eindhoven                               ";"Buurt     ";"BU07724110";"1";2860;1715;1150;210;680;1420;395;160;2220;480;135;25;1025;640;1200;1030;75;265;560;935;;;;;2055;1495;365;195;1,4;9362;1618;;86;;286;17;11;4;1;1;83;6;16;84;50;34;82;18;;;;;;;;;;;;;;;;;;;;;;;;;;;;;;;;;;;;;;;;;;;320;0;45;45;55;5;85;40;40;865;730;135;0,4;2833;55;0,6;0,5;0,6;0,6;14,8;31;31;0;"      5612";1;1;5160
"Hemelrijken";"Eindhoven                               ";"Buurt     ";"BU07724120";"1";4100;2280;1815;410;990;1540;780;385;2860;850;295;95;1305;920;1875;1305;130;615;785;1265;;;;;2600;1730;455;415;1,6;11119;2091;;152;;308;38;29;8;1;0;62;4;14;86;55;30;78;22;;;;;;;;;;;;;;;;;;;;;;;;;;;;;;;;;;;;;;;;;;;475;0;60;130;55;10;100;60;60;1080;875;200;0,4;2925;65;0,8;0,3;0,4;0,5;14,3;37;37;0;"      5612";1;1;4823
"Gildebuurt";"Eindhoven                               ";"Buurt     ";"BU07724130";"1";1680;960;720;95;380;675;245;275;1125;385;115;60;685;400;595;685;50;120;350;470;;;;;1140;745;290;110;1,5;7984;917;;137;;323;20;15;5;0;0;80;8;35;65;20;45;94;6;;;;;;;;;;;;;;;;;;;;;;;;;;;;;;;;;;;;;;;;;;;260;0;30;85;25;15;45;30;30;540;440;100;0,5;2574;40;1,3;0,4;0,5;0,5;14,5;21;21;0;"      5612";1;1;4014
"Woenselse Watermolen";"Eindhoven                               ";"Buurt     ";"BU07724140";"1";1655;910;740;240;85;990;175;165;985;560;80;25;555;255;845;550;40;100;210;750;;;;;885;395;290;195;1,9;6759;862;;22;;395;25;20;5;0;0;75;4;8;92;8;84;76;24;;;;;;;;;;;;;;;;;;;;;;;;;;;;;;;;;;;;;;;;;;;120;0;5;10;30;5;35;20;15;490;400;85;0,6;1999;35;1,6;0,8;0,8;0,8;14,4;24;24;0;"      5612";1;1;3659
"Erp";"Eindhoven                               ";"Wijk      ";"WK077242  ";"1";18675;9820;8850;2315;3205;6685;3710;2760;11750;4615;1475;835;8855;2915;6910;8850;710;2565;2210;4335;;;;;10280;5950;2110;2220;1,8;4724;9215;;1175;;323;54;39;12;1;1;46;5;32;68;46;22;86;14;;;;;;;;;;;;;;;;;;;;;;;;;;;;;;;;;;;;;;;;;;;2045;5;235;335;215;40;490;430;290;6760;5645;1115;0,7;1710;510;0,5;0,6;0,5;0,6;13,6;395;395;0;"         .";;1;3735
"Woensel-West";"Eindhoven                               ";"Buurt     ";"BU07724210";"1";5895;3115;2780;905;1355;2225;1065;345;4265;1130;420;80;2730;1060;2100;2735;215;805;850;1295;;;;;3395;2075;565;755;1,7;8442;2571;;224;;339;68;52;14;1;1;32;3;25;75;57;18;69;31;;;;;;;;;;;;;;;;;;;;;;;;;;;;;;;;;;;;;;;;;;;740;0;65;105;75;10;205;140;140;1945;1655;295;0,6;2788;160;0,6;0,5;0,6;0,6;13;70;70;0;"      5621";1;1;3551
"Kronehoef";"Eindhoven                               ";"Buurt     ";"BU07724220";"1";4675;2385;2285;450;575;1655;795;1195;2555;1250;385;480;2365;720;1585;2365;210;520;510;1060;;;;;2630;1570;600;460;1,7;7002;2769;;253;;302;35;23;9;2;1;65;6;28;72;42;30;88;12;;;;;;;;;;;;;;;;;;;;;;;;;;;;;;;;;;;;;;;;;;;435;0;55;70;45;15;105;90;60;1705;1420;290;0,6;2558;110;0,5;0,7;0,4;0,9;13,8;67;67;0;"      5622";4;1;4291
"Barrier";"Eindhoven                               ";"Buurt     ";"BU07724230";"1";2040;1015;1025;265;345;570;535;325;1160;640;150;90;1125;280;630;1125;75;265;205;365;;;;;1010;485;240;295;2;7923;912;;97;;399;81;63;17;1;0;19;3;49;51;39;12;100;0;;;;;;;;;;;;;;;;;;;;;;;;;;;;;;;;;;;;;;;;;;;205;0;20;40;25;5;55;40;25;865;740;125;0,9;3360;75;0,5;0,5;0,6;0,6;13,3;26;26;0;"      5622";1;1;3113
"Mensfort";"Eindhoven                               ";"Buurt     ";"BU07724240";"1";3240;1700;1540;425;420;1140;705;550;1865;925;320;130;1500;450;1290;1495;125;505;325;785;;;;;1785;955;415;420;1,8;7055;1704;;325;;311;50;39;10;1;1;50;5;42;58;39;19;94;6;;;;;;;;;;;;;;;;;;;;;;;;;;;;;;;;;;;;;;;;;;;310;0;55;55;35;5;60;60;35;1325;1110;215;0,7;2884;95;0,3;0,3;0,4;0,5;14;46;46;0;"      5622";1;1;3600
"Rapenland";"Eindhoven                               ";"Buurt     ";"BU07724250";"1";2375;1265;1115;275;460;895;470;280;1515;665;150;50;870;365;1145;865;70;405;290;745;;;;;1330;745;290;290;1,8;4506;1205;;237;;295;49;33;14;1;1;51;4;34;66;45;21;98;2;;;;;;;;;;;;;;;;;;;;;;;;;;;;;;;;;;;;;;;;;;;350;0;45;70;35;10;65;95;30;890;710;180;0,7;1692;65;0,5;0,4;0,4;0,4;15,4;53;53;0;"      5623";1;1;3740
"Vredeoord";"Eindhoven                               ";"Buurt     ";"BU07724260";"1";450;340;115;0;55;195;135;60;395;10;45;0;265;35;155;260;15;70;25;90;;;;;135;125;5;0;1;336;54;;39;;;91;9;15;37;30;9;24;0;100;22;78;78;22;;;;;;;;;;;;;;;;;;;;;;;;;;;;;;;;;;;;;;;;;;;10;;;;;;;;;25;15;10;0,2;19;0;1,3;2,2;1,4;1,7;9,4;134;134;0;"      5626";1;4;790
"Begijnenbroek";"Eindhoven                               ";"Wijk      ";"WK077243  ";"1";12220;6295;5925;1485;1490;3755;2750;2740;6570;3805;1080;775;6715;1725;3785;6715;530;1415;1200;2365;;;;;6290;3205;1615;1465;1,8;4147;6003;;890;;348;50;36;11;1;2;50;4;48;52;39;13;97;3;;;;;;;;;;;;;;;;;;;;;;;;;;;;;;;;;;;;;;;;;;;1065;5;130;170;100;30;290;235;100;4945;4095;850;0,8;1678;295;0,8;0,7;0,6;0,6;14,5;298;295;3;"         .";;1;2880
"Generalenbuurt";"Eindhoven                               ";"Buurt     ";"BU07724310";"1";5545;2885;2660;690;720;1870;1250;1015;3045;1690;505;310;2730;775;2045;2730;245;760;535;1275;;;;;2845;1390;730;720;1,9;6784;2694;;324;;329;55;42;13;0;0;45;3;43;57;43;14;98;2;;;;;;;;;;;;;;;;;;;;;;;;;;;;;;;;;;;;;;;;;;;465;5;70;90;55;10;110;85;40;2250;1880;375;0,8;2754;145;0,7;0,7;0,6;0,6;16;82;82;0;"      5623";1;1;3327
"Oude Toren";"Eindhoven                               ";"Buurt     ";"BU07724320";"1";1705;885;815;150;235;490;315;515;895;505;165;140;905;250;555;900;70;165;180;385;;;;;1075;660;265;155;1,6;6518;1047;;189;;312;24;16;6;1;1;76;7;38;62;46;16;96;4;;;;;;;;;;;;;;;;;;;;;;;;;;;;;;;;;;;;;;;;;;;120;0;15;25;15;0;35;25;10;675;565;110;0,6;2587;40;0,6;0,6;0,7;0,7;14,3;26;26;0;"      5623";1;1;3198
"Hondsheuvels";"Eindhoven                               ";"Buurt     ";"BU07724330";"1";415;160;250;40;35;50;45;245;140;115;40;115;245;135;35;245;15;0;120;30;;;;;150;85;35;30;1,8;1009;119;;11;;304;2;1;0;0;1;98;3;34;66;60;6;72;28;;;;;;;;;;;;;;;;;;;;;;;;;;;;;;;;;;;;;;;;;;;25;0;5;0;0;0;0;15;5;80;70;10;0,5;194;0;0,1;0,5;0,9;1,2;13,8;42;41;0;"      5631";1;2;2021
"Oude Gracht-West";"Eindhoven                               ";"Buurt     ";"BU07724340";"1";2890;1515;1370;375;330;1030;615;535;1600;915;235;135;1620;380;890;1620;120;345;260;545;;;;;1635;890;385;360;1,8;5710;1534;;209;;326;46;36;9;0;0;54;3;48;52;41;11;96;4;;;;;;;;;;;;;;;;;;;;;;;;;;;;;;;;;;;;;;;;;;;270;0;40;40;25;10;75;55;25;1235;1045;190;0,8;2447;80;0,8;0,5;0,4;0,6;13,4;51;51;1;"      5631";1;2;2490
"Oude Gracht-Oost";"Eindhoven                               ";"Buurt     ";"BU07724350";"1";1335;665;665;235;155;250;370;325;580;570;115;70;965;145;220;965;70;115;75;105;;;;;575;175;200;200;2,3;2249;561;;143;;564;100;56;23;8;13;0;4;97;3;0;3;100;0;;;;;;;;;;;;;;;;;;;;;;;;;;;;;;;;;;;;;;;;;;;175;0;5;10;10;15;70;50;15;690;530;160;1,2;1167;30;1,3;1;0,6;0,4;12,3;60;59;1;"      5631";1;2;1716
"Eckartdal";"Eindhoven                               ";"Buurt     ";"BU07724360";"1";330;180;155;5;10;65;145;105;305;5;15;5;250;45;40;250;5;15;35;20;;;;;0;0;0;0;;930;48;;14;;522;10;0;0;0;10;90;17;0;100;4;96;100;0;;;;;;;;;;;;;;;;;;;;;;;;;;;;;;;;;;;;;;;;;;;5;;;;;;;;;10;5;0;;;0;1,4;1,4;0,7;0,6;10,1;37;36;1;"      5631";1;4;809
"Ontginning";"Eindhoven                               ";"Wijk      ";"WK077251  ";"1";15825;7935;7890;2170;2090;4395;3815;3360;8155;5145;1640;890;8135;1830;5860;8140;650;2330;1185;3525;;;;;8185;4005;1930;2250;1,9;4750;7837;;1666;;349;58;42;12;1;3;42;3;42;58;51;7;98;2;;;;;;;;;;;;;;;;;;;;;;;;;;;;;;;;;;;;;;;;;;;1485;5;200;290;150;35;320;290;190;6795;5575;1220;0,8;2039;455;0,8;0,8;0,6;0,7;16,3;333;333;0;"         .";;1;3021
"Driehoeksbos";"Eindhoven                               ";"Buurt     ";"BU07725110";"1";940;470;470;85;110;120;280;350;285;535;55;70;705;80;155;710;50;60;30;100;;;;;415;100;185;130;2,3;1217;409;;63;;610;79;36;11;4;27;21;2;77;23;20;2;100;0;;;;;;;;;;;;;;;;;;;;;;;;;;;;;;;;;;;;;;;;;;;145;0;10;15;15;5;40;30;30;630;430;200;1,5;814;30;0,6;1,4;0,6;1,4;12,2;77;77;0;"      5624";1;3;1457
"Prinsejagt";"Eindhoven                               ";"Buurt     ";"BU07725120";"1";4700;2410;2290;560;580;1310;1180;1065;2315;1625;455;315;2890;600;1210;2890;195;475;405;735;;;;;2550;1340;615;600;1,8;4926;2434;;256;;344;60;42;13;3;2;40;3;47;53;47;6;96;4;;;;;;;;;;;;;;;;;;;;;;;;;;;;;;;;;;;;;;;;;;;385;0;60;45;40;10;85;90;55;2075;1705;370;0,8;2176;150;0,8;0,6;0,4;0,8;14,4;95;95;0;"      5624";1;2;2470
"Jagershoef";"Eindhoven                               ";"Buurt     ";"BU07725130";"1";3590;1750;1835;560;480;1005;835;710;1970;1015;420;175;1765;320;1495;1770;140;660;185;845;;;;;1805;840;380;580;2;6564;1768;;312;;319;65;51;14;0;0;35;3;35;65;63;2;99;1;;;;;;;;;;;;;;;;;;;;;;;;;;;;;;;;;;;;;;;;;;;270;0;45;40;30;5;60;70;25;1500;1305;195;0,8;2746;85;1;0,7;0,8;0,5;16,9;55;55;0;"      5625";1;1;3191
"'t Hool";"Eindhoven                               ";"Buurt     ";"BU07725140";"1";2275;1115;1160;425;315;655;525;355;1310;675;220;70;925;280;1070;925;110;425;170;640;;;;;1055;450;225;375;2,2;6720;1034;;332;;352;52;40;8;0;4;48;4;32;68;65;4;100;0;;;;;;;;;;;;;;;;;;;;;;;;;;;;;;;;;;;;;;;;;;;200;0;30;30;15;5;50;45;20;870;680;190;0,8;2566;55;0,6;1;0,7;0,9;17,5;34;34;0;"      5625";1;1;3383
"Winkelcentrum";"Eindhoven                               ";"Buurt     ";"BU07725150";"1";680;385;300;25;80;315;140;125;410;170;55;35;310;135;230;315;25;45;115;185;;;;;490;330;130;30;1,4;3833;475;;194;;303;0;0;0;0;0;100;4;62;37;0;37;100;0;;;;;;;;;;;;;;;;;;;;;;;;;;;;;;;;;;;;;;;;;;;190;0;10;110;10;5;25;10;25;295;245;50;0,6;1663;10;0,4;0,3;0,6;0,6;17,6;18;18;0;"      5625";1;1;3594
"Vlokhoven";"Eindhoven                               ";"Buurt     ";"BU07725160";"1";3645;1805;1830;515;525;990;850;760;1860;1120;440;220;1535;410;1695;1535;140;670;275;1025;;;;;1870;945;400;530;1,9;6730;1717;;509;;335;63;47;14;1;1;37;2;35;65;56;9;99;1;;;;;;;;;;;;;;;;;;;;;;;;;;;;;;;;;;;;;;;;;;;300;0;50;50;40;5;65;45;40;1425;1210;215;0,8;2630;120;1;1;0,4;0,4;18;54;54;0;"      5625";1;1;3466
"Achtse Molen";"Eindhoven                               ";"Wijk      ";"WK077252  ";"1";15805;7990;7815;2375;1675;3845;4320;3590;6785;7200;1175;640;10910;1655;3235;10905;660;1140;1000;2105;;;;;6930;2020;2360;2550;2,3;3188;6739;;587;;458;90;55;21;3;11;10;2;77;23;17;5;100;0;;;;;;;;;;;;;;;;;;;;;;;;;;;;;;;;;;;;;;;;;;;2095;5;315;420;205;105;565;300;185;8705;6570;2135;1,3;1756;765;0,7;1,1;0,5;0,7;5,9;497;496;1;"         .";;3;1414
"Kapelbeemd";"Eindhoven                               ";"Buurt     ";"BU07725200";"1";105;55;55;20;15;30;30;15;55;40;10;0;100;5;5;100;0;0;5;5;;;;;35;5;10;20;2,9;129;38;;154;;757;97;3;3;29;63;3;8;84;16;0;16;89;11;;;;;;;;;;;;;;;;;;;;;;;;;;;;;;;;;;;;;;;;;;;195;0;55;60;15;5;40;5;10;310;150;160;;;30;0,5;2,5;0,5;0,3;4;83;83;0;"      5626";1;4;561
"Kerkdorp Acht";"Eindhoven                               ";"Buurt     ";"BU07725210";"1";3510;1735;1780;430;410;665;1030;975;1405;1685;215;210;2600;360;555;2595;140;200;220;355;;;;;1515;405;595;515;2,3;2578;1481;;50;;595;90;33;14;8;35;10;2;84;16;8;8;100;0;;;;;;;;;;;;;;;;;;;;;;;;;;;;;;;;;;;;;;;;;;;405;0;40;70;30;40;130;55;35;1965;1395;570;1,3;1441;150;0,6;2,3;0,6;0,6;4,9;136;136;0;"      5626";1;4;900
"Achtse Barrier-Gunterslaer";"Eindhoven                               ";"Buurt     ";"BU07725220";"1";3770;1905;1865;600;415;965;1015;775;1720;1630;295;125;2445;470;860;2440;175;290;300;570;;;;;1650;475;545;630;2,3;3735;1590;;294;;415;92;62;27;2;1;8;2;77;23;19;4;100;0;;;;;;;;;;;;;;;;;;;;;;;;;;;;;;;;;;;;;;;;;;;755;0;95;150;90;35;200;125;55;2065;1570;495;1,3;2044;180;0,5;0,6;0,6;0,5;8,5;102;101;1;"      5627";1;2;1798
"Achtse Barrier-Spaaihoef";"Eindhoven                               ";"Buurt     ";"BU07725230";"1";4520;2340;2185;745;425;1175;1220;955;1880;2185;310;155;3235;425;860;3235;190;295;235;570;;;;;1920;500;655;760;2,4;4477;1888;;29;;442;96;66;20;2;7;4;1;88;12;7;5;100;0;;;;;;;;;;;;;;;;;;;;;;;;;;;;;;;;;;;;;;;;;;;415;0;70;75;35;15;125;50;50;2395;1880;515;1,2;2370;235;0,6;0,9;0,5;0,5;4,8;102;101;1;"      5627";1;2;1554
"Achtse Barrier-Hoeven";"Eindhoven                               ";"Buurt     ";"BU07725240";"1";3885;1955;1930;580;410;1005;1020;870;1730;1655;340;155;2530;395;960;2530;150;350;245;610;;;;;1805;635;550;620;2,2;5241;1742;;60;;391;81;57;21;1;2;19;1;60;40;34;5;100;0;;;;;;;;;;;;;;;;;;;;;;;;;;;;;;;;;;;;;;;;;;;325;0;50;60;35;10;70;65;35;1970;1575;395;1,1;2657;165;1,1;0,6;0,4;1,1;5,5;74;74;0;"      5627";1;3;1396
"Aanschot";"Eindhoven                               ";"Wijk      ";"WK077253  ";"1";20910;10265;10645;3495;2655;5160;5945;3655;9750;8600;1705;850;11950;2230;6725;11950;850;2735;1375;3990;;;;;8880;2790;2400;3690;2,3;4045;8574;;1180;;459;87;56;19;3;8;13;2;61;39;31;7;91;9;;;;;;;;;;;;;;;;;;;;;;;;;;;;;;;;;;;;;;;;;;;2150;0;265;370;235;90;570;410;210;10625;7885;2740;1,2;2056;635;0,8;0,7;0,5;0,6;12,4;519;517;2;"         .";;2;2176
"Woenselse Heide";"Eindhoven                               ";"Buurt     ";"BU07725310";"1";5255;2515;2740;890;670;1250;1425;1020;2440;2000;560;255;2730;535;1990;2725;215;830;320;1165;;;;;2265;775;560;930;2,3;6477;2196;;590;;380;81;64;17;0;0;19;2;45;55;49;5;99;1;;;;;;;;;;;;;;;;;;;;;;;;;;;;;;;;;;;;;;;;;;;490;0;75;105;65;10;100;90;40;2895;2055;840;1,3;3566;150;1,2;0,6;0,5;0,5;15,2;81;81;0;"      5628";1;2;2457
"Tempel";"Eindhoven                               ";"Buurt     ";"BU07725320";"1";5150;2475;2670;800;625;1275;1270;1185;2355;1920;555;320;2765;575;1815;2765;235;780;340;1035;;;;;2395;945;605;840;2,1;4397;2347;;523;;375;85;62;22;1;1;15;3;45;55;53;2;100;0;;;;;;;;;;;;;;;;;;;;;;;;;;;;;;;;;;;;;;;;;;;495;0;65;95;55;10;110;110;50;2405;1965;440;1;2051;140;0,5;0,6;0,6;0,6;16;119;117;2;"      5628";1;1;2861
"Blixembosch-West";"Eindhoven                               ";"Buurt     ";"BU07725330";"1";1995;1015;980;285;235;370;620;485;775;1035;115;75;1375;160;460;1380;70;160;85;300;;;;;790;135;325;325;2,5;2728;772;;13;;633;100;52;22;8;17;0;1;85;15;0;15;100;0;;;;;;;;;;;;;;;;;;;;;;;;;;;;;;;;;;;;;;;;;;;250;0;30;25;25;10;90;45;30;1090;770;320;1,4;1493;65;0,9;1;0,4;0,9;9,5;73;73;0;"      5629";1;2;1904
"Blixembosch-Oost";"Eindhoven                               ";"Buurt     ";"BU07725340";"1";7685;3870;3815;1395;1020;1815;2515;940;3535;3530;420;200;4680;715;2285;4680;310;880;410;1410;;;;;2905;585;825;1495;2,6;4634;2871;;41;;578;92;51;18;6;17;8;2;88;12;4;8;87;13;;;;;;;;;;;;;;;;;;;;;;;;;;;;;;;;;;;;;;;;;;;795;0;90;120;80;55;240;140;75;3890;2805;1085;1,3;2345;265;0,5;0,7;0,5;0,5;9,7;166;166;0;"      5629";1;3;1486
"Castiliëlaan";"Eindhoven                               ";"Buurt     ";"BU07725350";"1";820;385;440;120;105;455;115;30;645;120;55;5;395;250;170;395;30;90;225;85;;;;;525;345;80;95;1,5;1033;388;;13;;177;70;22;20;8;19;30;9;5;95;64;31;5;95;;;;;;;;;;;;;;;;;;;;;;;;;;;;;;;;;;;;;;;;;;;115;0;10;20;10;5;30;30;15;350;290;60;0,7;439;15;1,7;1,6;0,4;1,9;4,1;80;80;0;"      5629";1;4;926
"Dommelbeemd";"Eindhoven                               ";"Wijk      ";"WK077254  ";"1";13565;6785;6780;2225;1650;3515;3425;2755;6710;4885;1320;655;7390;1480;4700;7385;525;1885;950;2810;;;;;6315;2475;1640;2200;2,1;2671;6108;;1368;;380;74;51;17;3;3;26;3;51;49;44;6;100;0;;;;;;;;;;;;;;;;;;;;;;;;;;;;;;;;;;;;;;;;;;;1435;10;220;255;170;50;340;265;125;6265;5055;1210;1;1233;395;0,9;0,7;0,5;0,5;12,4;515;508;8;"         .";;2;2281
"Eckart";"Eindhoven                               ";"Buurt     ";"BU07725410";"1";4355;2120;2235;685;545;1195;1055;880;2230;1375;520;225;2075;470;1815;2070;170;740;305;1080;;;;;2130;960;495;670;2;6607;2060;;429;;330;62;48;14;0;0;38;2;33;67;62;5;100;0;;;;;;;;;;;;;;;;;;;;;;;;;;;;;;;;;;;;;;;;;;;480;0;80;85;60;10;105;100;35;1885;1595;285;0,9;2857;115;0,5;0,5;0,6;0,5;14,8;68;66;2;"      5632";1;1;2782
"Luytelaer";"Eindhoven                               ";"Buurt     ";"BU07725420";"1";1010;510;500;150;100;155;235;365;360;525;60;65;770;90;145;770;45;70;45;75;;;;;430;95;190;145;2,3;1691;428;;69;;640;100;34;18;22;25;0;3;98;2;0;2;100;0;;;;;;;;;;;;;;;;;;;;;;;;;;;;;;;;;;;;;;;;;;;120;0;5;10;15;10;60;15;5;575;380;195;1,3;963;30;0,7;0,8;1;0,7;12;62;60;2;"      5632";1;2;1771
"Vaartbroek";"Eindhoven                               ";"Buurt     ";"BU07725430";"1";5400;2735;2660;935;725;1505;1345;890;2975;1615;585;220;2565;660;2175;2570;200;870;460;1305;;;;;2600;1155;530;915;2,1;5397;2498;;540;;347;68;49;16;2;1;32;3;37;63;55;8;100;0;;;;;;;;;;;;;;;;;;;;;;;;;;;;;;;;;;;;;;;;;;;440;0;85;85;45;10;80;90;40;2265;1925;340;0,9;2266;135;0,9;0,7;0,5;0,6;12;101;100;1;"      5632";1;2;2297
"Heesterakker";"Eindhoven                               ";"Buurt     ";"BU07725440";"1";2660;1340;1320;440;260;630;740;595;1080;1300;150;130;1855;245;565;1855;105;205;140;355;;;;;1100;255;400;440;2,4;5157;1078;;208;;438;100;71;25;1;3;0;1;97;3;0;3;100;0;;;;;;;;;;;;;;;;;;;;;;;;;;;;;;;;;;;;;;;;;;;250;0;35;35;35;5;60;50;30;1345;1055;295;1,2;2607;100;1,4;1,1;0,4;0,4;10,1;52;52;0;"      5632";1;2;1646
"Esp";"Eindhoven                               ";"Buurt     ";"BU07725450";"1";20;10;5;0;0;5;5;10;5;10;5;0;10;5;0;10;5;0;5;0;;;;;5;5;0;0;1,9;18;5;;109;;;;;;;;;;;;;;;;;;;;;;;;;;;;;;;;;;;;;;;;;;;;;;;;;;;;;;;;;;115;0;15;35;15;10;30;5;5;110;35;75;;;5;1,9;1,5;1,8;1,8;7;93;93;0;"      5633";1;3;1226
"Bokt";"Eindhoven                               ";"Buurt     ";"BU07725460";"1";125;65;55;15;15;20;45;20;55;60;5;0;115;5;5;115;5;5;0;5;;;;;45;10;15;20;2,6;92;39;;13;;707;77;5;5;15;51;23;5;77;23;5;18;92;8;;;;;;;;;;;;;;;;;;;;;;;;;;;;;;;;;;;;;;;;;;;35;5;5;5;0;0;5;5;5;85;65;20;;;10;1,9;1,9;1,6;1,6;6;139;137;2;"      5633";1;5;440
"Oud-Strijp";"Eindhoven                               ";"Wijk      ";"WK077261  ";"1";15840;8645;7195;1255;2320;7670;2895;1705;11095;3400;985;360;9290;2865;3685;9290;675;1020;2185;2665;;;;;10080;6195;2540;1340;1,6;8134;9354;;883;;368;32;22;7;2;1;68;4;30;70;31;39;76;24;;;;;;;;;;;;;;;;;;;;;;;;;;;;;;;;;;;;;;;;;;;3025;5;230;405;375;135;1095;400;380;5835;4775;1060;0,6;2995;470;0,8;0,6;0,7;0,7;13,1;196;195;1;"         .";;1;4477
"Eliasterrein, Vonderkwartier";"Eindhoven                               ";"Buurt     ";"BU07726110";"1";3330;1725;1605;430;480;1155;795;470;2110;905;220;95;2195;525;605;2195;145;180;375;425;;;;;1790;965;440;390;1,8;10954;1545;;46;;408;55;45;8;1;0;45;4;67;33;11;22;94;6;;;;;;;;;;;;;;;;;;;;;;;;;;;;;;;;;;;;;;;;;;;365;0;25;40;30;15;140;70;45;1210;965;245;0,7;3988;80;0,7;0,7;0,8;0,8;13,8;30;30;0;"      5616";1;1;4607
"Philipsdorp";"Eindhoven                               ";"Buurt     ";"BU07726120";"1";3665;1930;1735;270;515;1790;695;390;2640;665;275;90;2200;635;830;2200;155;255;480;575;;;;;2425;1515;595;315;1,5;8696;2233;;107;;378;37;25;11;1;1;63;4;20;80;33;46;82;18;;;;;;;;;;;;;;;;;;;;;;;;;;;;;;;;;;;;;;;;;;;530;0;55;65;50;20;165;85;80;1365;1140;225;0,6;3235;120;0,7;0,6;0,5;0,5;13,4;42;42;0;"      5616";1;1;4977
"Engelsbergen";"Eindhoven                               ";"Buurt     ";"BU07726130";"1";635;335;300;65;90;155;175;155;310;265;30;25;460;105;70;455;40;25;60;45;;;;;325;140;115;75;1,9;1989;296;;94;;571;69;21;11;11;26;31;5;77;23;5;18;100;0;;;;;;;;;;;;;;;;;;;;;;;;;;;;;;;;;;;;;;;;;;;150;0;20;25;10;10;45;20;15;365;260;105;1,1;1142;35;0,7;0,5;0,6;0,6;14,1;33;32;1;"      5616";1;1;3690
"Schouwbroek";"Eindhoven                               ";"Buurt     ";"BU07726140";"1";1520;845;680;165;200;545;395;225;935;390;135;60;965;265;300;965;80;95;180;200;;;;;865;470;210;190;1,7;6953;809;;103;;347;51;35;9;5;1;49;4;55;44;27;17;98;2;;;;;;;;;;;;;;;;;;;;;;;;;;;;;;;;;;;;;;;;;;;200;0;25;35;15;15;55;35;20;685;580;105;0,8;3127;55;0,5;0,4;0,3;0,3;13,6;22;22;0;"      5616";1;1;3853
"Schoot";"Eindhoven                               ";"Buurt     ";"BU07726150";"1";3585;2040;1545;240;630;1730;580;405;2440;850;205;85;1575;815;1195;1570;145;195;670;1005;;;;;2375;1540;560;280;1,5;9257;2186;;135;;314;31;20;8;2;1;69;4;20;80;31;49;100;0;;;;;;;;;;;;;;;;;;;;;;;;;;;;;;;;;;;;;;;;;;;375;0;35;65;35;15;115;50;60;1090;910;180;0,5;2821;80;0,7;0,6;0,7;0,7;11,9;39;39;0;"      5616";1;1;3852
"Strijp S";"Eindhoven                               ";"Buurt     ";"BU07726160";"1";3110;1775;1335;85;400;2295;260;65;2660;320;120;10;1905;520;685;1905;105;270;415;410;;;;;2295;1570;625;95;1,4;10419;2285;;398;;364;0;0;0;0;0;100;5;10;90;46;43;24;76;;;;;;;;;;;;;;;;;;;;;;;;;;;;;;;;;;;;;;;;;;;1400;0;70;170;230;55;580;140;155;1120;920;200;0,5;3751;100;1,1;0,5;1,1;1,1;12,9;30;30;0;"      5617";1;1;4832
"Halve Maan";"Eindhoven                               ";"Wijk      ";"WK077262  ";"1";11290;5750;5540;1925;1310;3855;2730;1470;6765;3165;1020;340;6510;1720;3055;6510;575;1215;1145;1850;;;;;5580;2520;1310;1750;2;991;5402;;1255;;391;76;52;19;3;3;24;4;38;62;51;11;87;13;;;;;;;;;;;;;;;;;;;;;;;;;;;;;;;;;;;;;;;;;;;2390;10;380;465;255;105;700;280;200;5485;4110;1375;1;481;400;1;0,7;0,5;0,6;8,8;1147;1139;8;"         .";;2;2006
"Hurk";"Eindhoven                               ";"Buurt     ";"BU07726210";"1";50;35;20;5;5;25;15;5;40;15;5;0;35;15;5;30;0;0;10;5;;;;;40;30;5;5;1,3;26;16;;542;;;;;;;;;;;;;;;;;;;;;;;;;;;;;;;;;;;;;;;;;;;;;;;;;;;;;;;;;;840;0;155;215;70;50;275;35;40;625;265;360;;;25;1,6;0,7;1,1;1,1;11,7;208;202;6;"      5652";1;3;1410
"Het Ven";"Eindhoven                               ";"Buurt     ";"BU07726220";"1";3910;2005;1910;590;560;1355;845;555;2385;1015;355;160;2245;655;1015;2245;190;365;465;645;;;;;2030;1005;480;550;1,9;4438;1919;;264;;347;74;52;17;5;1;26;5;41;59;46;13;91;9;;;;;;;;;;;;;;;;;;;;;;;;;;;;;;;;;;;;;;;;;;;515;0;90;105;35;10;120;85;65;1590;1305;285;0,8;1807;135;0,9;0,4;0,5;0,5;11;88;88;0;"      5652";1;2;2033
"Lievendaal";"Eindhoven                               ";"Buurt     ";"BU07726230";"1";3175;1645;1530;480;365;1005;825;500;1810;950;310;100;1795;440;935;1795;165;355;280;580;;;;;1560;690;375;500;2;3599;1586;;121;;340;70;52;18;0;0;30;2;35;65;55;10;100;0;;;;;;;;;;;;;;;;;;;;;;;;;;;;;;;;;;;;;;;;;;;315;0;60;45;35;10;75;60;30;1380;1180;195;0,9;1562;140;0,9;0,4;0,5;0,5;8;89;88;1;"      5652";1;2;1661
"Drents Dorp";"Eindhoven                               ";"Buurt     ";"BU07726240";"1";2660;1330;1335;440;290;925;685;320;1655;655;290;65;1480;370;810;1480;120;370;245;440;;;;;1405;700;290;410;1,9;5968;1334;;65;;371;81;59;21;1;0;19;3;20;80;75;6;87;13;;;;;;;;;;;;;;;;;;;;;;;;;;;;;;;;;;;;;;;;;;;235;0;35;30;25;10;60;45;30;1050;885;165;0,7;2355;60;0,9;1;0,4;0,5;7,7;45;45;0;"      5651";1;1;2621
"Zwaanstraat";"Eindhoven                               ";"Buurt     ";"BU07726250";"1";1350;665;690;395;70;520;305;65;810;475;55;10;880;210;265;880;90;110;115;155;;;;;485;70;145;265;2,8;2574;492;;135;;679;86;39;26;9;12;14;4;76;24;2;22;24;76;;;;;;;;;;;;;;;;;;;;;;;;;;;;;;;;;;;;;;;;;;;350;0;35;35;45;20;145;40;30;570;365;210;1,2;1088;30;1,5;1,2;0,7;0,9;7,3;52;52;0;"      5651";1;1;2564
"Wielewaal";"Eindhoven                               ";"Buurt     ";"BU07726260";"1";105;60;50;15;20;20;40;15;60;45;0;5;55;25;25;60;10;5;20;20;;;;;45;15;10;20;2,5;46;41;;3;;1417;100;2;0;0;98;0;10;76;24;0;24;83;17;;;;;;;;;;;;;;;;;;;;;;;;;;;;;;;;;;;;;;;;;;;20;;;;;;;;;80;40;40;;;5;2,9;3,2;1;1;1,6;232;232;0;"      5651";1;5;223
"Herdgang";"Eindhoven                               ";"Buurt     ";"BU07726270";"1";10;5;5;0;0;0;5;0;0;10;0;0;5;5;0;5;0;0;0;0;;;;;5;5;5;0;1,8;;6;;7;;;;;;;;;;;;;;;;;;;;;;;;;;;;;;;;;;;;;;;;;;;;;;;;;;;;;;;;;;10;;;;;;;;;5;5;5;;;0;;;;;;137;137;0;"      5651";1;5;164
"Mispelhoef";"Eindhoven                               ";"Buurt     ";"BU07726280";"1";25;15;10;0;0;5;10;5;15;5;0;0;15;5;0;15;0;0;5;5;;;;;15;5;5;5;1,6;8;8;;118;;;;;;;;;;;;;;;;;;;;;;;;;;;;;;;;;;;;;;;;;;;;;;;;;;;;;;;;;;100;0;10;25;40;5;15;0;5;185;65;115;;;5;4,1;4,5;2,4;2,4;0,8;296;295;1;"      5651";1;5;134
"Meerhoven";"Eindhoven                               ";"Wijk      ";"WK077263  ";"1";13635;7075;6560;2775;1590;4275;3540;1455;6680;6035;635;280;6430;1780;5425;6435;575;1465;1200;3955;;;;;5430;1450;1500;2485;2,5;878;5325;;514;;533;73;49;12;3;10;27;3;72;28;14;13;76;24;;;;;;;;;;;;;;;;;;;;;;;;;;;;;;;;;;;;;;;;;;;1825;0;170;335;285;115;525;255;135;5880;4050;1830;1,1;379;270;1,4;1,2;0,8;1,1;5,1;1587;1552;34;"         .";;3;1291
"BeA2";"Eindhoven                               ";"Buurt     ";"BU07726310";"1";25;15;10;0;0;5;10;5;20;5;0;0;15;5;5;15;0;5;5;0;;;;;10;5;5;0;1,8;9;6;;5;;;;;;;;;;;;;;;;;;;;;;;;;;;;;;;;;;;;;;;;;;;;;;;;;;;;;;;;;;40;0;5;10;10;0;10;5;0;20;15;10;;;0;3,8;3,6;2,7;2,7;0,9;262;256;6;"      5657";1;5;38
"Meerbos";"Eindhoven                               ";"Buurt     ";"BU07726320";"1";45;25;20;5;5;10;10;15;20;15;10;0;45;0;5;45;0;5;0;0;;;;;20;5;5;10;2,3;39;2;;9;;;;;;;;;;;;;;;;;;;;;;;;;;;;;;;;;;;;;;;;;;;;;;;;;;;;;;;;;;10;;;;;;;;;20;15;5;;;0;1,8;1;1,3;1,3;5;123;120;3;"      5657";1;3;1171
"Grasrijk";"Eindhoven                               ";"Buurt     ";"BU07726330";"1";6115;3185;2930;1345;690;1950;1550;580;2935;2790;275;110;2540;740;2825;2540;250;730;495;2095;;;;;2315;595;575;1150;2,6;4779;2276;;34;;531;81;58;14;2;8;19;2;76;23;15;8;88;12;;;;;;;;;;;;;;;;;;;;;;;;;;;;;;;;;;;;;;;;;;;485;0;35;75;65;20;140;105;40;2410;1665;745;1;1886;95;1,7;1,4;1;1,3;7,1;128;128;0;"      5658";1;2;1538
"Zandrijk";"Eindhoven                               ";"Buurt     ";"BU07726340";"1";2805;1445;1360;465;340;670;840;490;1220;1350;140;100;1460;330;1025;1455;125;260;205;760;;;;;1150;295;340;510;2,5;7392;1143;;11;;519;82;58;15;3;6;18;2;77;23;19;5;100;0;;;;;;;;;;;;;;;;;;;;;;;;;;;;;;;;;;;;;;;;;;;250;0;25;45;40;5;75;35;30;1270;915;355;1,1;3338;50;1;0,8;0,8;0,8;2,2;38;38;0;"      5658";1;4;974
"Waterrijk";"Eindhoven                               ";"Buurt     ";"BU07726350";"1";2530;1305;1230;625;340;800;700;65;1425;970;115;15;1320;355;855;1325;120;295;235;560;;;;;915;200;195;525;2,8;4281;910;;11;;614;87;45;8;7;27;13;4;74;26;8;18;42;58;;;;;;;;;;;;;;;;;;;;;;;;;;;;;;;;;;;;;;;;;;;260;0;15;45;30;20;90;35;25;1005;670;335;1,1;1701;45;1,9;1,9;0,6;1,6;5,6;61;59;2;"      5658";1;3;1442
"Park Forum";"Eindhoven                               ";"Buurt     ";"BU07726360";"1";25;15;10;5;5;5;5;0;15;5;5;0;15;0;5;20;0;0;0;0;;;;;5;0;0;5;3,4;24;8;;64;;;;;;;;;;;;;;;;;;;;;;;;;;;;;;;;;;;;;;;;;;;;;;;;;;;;;;;;;;80;0;20;30;5;10;10;5;5;65;30;35;;;20;2,6;2,6;2;2,3;3,1;98;98;0;"      5657";1;4;656
"Flight Forum";"Eindhoven                               ";"Buurt     ";"BU07726370";"1";60;35;30;0;35;20;10;0;50;10;0;0;0;60;5;0;0;0;60;5;;;;;60;55;0;0;1,1;46;0;;288;;;;;;;;;;;;;;;;;;;;;;;;;;;;;;;;;;;;;;;;;;;;;;;;;;;;;;;;;;485;0;50;100;110;50;145;25;10;210;105;105;;;5;3,1;2,9;2,9;2,9;1;138;137;2;"      5657";1;5;271
"Eindhoven Airport";"Eindhoven                               ";"Buurt     ";"BU07726380";"1";5;5;0;0;0;0;0;5;0;0;0;0;5;0;0;5;0;0;0;0;;;;;0;0;5;0;1,7;;3;;40;;;;;;;;;;;;;;;;;;;;;;;;;;;;;;;;;;;;;;;;;;;;;;;;;;;;;;;;;;5;;;;;;;;;5;5;0;;;5;;;;;;639;626;12;"      5657";1;5;75
"Bosrijk";"Eindhoven                               ";"Buurt     ";"BU07726390";"1";725;360;365;170;85;205;225;45;350;335;25;10;405;90;230;400;35;60;55;175;;;;;270;55;75;135;2,7;2198;277;;11;;594;81;51;18;3;9;19;5;92;8;0;7;55;45;;;;;;;;;;;;;;;;;;;;;;;;;;;;;;;;;;;;;;;;;;;65;0;5;5;10;5;15;20;5;300;195;105;1,1;906;30;1,2;1;1;1;2;34;33;1;"      5658";1;3;1204
"Meerrijk";"Eindhoven                               ";"Buurt     ";"BU07726399";"1";1300;685;610;160;80;615;195;250;635;560;70;40;625;195;475;625;45;110;150;370;;;;;680;240;295;145;1,9;2250;700;;41;;430;12;11;1;0;0;88;6;41;59;19;40;47;53;;;;;;;;;;;;;;;;;;;;;;;;;;;;;;;;;;;;;;;;;;;145;0;15;25;25;10;35;25;10;575;440;135;0,8;1001;25;0,1;0,1;0,1;0,2;2,3;65;58;8;"      5658";1;3;1417
"Rozenknopje";"Eindhoven                               ";"Wijk      ";"WK077271  ";"1";6915;3665;3255;720;1040;2300;1560;1295;4280;1790;540;310;4225;1070;1625;4225;290;450;780;1170;;;;;4120;2455;960;705;1,7;6216;3751;;599;;398;45;31;11;2;1;55;5;43;57;30;27;92;8;;;;;;;;;;;;;;;;;;;;;;;;;;;;;;;;;;;;;;;;;;;1000;0;75;150;80;40;340;195;120;2520;2005;515;0,6;2262;225;0,5;0,6;0,5;0,7;15,3;114;111;2;"         .";;1;3670
"Schrijversbuurt";"Eindhoven                               ";"Buurt     ";"BU07727110";"1";3520;1870;1650;450;595;925;905;645;2130;1005;260;125;2480;445;595;2480;150;205;300;385;;;;;1940;1050;455;425;1,8;5946;1631;;334;;507;60;41;15;3;1;40;5;61;39;23;16;93;7;;;;;;;;;;;;;;;;;;;;;;;;;;;;;;;;;;;;;;;;;;;610;0;40;90;50;30;220;110;75;1310;980;325;0,7;2212;105;0,6;0,5;0,5;0,8;15,5;60;59;1;"      5615";1;1;3725
"Oude Spoorbaan";"Eindhoven                               ";"Buurt     ";"BU07727120";"1";2175;1190;980;165;340;970;450;250;1505;490;150;35;1050;455;665;1050;85;140;375;530;;;;;1420;890;350;180;1,5;8163;1315;;129;;338;38;25;10;2;1;62;5;36;64;17;47;91;9;;;;;;;;;;;;;;;;;;;;;;;;;;;;;;;;;;;;;;;;;;;295;0;30;45;20;10;95;55;35;755;625;125;0,5;2827;90;0,5;0,6;0,4;0,6;15,2;27;27;0;"      5615";1;1;3758
"Hagenkamp";"Eindhoven                               ";"Buurt     ";"BU07727130";"1";1225;595;625;100;100;410;210;405;645;295;130;150;700;170;365;695;60;110;110;260;;;;;765;510;155;100;1,5;4810;805;;136;;278;26;19;7;0;0;74;3;17;83;66;17;94;6;;;;;;;;;;;;;;;;;;;;;;;;;;;;;;;;;;;;;;;;;;;100;0;10;15;10;0;30;30;10;455;395;60;0,6;1789;30;0,3;1;0,3;0,3;15;27;25;2;"      5616";1;1;3419
"Oud-Gestel";"Eindhoven                               ";"Wijk      ";"WK077272  ";"1";13410;6980;6430;1595;1780;4635;3050;2350;8010;3555;1235;610;6365;2425;4620;6365;555;1620;1875;3000;;;;;7570;4205;1670;1695;1,8;2390;6958;;714;;318;55;39;15;1;1;45;4;33;67;50;16;91;9;;;;;;;;;;;;;;;;;;;;;;;;;;;;;;;;;;;;;;;;;;;1595;5;265;240;220;25;435;230;180;5300;4460;840;0,7;945;430;0,6;0,7;0,6;0,6;10,9;582;561;21;"         .";;1;2557
"Genderdal";"Eindhoven                               ";"Buurt     ";"BU07727210";"1";2925;1520;1405;340;390;1000;680;510;1775;720;305;125;1385;430;1105;1385;90;410;345;695;;;;;1745;1075;330;345;1,7;5003;1566;;224;;284;45;31;14;0;0;55;3;26;74;69;5;93;7;;;;;;;;;;;;;;;;;;;;;;;;;;;;;;;;;;;;;;;;;;;265;0;45;40;35;0;60;45;35;1200;1060;145;0,7;2055;95;1;0,9;0,5;0,5;9,9;60;58;1;"      5653";1;1;2685
"Blaarthem";"Eindhoven                               ";"Buurt     ";"BU07727220";"1";2505;1315;1190;320;335;875;615;360;1550;665;215;75;1145;360;1000;1150;80;340;285;660;;;;;1430;800;295;335;1,7;6930;1331;;169;;318;52;34;14;2;1;48;4;34;66;52;14;99;1;;;;;;;;;;;;;;;;;;;;;;;;;;;;;;;;;;;;;;;;;;;250;0;45;45;25;5;65;35;30;960;800;160;0,7;2652;75;0,6;0,5;0,6;0,6;11,7;36;36;0;"      5654";1;1;2839
"Rapelenburg";"Eindhoven                               ";"Buurt     ";"BU07727230";"1";1240;635;605;160;155;550;230;145;920;245;55;25;615;385;240;615;50;60;340;180;;;;;725;410;155;160;1,7;5556;665;;55;;331;48;28;15;3;2;52;4;40;60;10;50;57;43;;;;;;;;;;;;;;;;;;;;;;;;;;;;;;;;;;;;;;;;;;;160;0;10;35;15;5;45;20;25;410;330;80;0,6;1833;35;0,5;0,4;0,7;0,9;14,9;23;22;0;"      5654";1;1;2827
"Bennekel-Oost";"Eindhoven                               ";"Buurt     ";"BU07727240";"1";3315;1795;1520;395;505;1255;705;455;2075;835;300;115;1455;705;1155;1460;160;390;540;765;;;;;1880;1035;440;405;1,8;5866;1639;;93;;324;63;47;15;1;0;37;3;39;61;51;10;99;1;;;;;;;;;;;;;;;;;;;;;;;;;;;;;;;;;;;;;;;;;;;345;0;70;55;45;0;80;55;40;1270;1060;215;0,7;2248;110;0,4;0,4;0,5;0,5;12;59;57;2;"      5654";1;2;2288
"Bennekel-West, Gagelbosch";"Eindhoven                               ";"Buurt     ";"BU07727250";"1";3375;1690;1680;375;390;930;805;870;1660;1080;360;275;1725;540;1110;1725;170;420;370;690;;;;;1775;885;450;445;1,8;5627;1745;;103;;337;63;47;15;1;0;37;4;32;68;48;20;89;11;;;;;;;;;;;;;;;;;;;;;;;;;;;;;;;;;;;;;;;;;;;280;0;55;40;25;5;60;65;35;1400;1195;205;0,8;2331;115;0,5;0,9;0,6;0,6;8,5;61;60;1;"      5654";1;2;2426
"Gennep";"Eindhoven                               ";"Buurt     ";"BU07727260";"1";40;20;20;5;5;20;5;5;30;10;0;0;35;5;10;30;0;5;0;5;;;;;10;5;0;10;2,5;25;12;;20;;;;;;;;;;;;;;;;;;;;;;;;;;;;;;;;;;;;;;;;;;;;;;;;;;;;;;;;;;15;;;;;;;;;10;5;5;;;0;1,2;1,3;1,4;1,5;9,4;172;169;3;"      5644";2;3;1277
"Beemden";"Eindhoven                               ";"Buurt     ";"BU07727270";"1";0;0;0;0;0;0;0;0;0;0;0;0;0;0;0;0;0;0;0;0;;;;;0;0;0;0;;;0;;50;;;;;;;;;;;;;;;;;;;;;;;;;;;;;;;;;;;;;;;;;;;;;;;;;;;;;;;;;;280;0;35;30;75;10;115;5;10;50;15;35;;;0;;;;;;171;158;13;"      5656";1;4;655
"Gestelse Ontginning";"Eindhoven                               ";"Wijk      ";"WK077273  ";"1";8115;4110;4005;1190;920;2040;2095;1870;3730;3370;645;360;4700;1110;2300;4700;420;810;695;1490;;;;;3770;1400;1110;1265;2,1;3311;3694;;418;;416;81;56;21;1;4;19;3;62;38;33;5;100;0;;;;;;;;;;;;;;;;;;;;;;;;;;;;;;;;;;;;;;;;;;;835;5;120;125;95;50;220;155;70;3970;3090;880;1,1;1620;220;1;0,8;0,5;0,5;8,7;257;245;12;"         .";;2;1665
"Genderbeemd";"Eindhoven                               ";"Buurt     ";"BU07727310";"1";3565;1870;1695;535;355;1060;840;780;1695;1500;230;145;2085;540;935;2090;185;280;360;655;;;;;1685;645;515;525;2,1;3602;1654;;221;;401;74;52;20;1;2;26;4;69;31;27;4;99;1;;;;;;;;;;;;;;;;;;;;;;;;;;;;;;;;;;;;;;;;;;;460;5;60;65;55;35;130;70;35;1730;1315;420;1;1750;115;1,2;0,8;0,6;0,5;9,3;100;99;1;"      5653";1;2;1819
"Hanevoet";"Eindhoven                               ";"Buurt     ";"BU07727320";"1";3665;1795;1870;535;455;855;1005;820;1725;1405;375;160;2030;475;1170;2030;185;445;285;725;;;;;1725;665;455;600;2,1;5522;1674;;174;;380;85;63;22;0;0;15;2;48;52;46;6;100;0;;;;;;;;;;;;;;;;;;;;;;;;;;;;;;;;;;;;;;;;;;;290;0;45;50;25;5;65;70;30;1750;1455;295;1;2631;75;0,7;0,6;0,4;0,4;8,4;73;66;7;"      5655";2;2;1621
"Ooievaarsnest";"Eindhoven                               ";"Buurt     ";"BU07727330";"1";880;445;435;125;110;125;245;275;315;465;40;60;585;100;195;585;50;85;50;110;;;;;365;90;140;135;2,4;1105;366;;23;;652;99;40;22;5;33;1;2;97;3;0;3;100;0;;;;;;;;;;;;;;;;;;;;;;;;;;;;;;;;;;;;;;;;;;;85;0;10;10;10;5;25;15;5;490;325;165;1,3;616;30;1,2;1,1;0,6;0,6;8;84;80;4;"      5655";1;3;1129
"Groningen";"Groningen                               ";"Gemeente  ";"GM0014    ";"1";244441;121379;123062;27949;53808;74904;49699;38081;164146;56038;16355;7902;172262;27689;44490;172262;7044;17258;20645;27232;;;;;145521;88313;31187;26021;1,7;1318;125028;;15192;;313;39;21;7;5;5;61;5;41;59;31;28;90;10;;;;;;;;;;;;;;;;;;;;;;;;;;;;;;;;;;;;;;;;;;;31695;215;2770;5045;2805;1280;8565;6315;4705;102540;72635;29905;0,7;553;6535;0,9;0,8;0,6;0,8;8,9;19796;18553;1244;"         .";;1;3487
"Centrum";"Groningen                               ";"Wijk      ";"WK001400  ";"1";24980;12790;12185;615;11085;8320;2735;2230;21285;2255;1110;330;15620;5035;4330;15620;710;1350;4325;2975;;;;;19875;16115;3050;715;1,2;10933;13990;;2287;;282;12;10;1;0;0;88;9;15;84;25;60;93;7;;;;;;;;;;;;;;;;;;;;;;;;;;;;;;;;;;;;;;;;;;;5205;10;255;1325;430;225;1215;690;1055;4130;3080;1050;0,2;1807;395;0,4;0,4;0,5;0,8;14,1;241;228;13;"         .";;1;6823
"Binnenstad-Noord";"Groningen                               ";"Buurt     ";"BU00140000";"1";4765;2495;2270;60;2300;1595;475;340;4190;345;190;40;3185;850;735;3185;145;235;700;495;;;;;3885;3200;595;90;1,2;12845;2576;;583;;298;11;10;1;0;0;89;11;13;87;18;69;95;5;;;;;;;;;;;;;;;;;;;;;;;;;;;;;;;;;;;;;;;;;;;1110;5;55;350;85;45;240;135;190;715;485;230;0,2;1930;70;0,4;0,3;0,6;0,5;15,1;39;37;2;"      9712";1;1;7062
"Binnenstad-Zuid";"Groningen                               ";"Buurt     ";"BU00140001";"1";7085;3645;3440;110;3500;2310;635;535;6230;505;285;65;4430;1415;1240;4425;190;395;1225;845;;;;;5805;4795;875;135;1,2;12855;4090;;919;;275;8;6;1;0;0;92;10;12;87;24;63;97;3;;;;;;;;;;;;;;;;;;;;;;;;;;;;;;;;;;;;;;;;;;;1905;0;75;565;140;95;395;190;445;970;725;250;0,2;1764;95;0,3;0,3;0,5;0,9;13,3;59;55;4;"      9711";1;1;6765
"Binnenstad-Oost";"Groningen                               ";"Buurt     ";"BU00140002";"1";4370;2245;2125;115;1755;1645;465;390;3775;350;195;50;2685;735;955;2685;115;245;615;710;;;;;3480;2795;560;125;1,3;16293;2771;;212;;253;13;11;2;0;0;87;6;12;88;31;57;88;12;;;;;;;;;;;;;;;;;;;;;;;;;;;;;;;;;;;;;;;;;;;685;0;40;140;65;15;170;120;135;755;595;165;0,2;2823;60;0,5;0,5;0,4;0,8;13,7;29;27;2;"      9711";3;1;6400
"Binnenstad-West";"Groningen                               ";"Buurt     ";"BU00140003";"1";1705;895;810;30;705;660;155;160;1470;150;55;35;1190;290;235;1185;40;95;250;135;;;;;1410;1155;215;35;1,2;17475;1069;;111;;286;11;9;1;0;0;89;10;13;87;16;70;98;2;;;;;;;;;;;;;;;;;;;;;;;;;;;;;;;;;;;;;;;;;;;310;0;10;70;30;15;90;35;55;340;265;75;0,2;3472;35;0,6;0,3;0,6;1;12,8;11;10;1;"      9718";1;1;6791
"Noorderplantsoen";"Groningen                               ";"Buurt     ";"BU00140004";"1";10;5;0;0;0;0;5;0;10;5;0;0;10;5;0;5;0;0;0;0;;;;;5;0;5;0;2;52;0;;2;;;;;;;;;;;;;;;;;;;;;;;;;;;;;;;;;;;;;;;;;;;;;;;;;;;;;;;;;;0;;;;;;;;;0;0;0;;;0;0,5;0,5;0,3;0,4;15;20;19;0;"      9717";2;1;6629
"Hortusbuurt-Ebbingekwartier";"Groningen                               ";"Buurt     ";"BU00140005";"1";6515;3250;3260;230;2715;1965;885;720;5315;735;340;120;4005;1355;1155;4005;205;380;1150;775;;;;;4935;3935;750;250;1,3;14976;3391;;388;;291;19;16;2;0;0;81;8;24;76;28;47;87;13;;;;;;;;;;;;;;;;;;;;;;;;;;;;;;;;;;;;;;;;;;;1070;0;60;170;95;50;305;175;215;1235;945;290;0,3;2837;130;0,4;0,4;0,4;0,6;14,9;45;43;1;"      9712";2;1;7065
"UMCG";"Groningen                               ";"Buurt     ";"BU00140007";"1";0;0;0;0;0;0;0;0;5;0;0;0;0;0;0;0;0;0;0;0;;;;;5;0;0;0;1;;1;;26;;;;;;;;;;;;;;;;;;;;;;;;;;;;;;;;;;;;;;;;;;;;;;;;;;;;;;;;;;40;0;0;15;0;0;5;15;5;0;0;0;;;0;;;;;;24;24;0;"      9713";1;1;6742
"Stationsgebied";"Groningen                               ";"Buurt     ";"BU00140008";"1";530;255;275;70;105;140;120;90;290;175;45;20;120;395;20;120;10;5;390;10;;;;;350;230;50;70;1,5;4149;92;;46;;553;5;3;0;1;1;95;10;60;40;0;40;100;0;;;;;;;;;;;;;;;;;;;;;;;;;;;;;;;;;;;;;;;;;;;85;0;15;10;15;5;15;15;10;110;65;45;0,3;866;5;0,5;0,7;0,7;1;13,4;15;13;2;"      9726";1;1;6190
"Oud-Zuid";"Groningen                               ";"Wijk      ";"WK001401  ";"1";21995;10830;11170;1115;7290;8415;2975;2195;18100;2485;1075;330;15130;3345;3525;15125;600;1200;2750;2325;;;;;15915;11590;3155;1170;1,4;5411;12119;;1104;;279;16;12;2;1;0;84;5;32;68;25;43;92;8;;;;;;;;;;;;;;;;;;;;;;;;;;;;;;;;;;;;;;;;;;;2980;5;190;370;310;130;895;610;470;5955;4750;1205;0,4;1465;500;0,6;0,6;0,5;0,6;11,1;424;406;18;"         .";;1;4336
"De Meeuwen";"Groningen                               ";"Buurt     ";"BU00140100";"1";1930;920;1015;170;650;530;300;275;1395;405;90;40;1025;530;380;1020;35;75;495;305;;;;;1345;980;205;165;1,4;8835;652;;44;;404;47;39;8;0;0;53;5;58;42;13;29;86;14;;;;;;;;;;;;;;;;;;;;;;;;;;;;;;;;;;;;;;;;;;;250;0;15;15;30;30;95;45;20;610;440;170;0,5;2791;25;0,6;0,9;0,9;0,8;8,8;23;22;1;"      9723";1;1;4316
"Oosterpoort";"Groningen                               ";"Buurt     ";"BU00140101";"1";5020;2490;2535;215;1590;1795;815;595;4130;515;290;90;3615;695;710;3615;140;270;555;440;;;;;3715;2715;740;265;1,4;12663;2966;;157;;273;32;26;4;1;1;68;6;29;71;25;46;100;0;;;;;;;;;;;;;;;;;;;;;;;;;;;;;;;;;;;;;;;;;;;740;0;50;90;70;30;210;140;155;1305;1060;245;0,4;3297;115;0,6;0,5;0,5;0,5;10,2;42;40;2;"      9724";1;1;4541
"Herewegbuurt";"Groningen                               ";"Buurt     ";"BU00140102";"1";1615;775;835;85;520;635;230;140;1315;210;75;20;1165;230;215;1170;50;60;180;155;;;;;1155;825;245;80;1,4;9910;856;;32;;330;27;23;3;1;0;73;5;39;61;6;55;99;1;;;;;;;;;;;;;;;;;;;;;;;;;;;;;;;;;;;;;;;;;;;245;0;10;30;20;10;75;65;35;465;345;115;0,4;2845;25;0,7;0,7;0,4;0,8;11,6;16;16;0;"      9725";1;1;4550
"Rivierenbuurt";"Groningen                               ";"Buurt     ";"BU00140103";"1";4615;2270;2345;225;1390;1750;630;620;3735;535;240;105;3310;605;700;3310;135;280;470;420;;;;;3370;2445;700;225;1,4;8342;2713;;184;;272;3;2;1;1;0;97;5;27;72;34;39;98;2;;;;;;;;;;;;;;;;;;;;;;;;;;;;;;;;;;;;;;;;;;;555;0;30;75;55;20;145;140;90;1250;1025;220;0,4;2256;100;0,3;0,4;0,4;0,4;13,3;56;55;1;"      9725";1;1;4447
"Grunobuurt";"Groningen                               ";"Buurt     ";"BU00140104";"1";2710;1325;1390;240;660;1205;400;215;2225;280;170;35;1930;285;495;1930;90;220;200;275;;;;;1925;1350;350;225;1,4;12419;1597;;129;;285;2;1;0;0;0;98;3;28;72;46;26;66;34;;;;;;;;;;;;;;;;;;;;;;;;;;;;;;;;;;;;;;;;;;;285;0;25;35;20;10;75;60;60;785;655;135;0,4;3601;70;0,6;0,4;0,3;0,3;11,4;23;22;1;"      9727";1;1;3984
"Badstratenbuurt";"Groningen                               ";"Buurt     ";"BU00140105";"1";915;475;440;20;305;405;110;80;800;65;45;10;630;140;140;635;30;55;115;85;;;;;735;585;130;25;1,2;15222;578;;23;;239;24;19;3;2;1;76;8;21;79;27;51;98;2;;;;;;;;;;;;;;;;;;;;;;;;;;;;;;;;;;;;;;;;;;;120;0;10;20;15;0;30;35;15;185;150;30;0,2;3044;35;0,7;0,3;0,4;0,9;12,2;7;6;1;"      9726";1;1;5899
"Zeeheldenbuurt";"Groningen                               ";"Buurt     ";"BU00140106";"1";3570;1710;1855;105;1535;1480;290;160;3150;305;95;20;2390;585;600;2390;90;165;490;425;;;;;2735;2065;550;120;1,3;10690;2062;;187;;246;3;3;1;0;0;97;5;27;73;16;57;90;10;;;;;;;;;;;;;;;;;;;;;;;;;;;;;;;;;;;;;;;;;;;325;0;20;45;35;5;120;50;45;820;670;150;0,3;2461;80;1;0,6;0,6;1,2;10,6;35;33;1;"      9726";1;1;4217
"Laanhuizen";"Groningen                               ";"Buurt     ";"BU00140107";"1";1300;665;640;60;430;530;185;100;1070;150;55;15;1030;125;145;1030;30;60;95;85;;;;;900;600;230;70;1,4;6327;686;;118;;273;13;7;4;1;0;87;3;55;45;3;42;100;0;;;;;;;;;;;;;;;;;;;;;;;;;;;;;;;;;;;;;;;;;;;140;0;10;10;10;0;45;40;25;395;330;60;0,4;1910;45;0,9;0,8;0,3;0,6;10,8;21;21;0;"      9727";1;1;3727
"Stadspark";"Groningen                               ";"Buurt     ";"BU00140108";"1";20;15;5;0;0;10;10;5;10;5;5;0;10;0;5;10;5;0;5;10;;;;;15;15;5;0;1,3;15;1;;26;;;;;;;;;;;;;;;;;;;;;;;;;;;;;;;;;;;;;;;;;;;;;;;;;;;;;;;;;;20;;;;;;;;;5;5;0;;;0;1,5;1,7;1,5;1,5;5;139;129;10;"      9727";1;2;1888
"Martini Trade Park";"Groningen                               ";"Buurt     ";"BU00140109";"1";5;5;0;0;0;0;0;0;0;0;0;0;0;0;0;0;0;0;0;0;;;;;0;0;0;0;;;0;;42;;;;;;;;;;;;;;;;;;;;;;;;;;;;;;;;;;;;;;;;;;;;;;;;;;;;;;;;;;175;0;5;15;20;15;80;25;15;65;45;25;;;0;;;;;;25;25;0;"      9727";1;1;2924
"Peizerweg";"Groningen                               ";"Buurt     ";"BU00140110";"1";295;190;105;0;200;85;5;5;275;15;5;0;20;150;125;25;0;0;150;125;;;;;20;15;5;0;1,3;800;8;;162;;;;;;;;;;;;;;;;;;;;;;;;;;;;;;;;;;;;;;;;;;;;;;;;;;;;;;;;;;120;0;15;35;25;5;20;10;10;70;20;50;;;5;1,9;1,3;1,5;1,7;7,9;37;37;0;"      9727";5;4;961
"Oud-West";"Groningen                               ";"Wijk      ";"WK001402  ";"1";14525;7060;7470;820;4940;4705;2355;1710;11625;1930;730;240;10280;2180;2070;10280;445;765;1735;1300;;;;;10365;7475;2005;885;1,4;12918;7810;;584;;309;25;20;3;1;0;75;5;37;63;22;41;97;3;;;;;;;;;;;;;;;;;;;;;;;;;;;;;;;;;;;;;;;;;;;1860;0;100;255;155;80;565;385;325;3720;2930;790;0,4;3309;300;0,7;0,4;0,5;0,7;13,8;118;112;6;"         .";;1;5685
"Oranjebuurt";"Groningen                               ";"Buurt     ";"BU00140200";"1";2600;1240;1360;210;645;755;550;445;1875;455;200;65;1920;320;355;1920;75;120;245;235;;;;;1690;1090;365;235;1,5;9933;1382;;145;;342;22;17;3;2;0;78;5;43;57;31;25;100;0;;;;;;;;;;;;;;;;;;;;;;;;;;;;;;;;;;;;;;;;;;;310;0;15;25;20;20;100;65;60;795;605;185;0,5;3031;50;1;0,4;0,7;0,5;13,3;27;26;1;"      9717";1;1;5742
"Noorderplantsoenbuurt";"Groningen                               ";"Buurt     ";"BU00140201";"1";3900;1870;2030;220;1205;1380;685;410;3225;470;180;20;2675;690;535;2675;130;195;560;335;;;;;2770;1990;535;245;1,4;15599;2321;;119;;279;35;30;4;1;0;65;5;41;59;14;45;99;1;;;;;;;;;;;;;;;;;;;;;;;;;;;;;;;;;;;;;;;;;;;485;0;35;60;45;5;145;95;95;990;790;200;0,4;3957;105;0,9;0,4;0,8;0,7;14;25;25;0;"      9717";1;1;6508
"Schildersbuurt";"Groningen                               ";"Buurt     ";"BU00140202";"1";5670;2735;2935;205;2515;1645;705;595;4655;700;220;90;4010;930;730;4010;175;265;755;460;;;;;4265;3265;765;230;1,3;15527;2704;;158;;338;25;20;4;0;0;75;6;36;63;10;53;99;1;;;;;;;;;;;;;;;;;;;;;;;;;;;;;;;;;;;;;;;;;;;770;0;30;120;65;50;240;135;125;1245;950;290;0,3;3409;105;0,5;0,5;0,3;0,8;13,9;39;36;3;"      9718";1;1;5858
"Kostverloren";"Groningen                               ";"Buurt     ";"BU00140203";"1";2365;1215;1145;180;575;935;410;260;1875;295;130;55;1670;235;455;1670;60;185;180;270;;;;;1640;1125;340;170;1,4;9526;1403;;162;;269;11;9;2;0;0;89;3;26;74;49;26;88;12;;;;;;;;;;;;;;;;;;;;;;;;;;;;;;;;;;;;;;;;;;;300;0;15;50;20;5;75;90;45;695;585;110;0,4;2803;45;0,6;0,3;0,4;0,5;13,5;26;25;2;"      9718";1;1;4048
"Oud-Noord";"Groningen                               ";"Wijk      ";"WK001403  ";"1";19060;9420;9635;1780;5475;7325;3035;1450;15480;2175;1140;265;12190;2260;4600;12190;520;1750;1745;2855;;;;;13115;9290;2230;1595;1,5;10726;10853;;445;;249;14;12;2;0;0;86;4;19;81;51;30;91;9;;;;;;;;;;;;;;;;;;;;;;;;;;;;;;;;;;;;;;;;;;;1890;5;185;290;170;25;500;365;355;4760;3975;785;0,4;2679;375;0,6;0,5;0,5;0,8;11,5;186;178;9;"         .";;1;5319
"Indische buurt";"Groningen                               ";"Buurt     ";"BU00140301";"1";8525;4305;4220;805;2245;3215;1500;760;6795;975;610;135;5250;980;2295;5245;225;820;755;1470;;;;;5885;4205;940;735;1,4;12303;4901;;133;;238;11;10;2;0;0;89;3;16;84;61;24;98;2;;;;;;;;;;;;;;;;;;;;;;;;;;;;;;;;;;;;;;;;;;;815;0;85;130;70;5;205;150;165;2070;1740;330;0,4;2985;150;0,5;0,4;0,4;0,8;11,4;72;69;2;"      9715";1;1;5210
"Professorenbuurt";"Groningen                               ";"Buurt     ";"BU00140302";"1";6430;2995;3435;445;2475;2325;775;420;5435;695;230;70;4595;910;925;4595;190;365;720;555;;;;;4525;3245;880;410;1,4;12089;3349;;199;;276;13;11;2;0;0;87;5;31;69;20;49;88;12;;;;;;;;;;;;;;;;;;;;;;;;;;;;;;;;;;;;;;;;;;;650;0;45;80;55;15;200;140;115;1540;1265;275;0,3;2897;135;0,6;0,5;0,4;0,6;11,8;57;53;4;"      9714";1;1;5492
"De Hoogte";"Groningen                               ";"Buurt     ";"BU00140303";"3";4095;2115;1975;535;755;1770;760;275;3240;495;295;60;2335;375;1380;2335;105;560;270;825;;;;;2700;1840;410;450;1,5;11545;2596;;65;;237;22;18;2;1;0;78;4;10;90;73;17;83;17;;;;;;;;;;;;;;;;;;;;;;;;;;;;;;;;;;;;;;;;;;;380;0;45;70;45;0;90;70;65;1115;950;165;0,4;3138;85;0,8;0,7;0,7;1,1;11,3;35;35;0;"      9716";1;1;5349
"Bedrijventerrein De Hoogte";"Groningen                               ";"Buurt     ";"BU00140304";"3";10;10;5;0;0;10;5;0;5;5;5;0;5;0;0;10;0;0;0;0;;;;;10;5;5;0;1,2;56;7;;48;;;;;;;;;;;;;;;;;;;;;;;;;;;;;;;;;;;;;;;;;;;;;;;;;;;;;;;;;;40;0;10;10;0;0;5;0;10;40;25;15;;;0;1,1;1;0,9;1,1;11;22;20;2;"      9716";1;1;2735
"Oud-Oost";"Groningen                               ";"Wijk      ";"WK001404  ";"1";12915;6345;6570;1335;2565;5450;2400;1165;9960;1790;925;240;8710;1440;2770;8710;440;1025;1000;1740;;;;;8600;5730;1620;1245;1,5;8698;7812;;287;;265;21;17;3;1;0;79;4;26;74;47;27;87;13;;;;;;;;;;;;;;;;;;;;;;;;;;;;;;;;;;;;;;;;;;;1360;0;110;195;125;20;380;305;220;3685;3045;645;0,4;2483;300;0,6;0,5;0,4;0,6;10,4;165;149;16;"         .";;1;4454
"Gorechtbuurt";"Groningen                               ";"Buurt     ";"BU00140400";"1";4745;2280;2470;315;1390;1970;645;435;3870;540;265;75;3300;625;830;3295;160;315;465;510;;;;;3370;2375;685;310;1,4;12601;2831;;102;;259;10;9;1;0;0;90;5;28;72;30;42;95;5;;;;;;;;;;;;;;;;;;;;;;;;;;;;;;;;;;;;;;;;;;;490;0;40;70;50;5;135;125;65;1205;980;225;0,4;3200;105;0,4;0,3;0,4;0,6;11,9;38;38;1;"      9713";1;1;5521
"Vogelbuurt";"Groningen                               ";"Buurt     ";"BU00140401";"1";3145;1525;1620;435;420;1370;635;285;2300;535;235;70;1940;320;885;1935;110;300;205;585;;;;;1940;1225;350;370;1,6;8918;1907;;72;;284;16;14;3;0;0;84;5;15;85;61;25;59;41;;;;;;;;;;;;;;;;;;;;;;;;;;;;;;;;;;;;;;;;;;;335;0;25;40;40;5;95;65;60;900;730;170;0,5;2553;55;0,7;0,6;0,6;0,8;10,1;37;35;2;"      9713";1;1;4388
"Bloemenbuurt";"Groningen                               ";"Buurt     ";"BU00140402";"1";2765;1380;1380;345;360;1125;685;250;2110;340;270;45;1910;220;635;1910;90;250;125;390;;;;;1815;1160;320;330;1,5;11902;1755;;16;;248;41;31;6;3;0;59;3;23;77;66;11;100;0;;;;;;;;;;;;;;;;;;;;;;;;;;;;;;;;;;;;;;;;;;;270;0;25;35;15;0;75;60;55;840;720;115;0,5;3604;65;0,6;0,5;0,4;0,4;9,4;23;23;0;"      9713";1;1;3640
"Florabuurt";"Groningen                               ";"Buurt     ";"BU00140403";"1";1485;745;740;200;220;625;315;125;1045;290;110;35;1100;130;260;1095;50;110;80;150;;;;;880;510;190;185;1,7;5963;824;;49;;284;31;25;6;0;0;69;2;53;47;27;21;86;14;;;;;;;;;;;;;;;;;;;;;;;;;;;;;;;;;;;;;;;;;;;165;0;10;20;20;5;50;40;20;515;415;100;0,6;2063;50;1,2;1;0,5;0,7;7,9;29;25;4;"      9713";1;1;2879
"Damsterbuurt";"Groningen                               ";"Buurt     ";"BU00140404";"1";775;415;360;40;180;355;120;75;630;85;45;15;470;145;160;465;20;50;125;110;;;;;590;465;80;50;1,3;2818;495;;48;;;11;7;2;0;1;89;3;18;82;61;21;100;0;;;;;;;;;;;;;;;;;;;;;;;;;;;;;;;;;;;;;;;;;;;100;0;10;25;0;0;30;15;20;230;195;35;0,4;839;20;0,8;0,6;0,3;0,9;10,6;37;27;10;"      9713";1;1;4099
"Zuidoost";"Groningen                               ";"Wijk      ";"WK001405  ";"1";3715;2015;1695;405;485;1330;790;705;2235;1040;235;200;2480;365;870;2480;120;195;240;675;;;;;1945;1085;540;320;1,7;394;1851;;1993;;370;18;8;2;3;4;82;7;41;59;14;45;45;55;;;;;;;;;;;;;;;;;;;;;;;;;;;;;;;;;;;;;;;;;;;2075;5;295;505;205;160;575;190;145;4375;2225;2145;2,2;464;140;0,7;0,9;0,8;1,4;7,2;1001;942;59;"         .";;2;1759
"De Linie";"Groningen                               ";"Buurt     ";"BU00140500";"1";945;490;450;170;110;325;235;95;625;245;55;15;690;110;140;690;35;55;75;85;;;;;435;160;120;155;2,2;8730;431;;15;;435;36;13;3;12;9;64;3;71;29;8;20;81;19;;;;;;;;;;;;;;;;;;;;;;;;;;;;;;;;;;;;;;;;;;;150;0;5;5;15;10;60;40;15;360;235;120;0,8;3314;25;0,6;0,8;0,6;1,2;6,9;12;11;1;"      9723";1;1;3469
"Europapark";"Groningen                               ";"Buurt     ";"BU00140501";"1";1330;675;660;60;120;445;230;480;665;390;110;160;1040;115;180;1040;45;80;70;105;;;;;905;580;270;65;1,5;3029;974;;166;;318;5;2;1;0;1;95;9;24;76;15;61;22;78;;;;;;;;;;;;;;;;;;;;;;;;;;;;;;;;;;;;;;;;;;;290;0;10;25;40;40;100;45;30;620;420;200;0,7;1415;25;0,3;0,3;0,3;1,5;7,5;48;44;4;"      9723";1;2;2260
"Kop van Oost";"Groningen                               ";"Buurt     ";"BU00140503";"1";685;345;340;75;100;275;155;75;465;185;30;10;460;105;120;460;35;35;70;90;;;;;395;215;115;70;1,7;11792;398;;8;;417;23;17;6;0;0;77;7;49;50;18;33;56;44;;;;;;;;;;;;;;;;;;;;;;;;;;;;;;;;;;;;;;;;;;;105;0;5;15;5;15;40;15;10;275;180;95;0,7;4734;20;0,7;1,2;1;1,2;9,1;6;6;1;"      9723";1;1;4379
"Woonschepenhaven";"Groningen                               ";"Buurt     ";"BU00140504";"1";125;70;55;5;25;30;40;25;85;30;5;0;110;15;10;105;5;5;10;0;;;;;80;45;20;10;1,6;1894;0;;2;;;;;;;;;;;;;;;;;;;;;;;;;;;;;;;;;;;;;;;;;;;;;;;;;;;;;;;;;;10;;;;;;;;;55;45;15;0,7;829;10;2,2;2,1;1,8;1,7;3;12;7;5;"      9723";1;3;1030
"Driebond";"Groningen                               ";"Buurt     ";"BU00140505";"1";80;60;20;5;15;40;15;5;60;20;5;0;25;0;50;25;0;5;5;50;;;;;15;15;0;0;1,1;89;4;;191;;;;;;;;;;;;;;;;;;;;;;;;;;;;;;;;;;;;;;;;;;;;;;;;;;;;;;;;;;265;0;35;110;20;10;70;10;10;1610;645;965;;;10;2,3;2,1;1,8;1,8;2,9;96;91;4;"      9723";1;5;422
"Eemspoort";"Groningen                               ";"Buurt     ";"BU00140506";"1";30;15;15;5;0;0;15;5;10;10;5;0;25;0;5;30;0;0;0;5;;;;;15;0;5;5;2,4;27;12;;987;;;;;;;;;;;;;;;;;;;;;;;;;;;;;;;;;;;;;;;;;;;;;;;;;;;;;;;;;;650;0;115;170;75;35;195;35;25;850;460;390;;;20;3;2,9;2,7;2,4;1;108;108;0;"      9723";1;5;321
"Euvelgunne";"Groningen                               ";"Buurt     ";"BU00140507";"1";50;30;20;5;5;15;20;5;30;15;5;5;45;5;5;45;0;5;5;0;;;;;25;10;5;5;2,3;53;6;;230;;;;;;;;;;;;;;;;;;;;;;;;;;;;;;;;;;;;;;;;;;;;;;;;;;;;;;;;;;185;5;40;60;15;10;35;10;20;265;95;170;;;10;2,6;2,2;2,3;2,5;0,9;101;98;3;"      9723";1;5;365
"Winschoterdiep";"Groningen                               ";"Buurt     ";"BU00140508";"1";135;110;25;5;30;65;35;5;85;45;5;0;35;5;95;35;0;5;0;95;;;;;35;30;0;5;1,3;107;8;;143;;;;;;;;;;;;;;;;;;;;;;;;;;;;;;;;;;;;;;;;;;;;;;;;;;;;;;;;;;190;0;50;55;5;15;35;10;15;230;95;135;;;10;1,5;1,7;1,5;2,5;3,9;141;130;11;"      9723";1;4;898
"Stainkoel'n";"Groningen                               ";"Buurt     ";"BU00140509";"1";0;0;0;0;0;0;0;0;0;0;0;0;0;0;0;0;0;0;0;0;;;;;0;0;0;0;;;0;;4;;;;;;;;;;;;;;;;;;;;;;;;;;;;;;;;;;;;;;;;;;;;;;;;;;;;;;;;;;0;;;;;;;;;0;0;0;;;0;;;;;;91;87;4;"      9723";1;5;120
"Roodehaan";"Groningen                               ";"Buurt     ";"BU00140510";"1";25;15;15;5;0;10;5;5;15;10;0;5;25;5;5;20;0;0;0;0;;;;;15;10;0;0;1,7;14;9;;6;;;;;;;;;;;;;;;;;;;;;;;;;;;;;;;;;;;;;;;;;;;;;;;;;;;;;;;;;;5;;;;;;;;;0;0;0;;;0;3,8;4;3,8;4;0;195;191;4;"      9723";1;5;45
"Waterhuizen";"Groningen                               ";"Buurt     ";"BU00140511";"1";5;5;5;5;0;5;5;0;5;5;0;0;5;0;0;10;0;0;0;0;;;;;0;0;0;5;6;;1;;2;;;;;;;;;;;;;;;;;;;;;;;;;;;;;;;;;;;;;;;;;;;;;;;;;;;;;;;;;;0;;;;;;;;;5;5;0;;;0;;;;;;48;45;3;"      9723";1;5;8
"Eemskanaal-Noord";"Groningen                               ";"Buurt     ";"BU00140512";"3";275;190;85;55;70;120;30;5;185;85;10;0;5;5;260;5;0;15;5;250;;;;;20;15;5;0;1,1;433;6;;97;;;;;;;;;;;;;;;;;;;;;;;;;;;;;;;;;;;;;;;;;;;;;;;;;;;;;;;;;;140;0;15;35;10;20;30;15;15;40;20;20;;;0;0,7;1,1;0,9;1,1;9,8;76;64;12;"      9723";1;2;2097
"Eemskanaal-Zuid";"Groningen                               ";"Buurt     ";"BU00140513";"3";20;10;5;5;5;5;0;5;15;5;0;0;15;0;0;15;0;5;0;0;;;;;10;5;0;5;2,3;29;2;;142;;;;;;;;;;;;;;;;;;;;;;;;;;;;;;;;;;;;;;;;;;;;;;;;;;;;;;;;;;90;0;5;30;20;5;10;10;10;65;30;35;;;5;1,7;1,1;1,3;2,2;2,3;68;62;6;"      9723";1;4;713
"Midden-Zuid";"Groningen                               ";"Wijk      ";"WK001406  ";"1";19755;9775;9980;2555;2785;6080;4505;3835;12385;5130;1475;765;14545;1980;3235;14540;670;1385;1305;1850;;;;;10960;6040;2650;2270;1,8;4552;10543;;1840;;345;32;18;7;3;5;68;5;56;44;21;24;93;7;;;;;;;;;;;;;;;;;;;;;;;;;;;;;;;;;;;;;;;;;;;2360;5;155;235;210;115;715;595;330;7595;5780;1815;0,7;1750;460;1,2;0,7;0,4;0,9;8;439;434;5;"         .";;1;2947
"Sterrebosbuurt";"Groningen                               ";"Buurt     ";"BU00140600";"1";965;610;355;120;90;335;275;150;615;265;70;15;670;95;200;675;30;85;65;120;;;;;335;110;125;95;2,2;1614;339;;67;;477;46;24;11;4;7;54;4;72;27;0;27;40;60;;;;;;;;;;;;;;;;;;;;;;;;;;;;;;;;;;;;;;;;;;;140;0;0;5;20;5;50;35;20;335;200;135;1;558;10;1,3;1,2;0,4;1,4;8,9;62;60;2;"      9721";6;1;3837
"Coendersborg";"Groningen                               ";"Buurt     ";"BU00140601";"1";3160;1510;1650;410;395;825;700;820;1750;935;260;210;2445;280;430;2445;100;170;180;265;;;;;1625;855;390;375;1,8;4349;1701;;628;;313;37;23;9;2;2;63;5;60;40;13;27;95;5;;;;;;;;;;;;;;;;;;;;;;;;;;;;;;;;;;;;;;;;;;;290;0;20;30;20;10;95;85;30;1200;940;260;0,7;1649;80;1,5;0,5;0,6;1,1;6,7;74;73;2;"      9722";1;2;2240
"Klein Martijn";"Groningen                               ";"Buurt     ";"BU00140602";"1";595;295;295;55;50;50;185;255;225;300;35;35;510;40;45;510;25;15;15;25;;;;;285;75;135;75;2,1;2244;291;;35;;599;79;29;8;14;27;21;4;89;11;0;11;100;0;;;;;;;;;;;;;;;;;;;;;;;;;;;;;;;;;;;;;;;;;;;75;0;0;5;5;10;25;20;10;330;215;115;1,2;1239;15;1,8;0,7;1,1;1,5;4,7;26;26;0;"      9722";1;2;1513
"Villabuurt";"Groningen                               ";"Buurt     ";"BU00140603";"1";970;470;500;170;80;110;250;355;395;450;55;70;785;90;95;790;40;45;50;50;;;;;430;140;175;120;2,2;1491;440;;82;;813;72;3;3;12;54;28;5;95;5;0;5;99;1;;;;;;;;;;;;;;;;;;;;;;;;;;;;;;;;;;;;;;;;;;;190;0;5;5;10;30;75;50;10;585;385;205;1,4;902;25;1,8;1,1;0,6;1,1;7;65;65;0;"      9722";5;2;2159
"Helpman";"Groningen                               ";"Buurt     ";"BU00140604";"1";6145;3010;3135;565;1180;2370;1215;815;4495;1060;460;135;4610;735;805;4610;205;340;530;465;;;;;4020;2645;820;555;1,5;10478;3494;;541;;304;16;12;3;1;0;84;5;51;49;21;29;94;6;;;;;;;;;;;;;;;;;;;;;;;;;;;;;;;;;;;;;;;;;;;895;5;55;110;70;35;260;200;160;2165;1740;425;0,5;3692;170;0,9;0,7;0,3;0,9;9;59;59;1;"      9722";5;1;3359
"De Wijert";"Groningen                               ";"Buurt     ";"BU00140605";"1";4545;2235;2310;565;700;1705;945;635;3190;830;365;160;2850;470;1230;2850;150;515;315;715;;;;;2790;1700;575;515;1,6;7721;2754;;288;;238;16;11;5;0;0;84;6;32;68;40;27;98;2;;;;;;;;;;;;;;;;;;;;;;;;;;;;;;;;;;;;;;;;;;;410;0;55;60;50;5;80;95;60;1520;1270;245;0,5;2578;95;0,9;0,4;0,3;0,7;8,3;60;59;1;"      9721";1;1;3531
"De Wijert-Zuid";"Groningen                               ";"Buurt     ";"BU00140606";"1";3370;1640;1730;675;285;680;920;805;1710;1290;235;140;2670;270;430;2675;120;210;150;220;;;;;1485;515;430;535;2,3;3647;1524;;199;;453;69;39;15;8;7;31;4;85;15;7;8;90;10;;;;;;;;;;;;;;;;;;;;;;;;;;;;;;;;;;;;;;;;;;;370;0;20;20;30;25;130;105;40;1460;1030;430;1;1581;70;1,4;1,2;0,5;0,5;7,5;92;92;0;"      9721";1;2;2202
"Zuidwest";"Groningen                               ";"Wijk      ";"WK001407  ";"1";10740;5270;5470;1170;1290;2900;2695;2680;6255;2925;970;580;8285;835;1615;8280;350;720;485;895;;;;;6000;3245;1555;1200;1,7;2833;6120;;627;;334;33;17;6;4;6;67;4;42;57;39;19;99;1;;;;;;;;;;;;;;;;;;;;;;;;;;;;;;;;;;;;;;;;;;;1480;0;80;150;140;65;455;395;200;4585;3615;970;0,8;1210;285;0,8;0,7;0,6;1;7,9;435;379;56;"         .";;2;2202
"Corpus den Hoorn";"Groningen                               ";"Buurt     ";"BU00140700";"1";4450;2180;2270;425;600;1575;935;915;2915;890;415;230;3155;370;920;3160;135;380;235;545;;;;;2780;1740;610;430;1,6;4075;2840;;404;;249;17;12;4;1;0;83;5;31;69;52;17;98;2;;;;;;;;;;;;;;;;;;;;;;;;;;;;;;;;;;;;;;;;;;;505;0;30;70;45;5;115;145;90;1580;1350;230;0,6;1446;115;0,7;0,7;0,5;0,5;8,9;114;109;4;"      9728";1;1;2791
"Hoornse Meer";"Groningen                               ";"Buurt     ";"BU00140701";"1";4290;2070;2220;390;470;1030;1110;1280;2365;1175;455;295;3450;325;520;3450;140;245;185;280;;;;;2455;1365;630;460;1,7;4387;2507;;79;;322;35;23;7;2;2;65;3;41;59;36;23;100;0;;;;;;;;;;;;;;;;;;;;;;;;;;;;;;;;;;;;;;;;;;;490;0;25;40;45;15;155;125;80;1850;1470;385;0,8;1894;115;0,7;0,5;0,6;1,4;8,2;120;98;22;"      9728";1;2;1976
"Hoornse Park";"Groningen                               ";"Buurt     ";"BU00140702";"1";730;360;365;130;55;115;190;235;340;335;30;25;605;65;60;605;35;35;30;20;;;;;295;45;145;100;2,5;2181;297;;2;;647;89;16;9;13;50;11;4;88;12;0;12;100;0;;;;;;;;;;;;;;;;;;;;;;;;;;;;;;;;;;;;;;;;;;;95;0;0;5;10;10;40;25;5;370;245;125;1,3;1110;20;1,4;0,7;0,6;1,5;6,8;33;33;0;"      9728";1;4;992
"Van Swieten";"Groningen                               ";"Buurt     ";"BU00140703";"1";45;45;0;0;10;25;10;0;40;0;5;0;30;5;20;30;0;5;5;10;;;;;0;0;0;0;1;127;36;;49;;36;0;0;0;0;0;100;22;0;100;0;100;100;0;;;;;;;;;;;;;;;;;;;;;;;;;;;;;;;;;;;;;;;;;;;215;0;20;25;25;15;65;55;15;185;155;30;;;0;0,9;0,6;0,4;0,9;7,9;37;37;0;"      9728";1;3;1387
"Piccardthof";"Groningen                               ";"Buurt     ";"BU00140704";"1";1170;580;590;215;145;135;425;240;560;520;50;35;1000;75;90;1005;45;50;35;40;;;;;435;60;170;200;2,7;1312;438;;5;;757;88;13;3;35;37;12;2;99;1;0;1;97;3;;;;;;;;;;;;;;;;;;;;;;;;;;;;;;;;;;;;;;;;;;;170;0;0;10;15;15;75;40;10;575;375;195;1,3;643;35;1,1;1,9;1,1;1,1;4,1;118;89;29;"      9728";1;4;548
"Bruilweering";"Groningen                               ";"Buurt     ";"BU00140705";"1";55;35;25;5;0;10;25;10;35;10;10;0;40;10;5;40;5;5;5;0;;;;;35;25;5;10;1,5;442;2;;88;;;;;;;;;;;;;;;;;;;;;;;;;;;;;;;;;;;;;;;;;;;;;;;;;;;;;;;;;;10;;;;;;;;;30;25;5;;;0;2,2;2,5;1,7;2,2;3;13;13;0;"      9728";1;5;377
"Hoogkerk e.o.";"Groningen                               ";"Wijk      ";"WK001408  ";"3";11405;5685;5720;1915;1490;2550;3430;2025;6015;4200;695;505;9555;475;1380;9560;245;690;225;685;;;;;4945;1585;1420;1935;2,3;914;4800;;720;;358;88;41;17;18;12;12;2;68;32;27;5;100;0;;;;;;;;;;;;;;;;;;;;;;;;;;;;;;;;;;;;;;;;;;;1175;10;160;175;145;55;285;215;135;5130;4020;1115;1;411;390;1,2;1,2;0,7;1;3,8;1321;1248;73;"         .";;4;718
"Hoogkerk Dorp";"Groningen                               ";"Buurt     ";"BU00140800";"3";1730;870;855;225;220;440;485;360;930;585;125;85;1415;80;235;1410;40;100;40;135;;;;;895;400;250;250;1,9;1325;849;;263;;277;84;23;15;25;20;16;4;45;55;44;11;100;0;;;;;;;;;;;;;;;;;;;;;;;;;;;;;;;;;;;;;;;;;;;205;0;35;55;10;10;40;25;25;800;665;135;0,9;612;65;1,4;0,5;1;0,9;6,7;139;130;8;"      9745";1;4;712
"Hoogkerk-Zuid";"Groningen                               ";"Buurt     ";"BU00140801";"1";5195;2555;2645;865;575;1305;1320;1130;2585;1915;365;325;4325;205;670;4325;100;370;110;305;;;;;2420;905;675;840;2,1;2368;2430;;330;;294;83;51;20;8;4;17;2;64;36;31;5;100;0;;;;;;;;;;;;;;;;;;;;;;;;;;;;;;;;;;;;;;;;;;;375;0;65;55;50;10;60;90;50;2300;1905;390;0,9;1047;160;0,6;0,6;0,6;0,4;3,2;250;220;30;"      9744";1;4;891
"Westpoort";"Groningen                               ";"Buurt     ";"BU00140802";"3";10;5;5;0;5;0;5;0;5;0;0;0;5;0;0;5;5;0;0;0;;;;;5;0;0;5;1,5;;3;;24;;;;;;;;;;;;;;;;;;;;;;;;;;;;;;;;;;;;;;;;;;;;;;;;;;;;;;;;;;25;0;0;5;10;0;5;0;0;10;10;0;;;0;;;;;;200;185;15;"      9744";1;5;61
"Vierverlaten";"Groningen                               ";"Buurt     ";"BU00140803";"3";115;60;60;15;10;35;35;25;60;55;5;5;105;5;5;100;0;5;5;5;;;;;60;20;20;15;2;248;56;;7;;300;91;4;7;36;45;9;7;71;29;0;29;98;2;;;;;;;;;;;;;;;;;;;;;;;;;;;;;;;;;;;;;;;;;;;15;;;;;;;;;75;60;15;1,3;159;10;2,7;1,4;2,3;2,2;2,9;49;47;2;"      9744";1;5;339
"Zuidwending";"Groningen                               ";"Buurt     ";"BU00140804";"1";35;20;10;5;5;5;15;10;15;15;5;0;30;0;5;35;0;0;0;0;;;;;20;5;5;5;2,2;24;17;;20;;;;;;;;;;;;;;;;;;;;;;;;;;;;;;;;;;;;;;;;;;;;;;;;;;;;;;;;;;20;;;;;;;;;35;20;15;;;5;3,1;1,8;2,8;2,6;2,2;163;155;8;"      9745";1;5;227
"Leegkerk";"Groningen                               ";"Buurt     ";"BU00140805";"1";65;30;35;10;5;10;25;15;35;25;5;0;65;0;0;65;0;0;0;0;;;;;25;5;15;10;2,5;20;28;;3;;416;68;0;0;0;68;32;18;86;14;0;14;100;0;;;;;;;;;;;;;;;;;;;;;;;;;;;;;;;;;;;;;;;;;;;15;;;;;;;;;20;15;5;;;0;2,2;2,4;1,2;1,5;3,4;322;316;6;"      9746";1;5;207
"Gravenburg";"Groningen                               ";"Buurt     ";"BU00140806";"3";2105;1075;1030;385;375;380;815;155;1125;870;90;25;1760;95;255;1755;55;145;40;110;;;;;720;80;195;445;2,9;2049;704;;4;;522;100;33;13;43;12;0;0;91;9;8;1;100;0;;;;;;;;;;;;;;;;;;;;;;;;;;;;;;;;;;;;;;;;;;;170;0;10;20;20;10;55;40;15;945;695;250;1,3;919;75;1,8;2,1;0,5;1;3,9;106;103;3;"      9746";1;5;493
"Bangeweer";"Groningen                               ";"Buurt     ";"BU00140809";"1";240;125;120;30;25;60;75;50;130;85;15;10;210;10;15;210;10;5;5;10;;;;;100;25;40;35;2,4;1494;100;;21;;355;95;0;0;64;31;5;4;87;13;0;13;100;0;;;;;;;;;;;;;;;;;;;;;;;;;;;;;;;;;;;;;;;;;;;50;0;10;5;5;0;10;5;10;125;85;40;1,3;794;15;1,6;2,1;1,3;2;3;16;16;0;"      9744";1;4;522
"De Buitenhof";"Groningen                               ";"Buurt     ";"BU00140810";"1";1515;755;755;270;225;230;550;235;830;595;60;30;1335;60;115;1335;35;65;30;50;;;;;560;85;195;280;2,7;4277;553;;3;;558;100;49;14;13;24;0;1;92;8;7;0;98;2;;;;;;;;;;;;;;;;;;;;;;;;;;;;;;;;;;;;;;;;;;;160;0;10;5;10;15;65;40;10;650;435;215;1,2;1843;50;1,9;2,4;0,9;2,3;3;37;35;1;"      9727";1;5;416
"Kranenburg";"Groningen                               ";"Buurt     ";"BU00140811";"1";75;35;35;40;10;10;10;0;50;20;0;0;0;0;65;5;0;0;0;70;;;;;0;0;0;5;3;229;3;;42;;;;;;;;;;;;;;;;;;;;;;;;;;;;;;;;;;;;;;;;;;;;;;;;;;;;;;;;;;100;0;10;5;30;5;35;15;5;45;20;25;;;5;1,3;1,8;0,3;1,6;3;32;31;1;"      9727";1;5;418
"De Kring";"Groningen                               ";"Buurt     ";"BU00140812";"1";325;150;170;70;50;75;90;35;245;45;20;15;315;10;0;315;10;5;0;0;;;;;145;60;25;55;2,3;3492;57;;3;;284;100;40;46;14;0;0;4;7;93;89;4;100;0;;;;;;;;;;;;;;;;;;;;;;;;;;;;;;;;;;;;;;;;;;;35;0;10;10;0;0;0;0;10;125;100;25;0,9;1347;5;1,5;2;1,1;1,8;3,2;9;9;0;"      9727";1;4;531
"Nieuw-West";"Groningen                               ";"Wijk      ";"WK001409  ";"3";19875;9995;9885;2785;4075;6080;4065;2865;12655;5160;1315;740;12160;2640;5070;12165;535;1875;2110;3195;;;;;10640;5675;2380;2585;1,8;2294;9059;;969;;295;47;28;8;6;4;53;4;36;64;38;26;78;22;;;;;;;;;;;;;;;;;;;;;;;;;;;;;;;;;;;;;;;;;;;1975;0;205;315;205;50;525;410;255;6800;5300;1495;0,6;785;520;0,8;0,8;0,6;1;8,9;945;866;78;"         .";;2;2475
"Vinkhuizen-Noord";"Groningen                               ";"Buurt     ";"BU00140900";"3";5955;3020;2930;695;1435;1945;1010;880;3985;1320;410;235;3435;780;1740;3435;150;655;630;1085;;;;;3560;2185;700;670;1,7;7779;2808;;282;;241;41;30;9;2;0;59;2;24;76;60;16;99;1;;;;;;;;;;;;;;;;;;;;;;;;;;;;;;;;;;;;;;;;;;;400;0;55;65;50;0;85;85;55;1810;1580;230;0,5;2362;115;0,7;0,7;0,6;1;11,5;77;77;0;"      9743";1;1;2883
"Vinkhuizen-Zuid";"Groningen                               ";"Buurt     ";"BU00140901";"1";4715;2200;2510;695;685;1065;1095;1175;2560;1275;535;345;2805;380;1530;2805;135;645;245;880;;;;;2405;1240;485;670;1,9;4611;2295;;281;;255;44;33;10;1;0;56;5;24;76;69;7;98;2;;;;;;;;;;;;;;;;;;;;;;;;;;;;;;;;;;;;;;;;;;;350;0;50;70;25;5;75;65;55;1515;1240;275;0,6;1482;85;0,7;0,5;0,6;0,9;9,6;104;102;2;"      9743";1;1;2800
"Hoendiep";"Groningen                               ";"Buurt     ";"BU00140902";"1";150;95;55;10;55;45;35;20;105;35;10;5;100;15;45;100;5;5;10;35;;;;;95;75;10;10;1,4;307;39;;201;;267;95;8;10;64;13;5;10;87;13;0;13;100;0;;;;;;;;;;;;;;;;;;;;;;;;;;;;;;;;;;;;;;;;;;;260;0;30;55;40;10;55;35;30;160;120;40;1,7;325;45;1,4;1,3;1,6;1,8;7,8;53;50;3;"      9743";1;2;1909
"Reitdiepswaard";"Groningen                               ";"Buurt     ";"BU00140903";"1";1590;845;745;75;415;1000;75;25;1380;170;35;5;930;305;355;930;35;120;270;235;;;;;1050;600;375;75;1,5;8558;862;;40;;236;7;6;0;1;0;93;3;0;100;6;94;2;98;;;;;;;;;;;;;;;;;;;;;;;;;;;;;;;;;;;;;;;;;;;190;0;20;30;25;5;45;45;20;485;400;85;0,5;2614;40;1,2;0,9;0,6;1,4;10,1;21;19;3;"      9743";1;1;4152
"Reitdiep";"Groningen                               ";"Buurt     ";"BU00140904";"1";4225;2185;2045;875;845;1250;970;285;2790;1235;150;50;2735;570;925;2730;130;270;440;655;;;;;1885;800;400;680;2,2;5009;1914;;84;;395;55;21;7;16;11;45;5;55;45;2;43;48;52;;;;;;;;;;;;;;;;;;;;;;;;;;;;;;;;;;;;;;;;;;;420;0;20;45;35;15;145;105;45;1490;1005;480;0,8;1764;140;0,7;0,8;0,6;0,8;5;97;84;12;"      9746";1;3;1445
"Dorkwerd";"Groningen                               ";"Buurt     ";"BU00140905";"1";80;45;30;10;5;20;15;30;40;30;5;5;70;5;0;75;5;0;0;0;;;;;40;20;10;10;2,1;40;37;;3;;382;95;0;0;27;68;5;3;76;24;0;24;100;0;;;;;;;;;;;;;;;;;;;;;;;;;;;;;;;;;;;;;;;;;;;15;;;;;;;;;35;25;10;;;5;2,3;2,5;1,8;2,3;2,4;203;200;3;"      9746";1;5;92
"De Held";"Groningen                               ";"Buurt     ";"BU00140906";"3";2415;1220;1195;350;300;535;795;435;1180;995;145;95;1970;130;315;1970;70;170;65;150;;;;;1040;290;350;405;2,3;4474;1018;;8;;402;86;47;12;15;11;14;1;87;13;10;3;100;0;;;;;;;;;;;;;;;;;;;;;;;;;;;;;;;;;;;;;;;;;;;225;0;15;25;15;5;85;60;20;1150;820;335;1,1;2133;75;0,5;1,4;0,5;1,3;7,3;61;54;7;"      9745";5;3;1427
"Westpark";"Groningen                               ";"Buurt     ";"BU00140907";"3";105;60;45;10;5;55;25;10;65;25;10;5;85;5;15;90;0;5;5;5;;;;;70;45;15;10;1,5;150;21;;6;;337;14;0;0;5;10;86;0;76;24;0;24;33;67;;;;;;;;;;;;;;;;;;;;;;;;;;;;;;;;;;;;;;;;;;;45;0;10;10;5;0;10;5;5;55;40;15;0,8;80;10;1,4;1,3;1,6;1,7;7,7;82;70;12;"      9745";1;4;600
"De Suikerzijde-Noord";"Groningen                               ";"Buurt     ";"BU00140908";"1";435;230;205;10;315;110;5;0;410;20;5;0;15;285;135;15;5;0;285;135;;;;;415;400;5;10;1;836;0;;64;;;;;;;;;;;;;;;;;;;;;;;;;;;;;;;;;;;;;;;;;;;;;;;;;;;;;;;;;;60;0;5;10;0;5;20;5;15;30;25;5;0,1;57;0;1;1,6;1,3;1,6;11,4;77;52;25;"      9743";1;2;2160
"De Suikerzijde-Zuid";"Groningen                               ";"Buurt     ";"BU00140909";"1";25;10;15;0;0;0;10;5;15;5;0;0;20;0;5;20;0;0;0;0;;;;;10;10;0;5;1,6;35;0;;0;;;;;;;;;;;;;;;;;;;;;;;;;;;;;;;;;;;;;;;;;;;;;;;;;;;;;;;;;;0;;;;;;;;;0;0;0;;;0;2,6;3,1;2,2;2,9;2;74;65;9;"      9744";1;5;339
"De Nieuwe Held";"Groningen                               ";"Buurt     ";"BU00140910";"3";180;75;105;50;25;60;35;10;115;45;5;0;0;160;15;0;0;0;155;15;;;;;70;15;15;40;2,6;190;65;;0;;87;54;35;18;0;0;46;6;0;100;0;100;0;100;;;;;;;;;;;;;;;;;;;;;;;;;;;;;;;;;;;;;;;;;;;10;;;;;;;;;65;50;15;1;71;5;1,7;2;0,3;0,3;5,3;95;94;1;"      9746";1;4;815
"Nieuw-Noord";"Groningen                               ";"Wijk      ";"WK001410  ";"1";20035;9870;10165;2100;5525;6000;3240;3175;14190;3625;1400;825;10960;2925;6150;10955;555;1995;2375;4155;;;;;13135;9280;2025;1830;1,5;4039;10160;;1569;;245;27;20;6;1;0;73;4;24;76;54;22;87;13;;;;;;;;;;;;;;;;;;;;;;;;;;;;;;;;;;;;;;;;;;;1565;0;130;250;175;25;425;305;245;5035;4230;805;0,4;1016;290;0,5;0,6;0,3;0,5;11,4;524;496;28;"         .";;1;4506
"Selwerd";"Groningen                               ";"Buurt     ";"BU00141000";"1";6585;3180;3400;690;2130;1855;920;985;4765;1105;420;295;3550;925;2105;3550;155;670;770;1430;;;;;4390;3170;620;595;1,5;7980;3117;;398;;235;29;23;7;0;0;71;4;23;77;53;25;93;7;;;;;;;;;;;;;;;;;;;;;;;;;;;;;;;;;;;;;;;;;;;440;0;35;70;60;5;110;90;80;1500;1305;195;0,3;1819;100;0,4;0,4;0,4;0,4;11,3;84;82;1;"      9741";1;1;4275
"Paddepoel-Zuid";"Groningen                               ";"Buurt     ";"BU00141001";"1";5340;2675;2665;775;970;1820;1040;740;3805;985;375;185;3020;455;1870;3020;170;730;280;1140;;;;;3100;1965;480;655;1,7;9804;2875;;277;;262;27;20;5;1;0;73;2;22;78;58;20;70;30;;;;;;;;;;;;;;;;;;;;;;;;;;;;;;;;;;;;;;;;;;;375;0;20;60;40;10;115;85;40;1475;1205;270;0,5;2708;80;0,7;0,8;0,3;0,5;11,6;56;55;1;"      9742";1;1;5122
"Paddepoel-Noord";"Groningen                               ";"Buurt     ";"BU00141002";"1";6075;3010;3065;455;1640;1680;975;1330;3915;1335;505;325;3325;1055;1690;3330;155;465;905;1230;;;;;4155;2980;740;435;1,4;9201;3252;;686;;230;29;21;6;1;0;71;4;27;73;52;21;94;6;;;;;;;;;;;;;;;;;;;;;;;;;;;;;;;;;;;;;;;;;;;435;0;50;100;45;5;95;70;65;1610;1340;270;0,4;2441;85;0,4;0,5;0,4;0,5;11,3;67;66;1;"      9742";1;1;4010
"Zernike Campus";"Groningen                               ";"Buurt     ";"BU00141003";"1";450;215;240;0;400;45;5;5;450;5;5;0;10;295;150;10;5;0;290;150;;;;;455;455;0;0;1;242;14;;104;;;;;;;;;;;;;;;;;;;;;;;;;;;;;;;;;;;;;;;;;;;;;;;;;;;;;;;;;;155;0;20;15;20;5;55;20;20;35;20;15;0,1;19;0;0,7;1,5;0,2;1,4;6;202;187;15;"      9747";1;4;898
"Selwerderhof";"Groningen                               ";"Buurt     ";"BU00141004";"1";5;5;0;0;0;0;0;5;0;0;0;0;5;0;0;5;0;0;0;0;;;;;5;0;0;0;1,7;;3;;7;;;;;;;;;;;;;;;;;;;;;;;;;;;;;;;;;;;;;;;;;;;;;;;;;;;;;;;;;;0;;;;;;;;;5;0;0;;;0;;;;;;100;90;10;"      9741";5;3;1451
"Tuinwijk";"Groningen                               ";"Buurt     ";"BU00141005";"1";1575;785;790;180;385;595;300;115;1260;195;95;20;1045;190;340;1050;65;135;125;205;;;;;1035;710;180;150;1,5;10138;899;;97;;252;13;11;1;0;0;87;4;22;77;54;24;100;0;;;;;;;;;;;;;;;;;;;;;;;;;;;;;;;;;;;;;;;;;;;155;0;10;10;15;0;50;40;35;410;355;55;0,4;2641;25;0,8;0,6;0,3;0,7;12,9;16;16;0;"      9741";1;1;5790
"Noordoost";"Groningen                               ";"Wijk      ";"WK001411  ";"1";15450;7815;7635;2315;1995;4065;4435;2645;8970;4645;1470;365;11235;1165;3050;11235;500;1415;665;1635;;;;;7855;3545;1900;2410;2;1472;7636;;407;;284;68;44;18;4;3;32;2;57;43;35;8;98;2;;;;;;;;;;;;;;;;;;;;;;;;;;;;;;;;;;;;;;;;;;;1530;15;210;195;130;30;350;375;225;6280;4965;1310;0,8;598;600;0,9;1;0,4;0,9;6;1071;1050;22;"         .";;2;1622
"Beijum-West";"Groningen                               ";"Buurt     ";"BU00141100";"1";5820;2955;2865;780;775;1655;1625;990;3430;1665;585;150;4190;490;1145;4190;200;520;285;630;;;;;3095;1510;720;865;1,9;4953;2994;;81;;256;70;46;21;2;1;30;2;63;36;25;12;100;0;;;;;;;;;;;;;;;;;;;;;;;;;;;;;;;;;;;;;;;;;;;505;0;60;65;40;5;105;150;75;2320;1890;430;0,7;1974;225;0,8;0,6;0,4;0,7;6,2;120;118;2;"      9737";1;2;1686
"Beijum-Oost";"Groningen                               ";"Buurt     ";"BU00141101";"1";6005;3035;2970;995;810;1655;1640;910;3715;1520;640;130;4080;450;1475;4080;190;665;255;810;;;;;3185;1620;595;965;1,9;6434;3171;;57;;239;54;39;14;1;0;46;2;34;66;61;5;98;2;;;;;;;;;;;;;;;;;;;;;;;;;;;;;;;;;;;;;;;;;;;485;0;80;65;35;0;90;120;90;2115;1775;345;0,7;2268;155;0,9;1;0,3;0,4;5,8;94;93;1;"      9736";1;2;1521
"De Hunze";"Groningen                               ";"Buurt     ";"BU00141102";"1";2370;1190;1185;330;235;525;725;555;1145;990;175;65;1940;145;285;1940;70;165;75;120;;;;;1075;305;415;360;2,2;4860;1008;;13;;414;98;56;19;12;11;2;1;97;3;0;3;93;7;;;;;;;;;;;;;;;;;;;;;;;;;;;;;;;;;;;;;;;;;;;230;5;25;25;20;5;65;60;25;1150;850;300;1,1;2359;105;0,5;1,3;0,4;1,8;7,3;50;49;1;"      9731";1;2;1646
"Van Starkenborgh";"Groningen                               ";"Buurt     ";"BU00141103";"1";870;435;435;165;130;160;320;95;480;335;45;10;705;45;115;705;25;60;25;50;;;;;315;40;110;165;2,8;5461;295;;4;;546;100;49;30;8;13;0;1;98;2;0;2;100;0;;;;;;;;;;;;;;;;;;;;;;;;;;;;;;;;;;;;;;;;;;;120;0;10;5;15;5;40;20;20;365;225;140;1,2;2299;50;1,3;2,2;0,5;2,8;2;18;16;3;"      9731";1;1;2687
"Noorderhoogebrug";"Groningen                               ";"Buurt     ";"BU00141104";"1";275;140;135;35;35;45;100;65;140;100;25;10;235;15;20;235;5;10;10;15;;;;;135;50;40;35;2,1;560;125;;150;;358;84;15;10;28;30;16;1;79;21;0;21;100;0;;;;;;;;;;;;;;;;;;;;;;;;;;;;;;;;;;;;;;;;;;;65;0;15;10;0;5;15;10;10;205;170;35;1,5;418;35;1,1;2;0,9;2,2;7,3;51;49;2;"      9738";1;3;1193
"Het Witte Lam";"Groningen                               ";"Buurt     ";"BU00141105";"1";35;20;15;0;10;5;15;10;20;10;0;0;20;5;10;20;0;0;5;5;;;;;20;15;5;0;1,6;206;16;;94;;;;;;;;;;;;;;;;;;;;;;;;;;;;;;;;;;;;;;;;;;;;;;;;;;;;;;;;;;115;0;20;30;15;5;30;10;5;85;35;50;;;20;1,1;2;0,9;2,6;6,4;17;17;0;"      9738";1;3;1085
"Koningslaagte";"Groningen                               ";"Buurt     ";"BU00141106";"1";70;40;35;10;5;15;15;25;40;30;5;5;65;5;0;65;5;0;0;0;;;;;30;5;10;10;2,4;10;26;;8;;541;92;0;0;0;92;8;0;73;27;0;27;100;0;;;;;;;;;;;;;;;;;;;;;;;;;;;;;;;;;;;;;;;;;;;10;;;;;;;;;35;30;10;;;15;2,6;3,5;2,2;2,7;1,2;698;686;12;"      9738";1;5;214
"Hunzeboord";"Groningen                               ";"Buurt     ";"BU00141107";"1";5;0;5;0;0;5;0;0;5;0;0;0;0;0;0;0;0;0;5;0;;;;;5;0;0;0;1,5;;1;;0;;;;;;;;;;;;;;;;;;;;;;;;;;;;;;;;;;;;;;;;;;;;;;;;;;;;;;;;;;0;;;;;;;;;0;0;0;;;0;;;;;;23;23;0;"      9731";1;2;1521
"Nieuw-Oost";"Groningen                               ";"Wijk      ";"WK001412  ";"1";16190;7955;8235;2630;1705;4245;4155;3455;8620;5480;1430;660;12280;1070;2840;12280;495;1385;580;1450;;;;;7725;2945;2230;2545;2,1;2151;7570;;674;;319;73;45;17;6;5;27;2;63;37;29;8;97;3;;;;;;;;;;;;;;;;;;;;;;;;;;;;;;;;;;;;;;;;;;;1730;5;250;280;140;45;375;390;245;7060;5575;1485;0,9;938;560;1,5;0,8;0,5;0,9;4,5;806;753;54;"         .";;3;1449
"Lewenborg-Noord";"Groningen                               ";"Buurt     ";"BU00141200";"1";3695;1775;1925;595;390;940;840;930;1985;1020;455;235;2615;245;840;2615;120;380;125;465;;;;;1915;925;430;560;1,9;6218;1882;;115;;261;51;38;13;0;0;49;2;37;63;55;9;96;4;;;;;;;;;;;;;;;;;;;;;;;;;;;;;;;;;;;;;;;;;;;275;0;50;70;15;0;40;60;35;1360;1140;215;0,7;2285;95;0,5;0,4;0,4;0,7;3,2;59;59;0;"      9733";1;3;1407
"Lewenborg-Zuid";"Groningen                               ";"Buurt     ";"BU00141201";"1";3360;1665;1700;585;395;935;870;575;1875;1025;365;105;2265;235;865;2260;105;390;125;475;;;;;1595;650;375;570;2,1;5586;1582;;28;;267;69;48;19;2;0;31;1;59;41;38;3;100;0;;;;;;;;;;;;;;;;;;;;;;;;;;;;;;;;;;;;;;;;;;;250;0;45;20;25;0;60;60;35;1355;1105;250;0,8;2248;105;1,1;0,8;0,6;0,7;3,6;62;60;2;"      9732";1;2;1517
"Lewenborg-West";"Groningen                               ";"Buurt     ";"BU00141202";"1";1730;845;885;270;200;475;400;385;925;610;135;65;1330;130;270;1330;45;145;90;120;;;;;850;325;260;260;2;3260;823;;79;;289;69;52;17;0;0;31;1;81;19;0;19;100;0;;;;;;;;;;;;;;;;;;;;;;;;;;;;;;;;;;;;;;;;;;;160;0;20;20;15;0;25;50;30;775;630;145;0,9;1458;60;1,5;1,5;0,8;0,4;3,9;55;53;2;"      9732";1;3;1486
"Hunzepark";"Groningen                               ";"Buurt     ";"BU00141205";"1";0;0;0;0;0;0;0;0;0;0;0;0;0;0;0;0;0;0;0;0;;;;;0;0;0;0;;;0;;10;;;;;;;;;;;;;;;;;;;;;;;;;;;;;;;;;;;;;;;;;;;;;;;;;;;;;;;;;;15;;;;;;;;;45;10;35;;;0;;;;;;7;7;0;"      9735";1;3;1176
"Zilvermeer";"Groningen                               ";"Buurt     ";"BU00141206";"1";215;105;110;35;20;35;65;55;100;90;15;10;185;5;30;185;5;10;0;15;;;;;90;15;40;35;2,4;3534;86;;0;;505;100;7;14;37;42;0;0;100;0;0;0;100;0;;;;;;;;;;;;;;;;;;;;;;;;;;;;;;;;;;;;;;;;;;;25;0;0;0;5;0;10;5;5;110;80;35;1,3;1841;5;2,1;1,9;0,6;1,4;6,2;7;6;1;"      9735";1;3;1387
"Kardinge";"Groningen                               ";"Buurt     ";"BU00141207";"1";5;0;0;0;0;5;0;0;0;0;0;0;5;0;0;0;0;0;0;0;;;;;0;0;0;0;2;;1;;17;;;;;;;;;;;;;;;;;;;;;;;;;;;;;;;;;;;;;;;;;;;;;;;;;;;;;;;;;;15;;;;;;;;;0;0;0;;;0;;;;;;112;98;14;"      9735";1;3;1243
"Drielanden";"Groningen                               ";"Buurt     ";"BU00141208";"1";900;450;450;130;105;140;320;210;435;375;75;15;765;55;80;765;25;50;25;30;;;;;395;110;150;140;2,3;3904;391;;3;;396;100;65;19;4;12;0;0;93;7;7;1;100;0;;;;;;;;;;;;;;;;;;;;;;;;;;;;;;;;;;;;;;;;;;;80;0;5;10;10;0;30;15;10;420;295;125;1,1;1816;35;0,9;0,9;0,7;0,9;3,5;25;23;2;"      9734";1;3;1095
"Noorddijk";"Groningen                               ";"Buurt     ";"BU00141209";"1";85;40;45;5;10;10;30;30;35;40;0;10;85;0;0;85;5;0;0;0;;;;;45;10;20;10;2,1;40;43;;10;;555;91;12;14;16;49;9;9;93;7;0;7;100;0;;;;;;;;;;;;;;;;;;;;;;;;;;;;;;;;;;;;;;;;;;;30;5;0;5;0;0;10;5;5;65;45;20;;;5;1,8;1,7;1,2;1,6;4,4;224;219;6;"      9734";1;4;818
"Ruischerbrug";"Groningen                               ";"Buurt     ";"BU00141210";"1";475;220;255;75;30;115;135;125;200;205;35;40;405;25;50;400;15;30;10;20;;;;;225;75;85;65;2,1;2484;222;;6;;379;92;17;11;32;32;8;2;76;24;20;5;95;5;;;;;;;;;;;;;;;;;;;;;;;;;;;;;;;;;;;;;;;;;;;60;0;15;5;0;5;15;15;5;230;180;50;1;1190;30;1,9;1;0,2;1,6;6,2;26;19;7;"      9734";1;3;1077
"Ruischerwaard";"Groningen                               ";"Buurt     ";"BU00141211";"1";1220;595;625;200;120;365;365;170;680;455;65;20;1035;65;120;1035;30;70;35;50;;;;;515;105;195;215;2,4;5468;513;;2;;378;100;63;14;23;0;0;1;93;7;5;2;100;0;;;;;;;;;;;;;;;;;;;;;;;;;;;;;;;;;;;;;;;;;;;110;0;15;15;10;5;25;25;20;575;445;130;1,1;2571;40;2,7;0,5;0,8;2;3,7;28;22;6;"      9734";1;3;1224
"Bedrijventerrein Oosterhoogebrug";"Groningen                               ";"Buurt     ";"BU00141212";"3";105;60;40;10;20;40;20;15;55;40;5;0;65;10;30;60;5;5;10;25;;;;;50;30;15;5;1,7;423;34;;66;;418;82;6;0;15;62;18;18;32;68;0;68;100;0;;;;;;;;;;;;;;;;;;;;;;;;;;;;;;;;;;;;;;;;;;;75;0;10;15;5;0;10;20;10;60;45;10;1,1;238;5;2,1;0,5;0,7;0,7;6,3;29;24;5;"      9731";1;3;1132
"Oosterhoogebrug";"Groningen                               ";"Buurt     ";"BU00141213";"3";2135;1090;1050;300;175;595;545;520;1105;765;170;95;1720;145;270;1725;70;125;75;140;;;;;1095;455;350;285;1,9;3610;1068;;121;;357;73;35;17;9;12;27;4;61;39;31;8;100;0;;;;;;;;;;;;;;;;;;;;;;;;;;;;;;;;;;;;;;;;;;;270;0;35;50;20;15;65;50;30;1030;795;235;0,9;1742;105;2,2;0,5;0,5;0,6;6,5;66;59;7;"      9731";1;2;1511
"Ulgersmaborg";"Groningen                               ";"Buurt     ";"BU00141214";"3";2095;1025;1070;400;210;545;520;415;1110;815;115;55;1690;140;270;1685;65;165;75;105;;;;;870;200;300;370;2,4;4036;858;;17;;396;96;62;23;8;4;4;1;76;24;17;7;84;16;;;;;;;;;;;;;;;;;;;;;;;;;;;;;;;;;;;;;;;;;;;185;0;25;15;20;5;55;45;25;925;730;195;1,1;1777;80;2,4;1,2;0,5;1,3;6,8;52;52;0;"      9731";1;2;1602
"Bedrijventerrein Ulgersmaborg-Zuid";"Groningen                               ";"Buurt     ";"BU00141215";"3";45;20;25;15;15;10;5;5;35;5;0;0;30;0;10;30;0;10;0;5;;;;;25;5;0;15;2;446;17;;51;;;;;;;;;;;;;;;;;;;;;;;;;;;;;;;;;;;;;;;;;;;;;;;;;;;;;;;;;;50;0;5;5;0;0;10;15;15;45;35;15;;;0;2,3;1,4;0,3;1,4;7;10;10;0;"      9731";2;3;1226
"Bedrijventerrein Ulgersmaborg-Noord";"Groningen                               ";"Buurt     ";"BU00141216";"3";60;30;30;5;10;15;20;15;35;20;5;5;55;0;5;55;0;5;5;5;;;;;30;15;10;10;1,9;469;29;;36;;498;69;0;0;0;69;31;7;62;38;0;38;76;24;;;;;;;;;;;;;;;;;;;;;;;;;;;;;;;;;;;;;;;;;;;60;0;10;20;5;5;15;5;0;40;20;20;;;0;2,1;1,6;0,9;1,7;8,5;13;13;0;"      9731";1;2;1863
"Bedrijventerrein Ulgersmaweg";"Groningen                               ";"Buurt     ";"BU00141217";"3";55;35;20;5;10;15;15;0;40;10;5;0;40;10;5;35;0;0;5;5;;;;;30;10;10;10;1,8;201;21;;113;;;76;0;0;24;52;24;24;38;62;0;62;100;0;;;;;;;;;;;;;;;;;;;;;;;;;;;;;;;;;;;;;;;;;;;70;0;15;25;0;0;10;5;10;30;20;10;;;0;1,9;1,1;0,4;1,1;7,7;31;26;4;"      9731";1;1;2510
"Meerdorpen";"Groningen                               ";"Wijk      ";"WK001413  ";"1";1060;535;520;170;110;225;315;230;555;420;60;25;935;55;70;935;25;40;30;25;;;;;440;110;160;170;2,4;162;448;;29;;426;93;7;6;29;50;7;4;81;19;14;5;98;2;;;;;;;;;;;;;;;;;;;;;;;;;;;;;;;;;;;;;;;;;;;160;5;25;30;10;5;35;30;20;555;380;175;1,3;85;70;3;3,3;0,8;0,7;1,9;696;653;42;"         .";;5;148
"Engelbert";"Groningen                               ";"Buurt     ";"BU00141301";"3";880;455;425;140;100;190;265;180;465;340;55;20;775;45;60;775;20;35;25;30;;;;;370;100;125;150;2,4;272;375;;20;;415;93;9;7;33;45;7;4;80;20;15;4;99;1;;;;;;;;;;;;;;;;;;;;;;;;;;;;;;;;;;;;;;;;;;;130;0;20;25;5;0;30;25;20;455;320;135;1,2;140;60;3,2;3,7;0,8;0,6;1,4;332;323;8;"      9723";1;5;120
"Klein Harkstede";"Groningen                               ";"Buurt     ";"BU00141302";"1";80;35;45;10;10;10;20;25;35;35;5;5;70;5;5;70;0;5;5;0;;;;;30;5;15;15;2,4;482;32;;2;;446;100;0;0;19;75;0;3;97;3;0;3;91;9;;;;;;;;;;;;;;;;;;;;;;;;;;;;;;;;;;;;;;;;;;;10;;;;;;;;;40;25;20;;;5;2;1,5;0,7;1,6;5,4;19;16;3;"      9723";1;5;379
"Lintweide";"Groningen                               ";"Buurt     ";"BU00141303";"3";0;0;0;0;0;0;0;0;0;0;0;0;0;0;0;0;0;0;0;0;;;;;0;0;0;0;;;1;;0;;;;;;;;;;;;;;;;;;;;;;;;;;;;;;;;;;;;;;;;;;;;;;;;;;;;;;;;;;0;;;;;;;;;0;0;0;;;0;;;;;;36;35;1;"      9723";1;5;221
"Middelbert";"Groningen                               ";"Buurt     ";"BU00141304";"3";95;45;50;15;10;20;25;25;55;40;5;5;85;5;5;85;0;5;5;0;;;;;40;10;15;15;2,4;136;37;;6;;536;89;0;0;3;84;11;0;78;22;11;11;97;3;;;;;;;;;;;;;;;;;;;;;;;;;;;;;;;;;;;;;;;;;;;20;;;;;;;;;55;35;20;;;10;2,5;2;0,9;1,6;4,1;97;72;25;"      9723";1;5;171
"De Eems";"Groningen                               ";"Buurt     ";"BU00141305";"3";5;5;0;5;0;5;0;0;5;0;0;0;5;0;0;5;0;0;0;0;;;;;5;0;0;0;5;;3;;1;;;;;;;;;;;;;;;;;;;;;;;;;;;;;;;;;;;;;;;;;;;;;;;;;;;;;;;;;;0;;;;;;;;;0;0;0;;;0;;;;;;213;207;6;"      9723";3;4;732
"Meerstad e.o.";"Groningen                               ";"Wijk      ";"WK001414  ";"1";4570;2310;2260;1465;335;1695;850;225;2755;1625;155;30;3875;220;470;3875;130;305;95;165;;;;;1475;150;365;965;3,1;286;1400;;26;;615;98;26;19;19;34;2;1;93;8;1;6;17;83;;;;;;;;;;;;;;;;;;;;;;;;;;;;;;;;;;;;;;;;;;;530;10;60;50;45;30;165;125;45;2010;1310;700;1,4;126;235;2,2;1,3;0,9;1;2,1;1776;1600;176;"         .";;5;270
"Meeroevers";"Groningen                               ";"Buurt     ";"BU00141400";"1";1830;925;905;640;110;685;320;70;1110;655;65;5;1545;110;180;1545;65;120;40;60;;;;;570;45;130;390;3,2;4011;547;;2;;620;98;29;21;21;27;2;1;95;5;0;5;24;76;;;;;;;;;;;;;;;;;;;;;;;;;;;;;;;;;;;;;;;;;;;200;0;15;20;15;20;65;50;15;790;500;290;1,4;1734;50;0,9;1,8;0,7;0,8;2,6;85;46;39;"      9613";1;5;270
"Harkstede GN";"Groningen                               ";"Buurt     ";"BU00141401";"1";195;105;90;25;40;35;55;40;125;50;15;10;165;10;15;165;5;5;5;10;;;;;90;50;15;30;2,1;25;74;;10;;410;97;0;0;3;95;3;7;76;24;0;24;100;0;;;;;;;;;;;;;;;;;;;;;;;;;;;;;;;;;;;;;;;;;;;40;5;10;5;5;0;5;10;5;110;75;35;1,2;14;40;1,6;2,1;1,4;1,5;3,5;813;769;44;"      9614";1;5;126
"Lageland GN";"Groningen                               ";"Buurt     ";"BU00141402";"1";80;40;35;10;15;10;30;15;45;25;5;0;70;5;0;70;0;5;0;0;;;;;30;5;15;15;2,6;13;30;;6;;379;100;0;0;0;97;0;7;80;20;0;20;93;7;;;;;;;;;;;;;;;;;;;;;;;;;;;;;;;;;;;;;;;;;;;25;5;5;5;0;0;5;5;0;55;30;25;;;55;4,4;4,1;3,2;4,2;0,2;613;579;34;"      9622";1;5;111
"Groenewei";"Groningen                               ";"Buurt     ";"BU00141403";"1";675;330;345;205;35;305;100;40;395;250;20;5;555;25;95;555;15;55;10;40;;;;;230;20;65;145;2,9;1932;220;;4;;570;100;42;31;15;13;0;0;86;14;0;14;0;100;;;;;;;;;;;;;;;;;;;;;;;;;;;;;;;;;;;;;;;;;;;85;0;5;10;10;5;30;15;10;340;235;105;1,5;971;30;2,5;0,5;0,6;0,6;2,5;40;35;5;"      9613";1;5;363
"Tersluis";"Groningen                               ";"Buurt     ";"BU00141404";"1";1180;605;575;420;75;430;210;45;715;420;40;0;1025;50;105;1025;30;75;20;30;;;;;355;25;75;260;3,3;2950;343;;1;;638;97;21;18;30;27;3;0;93;7;6;1;0;100;;;;;;;;;;;;;;;;;;;;;;;;;;;;;;;;;;;;;;;;;;;95;0;15;5;10;5;30;20;10;440;305;140;1,2;1102;40;3;0,6;0,7;0,7;1,6;59;40;19;"      9613";1;5;298
"De Zeilen";"Groningen                               ";"Buurt     ";"BU00141405";"1";610;305;305;165;65;220;135;25;365;230;15;5;515;25;75;510;15;50;15;30;;;;;200;15;60;125;3,1;769;186;;0;;732;100;21;15;4;60;0;0;100;0;0;0;1;99;;;;;;;;;;;;;;;;;;;;;;;;;;;;;;;;;;;;;;;;;;;70;0;5;5;5;5;30;15;5;270;165;110;1,4;342;20;3,9;1,5;1,6;1,6;1;107;79;28;"      9613";1;5;196
"De Wierden";"Groningen                               ";"Buurt     ";"BU00141406";"1";0;0;0;0;0;0;0;0;0;0;0;0;0;0;0;0;0;0;0;0;;;;;0;0;0;0;;;0;;3;;;;;;;;;;;;;;;;;;;;;;;;;;;;;;;;;;;;;;;;;;;;;;;;;;;;;;;;;;10;;;;;;;;;0;0;0;;;0;;;;;;59;52;7;"      9613";1;5;196
"Ten Boer e.o.";"Groningen                               ";"Wijk      ";"WK001415  ";"1";5855;2940;2920;930;660;1185;1630;1445;2585;2470;420;375;5320;195;340;5320;115;190;80;145;;;;;2475;735;820;920;2,3;199;2635;;294;;301;88;19;15;20;35;12;9;74;26;18;8;87;13;;;;;;;;;;;;;;;;;;;;;;;;;;;;;;;;;;;;;;;;;;;650;60;110;80;40;20;115;135;90;3195;2475;720;1,3;109;330;1;1,5;1,5;0,6;2,9;2969;2940;30;"         .";;5;473
"Ten Boer Dorp";"Groningen                               ";"Buurt     ";"BU00141500";"1";4445;2215;2225;735;500;970;1150;1085;1970;1815;335;330;4005;165;270;4005;95;155;70;115;;;;;1875;585;585;710;2,3;1977;2009;;206;;281;84;23;18;21;22;16;10;71;29;21;8;85;15;;;;;;;;;;;;;;;;;;;;;;;;;;;;;;;;;;;;;;;;;;;370;15;60;45;25;15;80;85;50;2360;1875;485;1,3;1049;225;0,6;0,7;1,4;0,5;3,2;228;225;3;"      9791";1;4;588
"Buitengebied Ten Boer-Zuid";"Groningen                               ";"Buurt     ";"BU00141501";"1";85;40;45;10;10;10;35;20;40;40;5;5;85;0;0;80;0;0;0;0;;;;;35;5;15;10;2,4;18;36;;2;;435;100;0;0;3;97;0;8;92;8;0;8;97;3;;;;;;;;;;;;;;;;;;;;;;;;;;;;;;;;;;;;;;;;;;;10;;;;;;;;;35;25;10;;;5;1,4;1,7;2,1;1,5;3,3;468;461;7;"      9791";1;5;172
"Garmerwolde";"Groningen                               ";"Buurt     ";"BU00141502";"1";505;255;255;55;50;90;165;145;200;255;35;25;470;10;25;470;5;20;5;5;;;;;220;55;95;70;2,3;88;228;;22;;363;99;9;4;24;62;1;4;85;15;12;3;98;2;;;;;;;;;;;;;;;;;;;;;;;;;;;;;;;;;;;;;;;;;;;90;10;10;10;5;5;15;20;20;315;220;95;1,4;55;25;0,7;3,4;2,3;0,7;1,8;586;575;11;"      9798";1;5;83
"Thesinge";"Groningen                               ";"Buurt     ";"BU00141503";"1";555;280;275;85;65;75;185;140;265;240;30;15;515;15;25;520;5;15;10;15;;;;;235;60;90;85;2,4;55;230;;18;;369;100;2;5;12;81;0;3;86;14;9;5;99;1;;;;;;;;;;;;;;;;;;;;;;;;;;;;;;;;;;;;;;;;;;;100;20;20;10;5;0;15;20;15;305;225;80;1,3;30;45;3,2;5,1;0,6;0,6;1,8;1013;1008;5;"      9797";1;5;57
"Sint Annen";"Groningen                               ";"Buurt     ";"BU00141504";"1";175;95;80;25;25;25;60;40;75;80;15;10;165;5;10;165;0;5;5;5;;;;;75;25;25;20;2,3;38;77;;7;;395;97;0;0;6;91;3;5;86;14;3;12;97;3;;;;;;;;;;;;;;;;;;;;;;;;;;;;;;;;;;;;;;;;;;;35;10;5;5;0;0;5;10;0;95;65;25;1,2;20;20;3,5;3,3;3,9;3,1;0,6;461;460;1;"      9796";1;5;18
"Buitengebied Ten Boer-Noord";"Groningen                               ";"Buurt     ";"BU00141505";"1";40;20;20;10;5;10;10;5;20;20;5;0;40;0;5;35;0;0;0;0;;;;;15;0;0;10;2,7;21;39;;1;;200;100;36;36;0;28;0;64;21;79;0;79;18;82;;;;;;;;;;;;;;;;;;;;;;;;;;;;;;;;;;;;;;;;;;;0;;;;;;;;;20;15;0;;;0;1,3;1,2;2,3;1;3;198;197;1;"      9791";1;5;447
"Bedrijventerrein Ten Boer";"Groningen                               ";"Buurt     ";"BU00141506";"1";45;25;25;10;5;10;15;10;25;20;0;0;45;0;0;45;0;0;0;0;;;;;20;0;5;10;2,9;329;16;;38;;;;;;;;;;;;;;;;;;;;;;;;;;;;;;;;;;;;;;;;;;;;;;;;;;;;;;;;;;45;0;15;10;5;0;5;5;5;70;50;20;;;5;0,9;1,2;0,4;1,1;3,8;15;14;1;"      9791";1;5;388
"Ten Post e.o.";"Groningen                               ";"Wijk      ";"WK001416  ";"1";1315;690;625;180;155;265;445;265;610;555;90;55;1200;30;85;1200;15;45;20;35;;;;;585;185;190;210;2,2;83;700;;50;;268;99;13;12;15;60;1;20;67;33;11;21;71;29;;;;;;;;;;;;;;;;;;;;;;;;;;;;;;;;;;;;;;;;;;;185;35;35;25;10;10;30;20;15;835;610;225;1,4;53;125;3,8;4;1,6;0,9;1,2;1603;1591;12;"         .";;5;86
"Ten Post Dorp";"Groningen                               ";"Buurt     ";"BU00141600";"1";570;295;280;75;70;125;185;110;270;245;40;25;515;15;40;515;5;25;15;20;;;;;255;80;85;90;2,2;897;287;;15;;268;99;14;10;16;59;1;15;76;24;17;7;74;26;;;;;;;;;;;;;;;;;;;;;;;;;;;;;;;;;;;;;;;;;;;70;5;15;10;5;5;10;10;10;350;250;100;1,4;549;40;3,9;4;0,4;0,4;1;66;64;2;"      9792";1;5;122
"Lellens";"Groningen                               ";"Buurt     ";"BU00141601";"1";75;40;35;10;5;10;25;20;30;40;0;0;70;0;0;70;0;0;0;0;;;;;30;5;10;10;2,3;25;34;;6;;401;100;0;0;0;100;0;6;85;15;0;15;100;0;;;;;;;;;;;;;;;;;;;;;;;;;;;;;;;;;;;;;;;;;;;10;;;;;;;;;45;35;5;;;5;4,2;4;2,1;2,1;1,3;305;305;0;"      9794";1;5;40
"Woltersum";"Groningen                               ";"Buurt     ";"BU00141602";"1";335;175;160;40;40;60;130;70;165;130;25;15;295;5;35;295;0;20;0;15;;;;;155;55;45;60;2,1;122;175;;8;;278;100;7;8;22;63;0;13;70;30;17;13;86;14;;;;;;;;;;;;;;;;;;;;;;;;;;;;;;;;;;;;;;;;;;;40;5;10;5;0;5;5;5;5;225;170;55;1,4;82;45;3;3,3;3,6;0,6;1,4;276;274;1;"      9795";1;5;60
"Winneweer";"Groningen                               ";"Buurt     ";"BU00141603";"1";110;65;50;15;10;20;35;25;50;45;10;5;100;5;5;105;5;0;0;0;;;;;50;15;20;20;2,2;146;54;;11;;275;100;4;2;4;91;0;15;87;13;0;13;89;11;;;;;;;;;;;;;;;;;;;;;;;;;;;;;;;;;;;;;;;;;;;20;;;;;;;;;75;55;20;1,5;99;20;5;4,9;2,3;2,3;1;77;75;3;"      9793";1;5;43
"Wittewierum";"Groningen                               ";"Buurt     ";"BU00141604";"1";70;40;35;5;10;15;20;20;30;30;0;5;65;0;5;65;0;0;0;0;;;;;35;15;10;10;2,1;94;31;;5;;358;100;0;0;0;100;0;3;90;10;0;10;97;3;;;;;;;;;;;;;;;;;;;;;;;;;;;;;;;;;;;;;;;;;;;20;;;;;;;;;60;45;15;;;10;5,2;5,4;1,7;1,7;1,4;72;72;0;"      9792";1;5;18
"Buitengebied Ten Post";"Groningen                               ";"Buurt     ";"BU00141605";"1";155;80;70;30;15;35;45;25;70;65;10;5;150;0;5;145;5;0;0;0;;;;;55;15;20;25;2,7;19;119;;5;;192;99;30;30;16;23;1;52;23;77;0;77;22;78;;;;;;;;;;;;;;;;;;;;;;;;;;;;;;;;;;;;;;;;;;;25;5;5;5;0;0;5;0;0;85;60;25;1,5;10;5;3,9;4,1;1,3;1,3;1,9;807;801;6;"      9792";1;5;95
"Haren-West e.o.";"Groningen                               ";"Wijk      ";"WK001417  ";"1";13395;6390;7005;2470;1105;2655;3320;3845;6420;4870;1075;1030;11080;1040;1275;11075;390;605;645;670;;;;;6095;2500;1695;1900;2,1;951;6117;;1081;;512;67;15;9;26;17;33;5;70;30;10;20;90;10;;;;;;;;;;;;;;;;;;;;;;;;;;;;;;;;;;;;;;;;;;;2000;15;115;215;100;140;655;525;235;6390;4465;1925;1;454;390;0,9;1;0,7;1;6,1;1744;1409;336;"         .";;3;1025
"Haren-Centrum";"Groningen                               ";"Buurt     ";"BU00141700";"1";1185;560;625;120;110;260;285;405;545;390;125;120;935;105;145;935;35;60;70;85;;;;;690;385;195;110;1,7;4104;697;;196;;381;35;5;3;19;7;65;6;62;38;12;26;99;1;;;;;;;;;;;;;;;;;;;;;;;;;;;;;;;;;;;;;;;;;;;295;0;20;95;10;10;60;60;35;615;460;160;0,9;2137;35;0,6;0,2;0,3;0,6;6;29;29;0;"      9752";4;3;1357
"Haren-Zuidwest";"Groningen                               ";"Buurt     ";"BU00141701";"1";3910;1790;2115;615;300;670;925;1400;1650;1505;345;400;3070;450;385;3070;125;165;325;220;;;;;1920;855;560;505;2;2784;1906;;285;;479;62;18;8;19;16;38;4;66;34;7;27;98;2;;;;;;;;;;;;;;;;;;;;;;;;;;;;;;;;;;;;;;;;;;;495;0;25;35;30;35;185;135;45;1910;1375;535;1;1361;90;0,8;0,8;0,7;0,9;6;141;140;1;"      9752";2;4;984
"Haren-Zuidoost";"Groningen                               ";"Buurt     ";"BU00141702";"1";3625;1765;1865;650;315;740;1010;915;1750;1365;345;170;3070;230;325;3075;100;160;130;170;;;;;1720;700;475;545;2,1;2118;1748;;216;;476;80;18;14;30;18;20;3;73;27;11;15;99;1;;;;;;;;;;;;;;;;;;;;;;;;;;;;;;;;;;;;;;;;;;;495;0;35;30;20;30;165;150;65;1765;1250;510;1;1029;135;0,8;0,8;0,6;0,8;6;172;171;1;"      9751";2;3;1307
"Haren-Noord";"Groningen                               ";"Buurt     ";"BU00141703";"1";3915;1900;2015;980;305;890;850;895;2115;1295;205;310;3340;230;345;3335;115;180;120;165;;;;;1450;490;335;630;2,5;1965;1457;;133;;590;69;15;8;33;13;31;6;71;29;15;14;63;37;;;;;;;;;;;;;;;;;;;;;;;;;;;;;;;;;;;;;;;;;;;550;5;25;35;35;45;185;145;75;1615;1085;530;1,1;811;100;1,1;1,3;0,8;1,3;6,7;199;199;0;"      9751";2;4;830
"Essen";"Groningen                               ";"Buurt     ";"BU00141704";"1";95;50;45;20;10;15;30;25;50;40;5;5;80;0;10;85;0;5;0;5;;;;;35;5;15;15;2,6;110;37;;2;;920;100;0;0;43;57;0;3;92;8;0;8;100;0;;;;;;;;;;;;;;;;;;;;;;;;;;;;;;;;;;;;;;;;;;;15;;;;;;;;;45;35;10;;;0;1,7;1,8;1,4;2;7,7;86;86;0;"      9751";1;4;556
"Buitengebied Haren-Noordwest";"Groningen                               ";"Buurt     ";"BU00141705";"1";10;10;5;5;0;0;0;5;5;5;0;0;10;0;0;10;0;0;0;0;;;;;5;0;5;0;2,8;11;5;;1;;;;;;;;;;;;;;;;;;;;;;;;;;;;;;;;;;;;;;;;;;;;;;;;;;;;;;;;;;0;;;;;;;;;0;0;0;;;0;1,8;1,4;0,3;1,6;7,5;101;98;3;"      9752";2;4;524
"Nesciopark";"Groningen                               ";"Buurt     ";"BU00141706";"1";45;25;20;10;15;5;15;0;25;15;0;0;35;0;5;35;0;5;0;5;;;;;10;0;0;10;3,7;894;12;;3;;;;;;;;;;;;;;;;;;;;;;;;;;;;;;;;;;;;;;;;;;;;;;;;;;;;;;;;;;15;;;;;;;;;20;10;10;;;0;1,6;1,2;1,5;1,7;4;5;5;0;"      9752";1;4;936
"Paterswoldsemeer";"Groningen                               ";"Buurt     ";"BU00141707";"1";260;130;135;25;30;30;80;90;110;105;30;15;230;5;25;230;5;15;5;10;;;;;115;25;60;35;2,3;136;105;;234;;753;77;0;0;20;57;23;15;87;13;0;13;87;13;;;;;;;;;;;;;;;;;;;;;;;;;;;;;;;;;;;;;;;;;;;55;0;5;10;0;5;15;10;10;180;115;65;1,6;95;15;1,8;2;1,6;1,8;2,7;466;191;275;"      9752";1;5;190
"Buitengebied Haren-Zuidoost";"Groningen                               ";"Buurt     ";"BU00141708";"1";350;170;185;50;35;45;120;100;160;150;25;15;305;15;30;310;10;15;5;10;;;;;150;35;65;55;2,3;271;145;;7;;898;97;10;4;29;54;3;6;93;7;0;7;99;1;;;;;;;;;;;;;;;;;;;;;;;;;;;;;;;;;;;;;;;;;;;75;5;5;10;0;5;30;20;0;215;125;90;1,4;165;10;2,5;2,9;1,5;1,5;2,7;130;130;0;"      9751";5;5;146
"Wolddeelen";"Groningen                               ";"Buurt     ";"BU00141709";"1";0;0;0;0;0;0;0;0;0;0;0;0;0;0;0;0;0;0;0;0;;;;;0;0;0;0;;;5;;2;;;;;;;;;;;;;;;;;;;;;;;;;;;;;;;;;;;;;;;;;;;;;;;;;;;;;;;;;;5;;;;;;;;;25;20;10;;;0;;;;;;176;136;41;"      9752";1;5;358
"Buitengebied Haren-Zuidwest";"Groningen                               ";"Buurt     ";"BU00141710";"1";0;0;0;0;0;0;0;0;0;0;0;0;0;0;0;0;0;0;0;0;;;;;0;0;0;0;;;0;;2;;;;;;;;;;;;;;;;;;;;;;;;;;;;;;;;;;;;;;;;;;;;;;;;;;;;;;;;;;0;;;;;;;;;0;0;0;;;0;;;;;;239;224;15;"      9752";1;5;139
"Haren-Oost e.o.";"Groningen                               ";"Wijk      ";"WK001418  ";"1";5060;2450;2610;835;495;1070;1455;1200;2395;2060;390;210;4180;295;580;4180;135;230;165;345;;;;;2235;725;715;790;2,2;1117;2280;;131;;397;85;36;21;21;7;15;1;70;30;23;7;92;8;;;;;;;;;;;;;;;;;;;;;;;;;;;;;;;;;;;;;;;;;;;495;0;60;55;30;20;130;135;60;2375;1825;550;1,1;524;150;0,5;0,7;0,5;0,4;6;461;453;8;"         .";;3;1007
"Oosterhaar";"Groningen                               ";"Buurt     ";"BU00141800";"1";4250;2060;2190;730;400;900;1190;1030;2020;1740;315;185;3520;235;500;3515;105;200;130;300;;;;;1875;620;595;660;2,2;3860;1919;;76;;401;82;35;20;20;8;18;2;70;30;23;7;90;10;;;;;;;;;;;;;;;;;;;;;;;;;;;;;;;;;;;;;;;;;;;370;0;40;40;15;15;110;110;40;1950;1495;460;1;1772;110;0,5;0,7;0,5;0,4;6;111;110;0;"      9753";1;3;1021
"Tuindorp";"Groningen                               ";"Buurt     ";"BU00141801";"1";775;375;405;110;85;170;250;165;360;310;75;25;635;65;80;635;30;30;35;50;;;;;350;100;110;130;2,2;4469;349;;10;;364;100;43;28;28;1;0;1;70;30;25;6;100;0;;;;;;;;;;;;;;;;;;;;;;;;;;;;;;;;;;;;;;;;;;;70;0;10;5;5;0;15;20;10;375;295;80;1,1;2145;30;0,7;0,6;0,4;0,6;6;17;17;0;"      9753";1;4;998
"Felland";"Groningen                               ";"Buurt     ";"BU00141802";"1";30;15;15;5;10;0;15;5;20;15;0;0;30;0;5;25;0;0;5;5;;;;;10;0;5;5;2,6;115;11;;38;;;;;;;;;;;;;;;;;;;;;;;;;;;;;;;;;;;;;;;;;;;;;;;;;;;;;;;;;;50;0;15;10;10;0;10;0;5;50;35;15;;;5;1,3;1,1;0,9;1,2;6;25;25;0;"      9753";1;4;638
"Buitengebied Haren-Noordoost";"Groningen                               ";"Buurt     ";"BU00141803";"1";0;0;0;0;0;0;0;5;0;5;0;0;5;0;0;0;0;0;0;0;;;;;0;0;0;0;2;;1;;7;;;;;;;;;;;;;;;;;;;;;;;;;;;;;;;;;;;;;;;;;;;;;;;;;;;;;;;;;;5;;;;;;;;;0;0;0;;;0;;;;;;308;300;7;"      9751";6;5;230
"Glimmen-Onnen-Noordlaren";"Groningen                               ";"Wijk      ";"WK001419  ";"1";2560;1240;1320;365;230;345;880;735;1040;1195;190;125;2245;130;180;2245;60;85;70;95;;;;;1130;305;480;350;2,3;96;1125;;75;;625;95;10;6;22;56;5;4;83;17;10;6;98;2;;;;;;;;;;;;;;;;;;;;;;;;;;;;;;;;;;;;;;;;;;;495;30;35;50;25;35;165;115;40;1645;1075;570;1,5;62;125;3,6;3,7;1;1,5;1,4;2868;2665;203;"         .";;5;131
"Glimmen Dorp";"Groningen                               ";"Buurt     ";"BU00141900";"1";1105;535;570;205;105;155;350;285;495;475;85;55;935;70;100;935;40;45;35;55;;;;;465;120;180;165;2,4;1325;466;;38;;591;98;18;9;23;48;2;2;81;19;14;5;98;2;;;;;;;;;;;;;;;;;;;;;;;;;;;;;;;;;;;;;;;;;;;185;5;10;15;10;15;65;45;20;695;450;245;1,5;832;45;3,8;4,2;0,4;0,4;1;83;83;0;"      9756";1;5;177
"Onnen Dorp";"Groningen                               ";"Buurt     ";"BU00141901";"1";430;205;225;55;55;65;155;105;170;215;20;15;395;10;30;390;0;20;5;10;;;;;180;45;75;60;2,4;1109;183;;7;;532;88;11;11;24;41;12;4;78;22;20;2;98;2;;;;;;;;;;;;;;;;;;;;;;;;;;;;;;;;;;;;;;;;;;;70;5;5;5;5;5;25;20;0;255;175;80;1,4;660;20;2,5;2,4;2,1;2,4;3,2;39;39;0;"      9755";1;5;90
"Noordlaren Dorp";"Groningen                               ";"Buurt     ";"BU00141902";"1";350;175;180;50;20;40;130;110;135;170;30;15;320;15;20;315;5;5;10;10;;;;;165;45;75;40;2,1;729;168;;6;;591;96;3;4;36;52;4;5;92;8;5;2;99;1;;;;;;;;;;;;;;;;;;;;;;;;;;;;;;;;;;;;;;;;;;;65;0;5;10;5;5;20;20;5;210;125;85;1,3;434;15;3,4;3,3;0,4;3,1;0,3;48;48;0;"      9479";1;5;90
"Buitengebied Glimmen";"Groningen                               ";"Buurt     ";"BU00141903";"1";250;120;130;20;15;20;100;90;90;105;35;20;215;25;15;215;10;10;15;5;;;;;125;40;50;25;2;67;122;;9;;859;87;1;2;16;68;13;7;84;16;0;16;98;2;;;;;;;;;;;;;;;;;;;;;;;;;;;;;;;;;;;;;;;;;;;50;0;5;5;5;5;20;10;0;165;120;50;1,3;44;15;4,2;4,5;1,3;1,3;1,1;388;375;13;"      9756";1;5;96
"Buitengebied Onnen";"Groningen                               ";"Buurt     ";"BU00141904";"1";250;120;130;25;30;30;85;70;85;150;5;10;230;5;10;230;5;5;5;5;;;;;105;15;45;35;2,4;20;103;;11;;705;100;0;0;15;84;0;4;91;9;0;9;97;3;;;;;;;;;;;;;;;;;;;;;;;;;;;;;;;;;;;;;;;;;;;65;5;5;5;5;5;15;15;5;175;110;65;1,7;14;20;2,9;2,8;1,9;2,1;2,8;1262;1231;31;"      9755";1;5;170
"Buitengebied Noordlaren";"Groningen                               ";"Buurt     ";"BU00141905";"1";165;85;85;10;10;20;50;75;65;80;10;15;150;10;10;150;5;5;5;10;;;;;90;30;40;15;1,8;26;79;;3;;689;89;0;0;5;84;11;11;86;14;0;14;97;3;;;;;;;;;;;;;;;;;;;;;;;;;;;;;;;;;;;;;;;;;;;60;10;5;10;0;0;20;10;5;140;90;50;1,6;22;15;4,8;4,7;1,5;2,8;0,7;644;630;14;"      9479";1;5;34
"Zuidlaardermeer";"Groningen                               ";"Buurt     ";"BU00141906";"1";0;5;0;0;0;0;5;0;0;5;0;0;0;0;0;0;0;0;0;0;;;;;5;0;5;0;1,3;;3;;0;;;;;;;;;;;;;;;;;;;;;;;;;;;;;;;;;;;;;;;;;;;;;;;;;;;;;;;;;;5;;;;;;;;;5;5;0;;;0;;;;;;259;115;144;"      9479";1;5;31
"Noordlaarderbos";"Groningen                               ";"Buurt     ";"BU00141907";"1";0;0;0;0;0;0;0;5;0;5;0;0;5;0;0;0;0;0;0;0;;;;;0;0;0;0;2;;1;;0;;;;;;;;;;;;;;;;;;;;;;;;;;;;;;;;;;;;;;;;;;;;;;;;;;;;;;;;;;0;;;;;;;;;0;0;0;;;0;;;;;;100;100;0;"      9479";1;5;22
"Appelbergen Glimmen";"Groningen                               ";"Buurt     ";"BU00141908";"1";0;0;0;0;0;0;0;0;0;0;0;0;0;0;0;0;0;0;0;0;;;;;0;0;0;0;;;0;;1;;;;;;;;;;;;;;;;;;;;;;;;;;;;;;;;;;;;;;;;;;;;;;;;;;;;;;;;;;0;;;;;;;;;0;0;0;;;0;;;;;;33;33;0;"      9756";1;5;124
"Appelbergen Onnen";"Groningen                               ";"Buurt     ";"BU00141909";"1";0;0;0;0;0;0;0;0;0;0;0;0;0;0;0;0;0;0;0;0;;;;;0;0;0;0;;;0;;0;;;;;;;;;;;;;;;;;;;;;;;;;;;;;;;;;;;;;;;;;;;;;;;;;;;;;;;;;;0;;;;;;;;;0;0;0;;;0;;;;;;12;12;0;"         .";;;
"Leeuwarden";"Leeuwarden                              ";"Gemeente  ";"GM0080    ";"1";129973;64695;65278;18386;19561;34837;31500;25689;72975;40535;10919;5544;101386;9109;19478;101386;3199;8150;5910;11328;;;;;67494;33042;17122;17330;1,9;547;65879;;10094;;263;63;30;13;9;11;37;4;51;49;28;21;93;7;;;;;;;;;;;;;;;;;;;;;;;;;;;;;;;;;;;;;;;;;;;16205;375;2010;2920;1195;665;3995;2865;2175;61015;46075;14940;0,9;257;4425;1,4;0,9;0,6;0,8;9,4;25506;23755;1750;"         .";;2;2247
"Binnenstad";"Leeuwarden                              ";"Wijk      ";"WK008010  ";"3";6980;3710;3270;175;2600;2595;940;670;5685;705;470;120;4815;820;1345;4815;185;470;640;875;;;;;5395;4295;865;230;1,3;8254;4943;;1092;;174;9;7;1;0;0;91;8;13;87;25;62;97;3;;;;;;;;;;;;;;;;;;;;;;;;;;;;;;;;;;;;;;;;;;;1900;0;110;580;120;95;430;170;385;1905;1460;440;0,4;2250;115;0,9;0,3;0,6;0,7;18,2;93;85;8;"         .";;1;4645
"De Waag";"Leeuwarden                              ";"Buurt     ";"BU00801001";"1";1315;655;660;25;550;495;155;85;1105;130;70;10;895;185;240;895;25;85;155;150;;;;;1000;755;205;45;1,3;11257;781;;314;;206;14;12;1;0;0;86;10;15;85;8;77;99;1;;;;;;;;;;;;;;;;;;;;;;;;;;;;;;;;;;;;;;;;;;;550;0;25;205;20;10;90;35;165;315;245;70;0,3;2716;20;1;0,2;0,5;0,7;18,4;12;12;1;"      8911";1;1;4797
"Nieuwestad";"Leeuwarden                              ";"Buurt     ";"BU00801002";"1";445;225;220;15;190;165;50;25;380;35;25;0;290;75;80;290;15;20;55;60;;;;;335;245;70;20;1,3;6174;290;;200;;202;13;11;1;0;0;87;15;14;86;0;85;99;1;;;;;;;;;;;;;;;;;;;;;;;;;;;;;;;;;;;;;;;;;;;190;0;10;105;5;0;30;15;25;110;90;20;0,3;1547;5;0,9;0,3;0,6;0,6;18,1;8;7;0;"      8911";1;1;4465
"Oldehove";"Leeuwarden                              ";"Buurt     ";"BU00801003";"1";570;280;290;15;100;165;115;175;330;135;65;35;455;40;75;455;15;30;30;45;;;;;415;280;105;25;1,4;3464;399;;99;;236;19;15;3;0;1;81;10;19;81;32;49;99;1;;;;;;;;;;;;;;;;;;;;;;;;;;;;;;;;;;;;;;;;;;;155;0;5;30;10;10;45;25;35;220;150;75;0,5;1348;5;0,8;0,5;0,4;0,4;17,9;18;16;2;"      8911";1;1;4887
"Grote Kerkbuurt";"Leeuwarden                              ";"Buurt     ";"BU00801004";"1";1320;730;590;65;360;520;215;160;1040;165;90;25;975;105;240;975;40;90;65;145;;;;;995;755;170;70;1,3;9613;922;;104;;205;20;15;4;1;0;80;9;22;78;33;45;100;0;;;;;;;;;;;;;;;;;;;;;;;;;;;;;;;;;;;;;;;;;;;225;0;15;55;15;5;60;25;45;370;300;65;0,4;2684;20;0,7;0,3;0,3;0,5;17,8;14;14;1;"      8911";1;1;5000
"Hoek";"Leeuwarden                              ";"Buurt     ";"BU00801005";"1";1380;810;570;15;545;515;190;115;1160;70;125;20;920;150;310;920;40;110;105;195;;;;;1030;875;130;25;1,2;16101;945;;72;;146;3;2;1;0;0;97;7;7;93;42;50;97;3;;;;;;;;;;;;;;;;;;;;;;;;;;;;;;;;;;;;;;;;;;;205;0;20;45;15;10;45;30;40;325;270;55;0,3;3795;20;0,9;0,2;0,6;0,8;17,9;10;9;1;"      8911";1;1;4897
"Blokhuisplein";"Leeuwarden                              ";"Buurt     ";"BU00801006";"1";635;370;265;10;220;315;80;5;565;35;35;0;305;120;210;310;20;55;100;155;;;;;500;420;60;20;1,2;11486;517;;67;;127;3;3;0;0;0;97;3;3;97;44;53;84;16;;;;;;;;;;;;;;;;;;;;;;;;;;;;;;;;;;;;;;;;;;;125;0;10;25;15;15;25;10;25;145;110;35;0,3;2619;15;1,2;0,5;0,8;0,9;19,1;6;6;1;"      8911";1;1;4731
"Zaailand";"Leeuwarden                              ";"Buurt     ";"BU00801007";"1";530;285;250;25;80;200;115;110;340;115;50;30;410;40;85;410;15;30;25;50;;;;;385;265;80;30;1,4;6155;371;;123;;254;2;1;1;0;0;98;8;31;69;32;37;100;0;;;;;;;;;;;;;;;;;;;;;;;;;;;;;;;;;;;;;;;;;;;200;0;15;65;15;5;50;20;25;250;180;70;0,7;2858;15;1,1;0,2;1;0,9;18,2;10;9;1;"      8911";1;1;4118
"Stationskwartier";"Leeuwarden                              ";"Buurt     ";"BU00801008";"3";785;365;425;5;545;220;15;0;765;15;5;0;565;115;110;565;20;45;100;65;;;;;740;705;30;5;1,1;6140;718;;113;;85;1;0;0;0;0;99;3;0;100;0;100;95;5;;;;;;;;;;;;;;;;;;;;;;;;;;;;;;;;;;;;;;;;;;;250;0;15;45;25;40;85;20;20;170;115;55;0,2;1309;10;1,1;0,3;0,8;0,8;18,3;14;13;1;"      8911";1;1;3932
"Potmargezone";"Leeuwarden                              ";"Wijk      ";"WK008011  ";"1";8670;4410;4260;980;1660;2560;1810;1670;5575;1945;750;400;6335;770;1565;6335;240;570;525;1000;;;;;4830;2870;1050;905;1,7;3186;4784;;687;;215;49;33;11;3;2;51;8;39;61;28;33;98;2;;;;;;;;;;;;;;;;;;;;;;;;;;;;;;;;;;;;;;;;;;;1120;15;130;185;95;45;235;260;155;3155;2500;660;0,7;1160;250;0,7;0,7;0,5;1,1;14;293;272;20;"         .";;1;3120
"Tulpenburg";"Leeuwarden                              ";"Buurt     ";"BU00801101";"1";590;315;275;10;150;180;90;155;395;110;50;35;475;45;75;470;15;30;25;45;;;;;435;340;85;10;1,3;6944;471;;57;;202;9;6;3;0;0;91;7;31;69;8;61;99;1;;;;;;;;;;;;;;;;;;;;;;;;;;;;;;;;;;;;;;;;;;;90;0;0;10;5;10;35;20;10;225;170;55;0,5;2653;10;0,8;0,7;0,9;0,9;19,6;9;8;1;"      8933";3;1;4588
"Oranjewijk";"Leeuwarden                              ";"Buurt     ";"BU00801102";"1";1270;610;665;105;390;345;255;175;885;300;65;20;910;175;185;910;40;50;135;135;;;;;805;510;175;120;1,6;8843;631;;24;;253;58;45;9;3;1;42;6;49;51;1;50;97;3;;;;;;;;;;;;;;;;;;;;;;;;;;;;;;;;;;;;;;;;;;;200;0;15;20;25;5;55;40;30;495;370;125;0,6;3451;30;1;0,6;0,9;1,1;18,2;16;14;2;"      8933";1;1;4247
"Achter de Hoven";"Leeuwarden                              ";"Buurt     ";"BU00801103";"1";2385;1240;1140;285;395;805;525;370;1605;455;230;95;1765;225;395;1760;70;150;150;250;;;;;1440;890;285;270;1,6;5699;1233;;57;;209;77;58;15;2;2;23;4;49;51;30;21;99;1;;;;;;;;;;;;;;;;;;;;;;;;;;;;;;;;;;;;;;;;;;;195;0;40;20;20;0;45;45;25;850;700;150;0,6;2038;90;0,5;0,9;0,3;1,6;14;43;42;1;"      8933";1;1;3155
"Schepenbuurt";"Leeuwarden                              ";"Buurt     ";"BU00801104";"1";945;490;450;170;120;340;160;155;665;115;105;60;475;55;410;475;15;145;30;275;;;;;465;280;60;115;1,8;1594;690;;125;;;8;5;3;0;0;92;20;0;100;100;0;100;0;;;;;;;;;;;;;;;;;;;;;;;;;;;;;;;;;;;;;;;;;;;55;0;15;5;5;0;5;15;5;230;195;35;0,5;390;5;0,8;0,9;0,2;1,4;11,6;69;59;10;"      8937";2;2;2129
"Wielenpôlle";"Leeuwarden                              ";"Buurt     ";"BU00801105";"1";730;395;335;160;125;220;150;80;515;125;65;20;490;50;190;490;25;70;30;115;;;;;245;100;50;95;2,1;1454;208;;194;;222;100;64;21;11;4;0;1;24;76;67;9;100;0;;;;;;;;;;;;;;;;;;;;;;;;;;;;;;;;;;;;;;;;;;;105;0;20;40;5;5;10;15;15;220;170;50;0,9;441;30;0,8;0,4;0,8;0,8;8,5;53;50;3;"      8936";2;2;1818
"Huizum-Dorp";"Leeuwarden                              ";"Buurt     ";"BU00801106";"1";1015;500;520;120;100;150;295;355;420;470;70;55;895;50;70;895;30;45;20;30;;;;;485;150;200;135;2,1;3422;446;;31;;329;64;36;16;7;4;36;1;78;22;2;20;100;0;;;;;;;;;;;;;;;;;;;;;;;;;;;;;;;;;;;;;;;;;;;110;0;10;20;10;5;20;20;25;485;365;120;1;1636;35;0,9;0,6;0,4;1,2;11,9;33;30;3;"      8934";1;1;2523
"Huizum-Sixma";"Leeuwarden                              ";"Buurt     ";"BU00801107";"1";230;140;95;10;50;105;60;15;180;35;20;5;160;35;40;160;5;10;35;30;;;;;120;85;20;10;1,4;2118;202;;81;;151;6;3;1;0;1;94;26;8;92;0;92;64;36;;;;;;;;;;;;;;;;;;;;;;;;;;;;;;;;;;;;;;;;;;;120;10;5;35;10;10;20;25;10;75;55;20;0,6;670;5;0,3;0,3;0,5;0,5;17;11;11;0;"      8932";1;1;3834
"Huizum-Bornia";"Leeuwarden                              ";"Buurt     ";"BU00801108";"1";1275;605;670;120;290;315;250;305;755;290;125;110;1000;100;170;1000;30;55;70;110;;;;;655;375;140;140;1,7;5398;724;;46;;190;56;29;17;8;2;44;7;43;57;12;45;100;0;;;;;;;;;;;;;;;;;;;;;;;;;;;;;;;;;;;;;;;;;;;150;0;15;20;10;5;40;30;30;470;385;85;0,7;1988;40;0,6;0,6;0,5;0,6;13,7;24;24;0;"      8934";3;1;3028
"Huizum-Badweg";"Leeuwarden                              ";"Buurt     ";"BU00801109";"1";230;125;105;5;45;100;20;55;160;40;20;10;165;35;30;165;10;10;25;20;;;;;180;135;40;5;1,3;677;179;;72;;191;6;1;2;0;3;94;5;30;70;0;70;100;0;;;;;;;;;;;;;;;;;;;;;;;;;;;;;;;;;;;;;;;;;;;90;0;5;15;5;5;5;55;5;100;85;20;0,6;299;5;0,9;0,7;0,7;0,7;12,6;34;34;0;"      8932";3;1;2929
"Oud-Oost";"Leeuwarden                              ";"Wijk      ";"WK008020  ";"1";12420;6265;6155;1305;2460;4210;2565;1885;8420;2430;1105;465;9020;1215;2180;9020;360;860;860;1320;;;;;7765;4805;1595;1365;1,6;8173;7233;;459;;199;60;43;14;3;1;40;5;37;63;30;33;95;5;;;;;;;;;;;;;;;;;;;;;;;;;;;;;;;;;;;;;;;;;;;1370;0;205;215;130;25;315;250;230;4655;3885;770;0,6;3062;380;0,6;0,4;0,4;0,5;16,9;156;152;4;"         .";;1;4246
"Oldegalileën";"Leeuwarden                              ";"Buurt     ";"BU00802001";"1";1945;980;960;200;450;635;385;270;1405;245;205;90;1390;180;365;1395;60;165;125;205;;;;;1280;915;165;195;1,5;9812;1240;;71;;160;52;39;12;1;0;48;6;24;76;41;35;97;3;;;;;;;;;;;;;;;;;;;;;;;;;;;;;;;;;;;;;;;;;;;145;0;30;20;10;0;40;20;25;610;535;75;0,5;3077;50;0,9;0,7;0,3;0,3;16,4;21;20;1;"      8922";1;1;4643
"Bloemenbuurt";"Leeuwarden                              ";"Buurt     ";"BU00802002";"1";1350;695;655;140;255;465;340;145;915;260;140;30;965;160;225;965;40;75;125;150;;;;;850;525;160;160;1,6;7428;775;;49;;193;64;44;14;5;2;36;4;40;60;40;19;100;0;;;;;;;;;;;;;;;;;;;;;;;;;;;;;;;;;;;;;;;;;;;135;0;30;20;15;0;35;15;25;565;460;105;0,7;3122;55;0,8;0,7;0,5;0,5;14,3;18;18;0;"      8922";1;1;3796
"Cambuursterpad";"Leeuwarden                              ";"Buurt     ";"BU00802003";"1";1960;965;990;255;285;680;385;350;1270;430;170;90;1415;145;390;1415;45;145;105;250;;;;;1175;675;260;240;1,7;10192;1129;;53;;204;71;48;18;4;1;29;4;42;58;32;25;98;2;;;;;;;;;;;;;;;;;;;;;;;;;;;;;;;;;;;;;;;;;;;185;0;30;25;15;5;50;35;25;825;705;120;0,7;4307;45;0,4;0,3;0,3;0,7;18,9;19;19;0;"      8921";1;1;4583
"Zamenhofpark";"Leeuwarden                              ";"Buurt     ";"BU00802004";"1";1580;780;800;230;215;475;365;295;895;480;135;70;1250;145;185;1250;50;90;90;90;;;;;825;375;220;230;1,9;6332;799;;32;;224;82;51;23;7;2;18;4;64;36;16;20;98;2;;;;;;;;;;;;;;;;;;;;;;;;;;;;;;;;;;;;;;;;;;;140;0;20;15;10;10;25;40;20;645;535;110;0,8;2582;55;0,4;0,4;0,4;0,4;15,8;25;25;0;"      8921";1;1;4004
"Cambuur";"Leeuwarden                              ";"Buurt     ";"BU00802005";"1";580;300;275;60;90;155;125;150;325;165;50;35;475;35;70;475;10;30;25;35;;;;;340;185;85;70;1,7;3086;313;;50;;227;48;32;15;1;0;52;3;67;33;14;19;100;0;;;;;;;;;;;;;;;;;;;;;;;;;;;;;;;;;;;;;;;;;;;70;0;5;20;10;0;10;15;10;265;195;65;0,8;1407;15;0,3;0,2;0,5;0,6;15,5;19;19;0;"      8921";1;1;3594
"Zeeheldenbuurt";"Leeuwarden                              ";"Buurt     ";"BU00802006";"1";820;385;435;95;130;265;140;190;510;190;75;45;590;80;145;585;25;45;60;100;;;;;485;270;125;85;1,7;8830;453;;42;;231;50;32;14;3;1;50;5;31;69;27;41;100;0;;;;;;;;;;;;;;;;;;;;;;;;;;;;;;;;;;;;;;;;;;;85;0;10;20;10;0;15;10;20;300;245;50;0,6;3220;10;0,6;0,4;0,6;0,7;19,1;10;9;1;"      8921";1;1;4771
"Indische buurt";"Leeuwarden                              ";"Buurt     ";"BU00802007";"1";1235;640;595;110;200;490;270;160;850;210;125;45;845;115;275;850;35;105;75;170;;;;;785;500;150;135;1,5;9839;800;;25;;193;60;42;15;2;0;40;5;21;79;42;37;73;28;;;;;;;;;;;;;;;;;;;;;;;;;;;;;;;;;;;;;;;;;;;145;0;30;30;15;0;25;25;20;460;390;70;0,6;3659;40;0,3;0,3;0,5;0,6;15,9;13;13;0;"      8921";1;1;3976
"Molenpad";"Leeuwarden                              ";"Buurt     ";"BU00802008";"1";1310;630;685;80;450;375;250;160;970;210;95;30;940;145;225;940;40;85;110;145;;;;;890;580;205;105;1,5;8881;716;;86;;225;54;42;10;1;0;46;7;40;60;18;41;100;0;;;;;;;;;;;;;;;;;;;;;;;;;;;;;;;;;;;;;;;;;;;250;0;20;40;20;5;60;55;50;435;355;80;0,5;2942;55;0,9;0,7;0,5;0,5;18,2;16;15;1;"      8921";1;1;4495
"Welgelegen";"Leeuwarden                              ";"Buurt     ";"BU00802009";"1";1645;885;760;130;385;670;305;160;1275;230;115;25;1155;195;300;1150;50;115;145;185;;;;;1135;780;215;135;1,4;11354;1008;;51;;189;54;48;5;1;0;46;5;27;73;25;48;95;5;;;;;;;;;;;;;;;;;;;;;;;;;;;;;;;;;;;;;;;;;;;215;0;30;30;25;0;55;35;40;550;465;85;0,5;3787;55;0,6;0,2;0,4;0,4;17,6;15;14;1;"      8921";1;1;3915
"Sonnenborgh e.o.";"Leeuwarden                              ";"Wijk      ";"WK008030  ";"1";8325;3940;4385;1070;1710;2300;1810;1435;5310;1940;705;360;6080;990;1250;6080;205;470;785;780;;;;;4815;2730;1065;1020;1,7;4982;4761;;468;;241;48;31;10;4;2;52;5;45;55;30;26;87;13;;;;;;;;;;;;;;;;;;;;;;;;;;;;;;;;;;;;;;;;;;;950;0;80;120;75;45;285;190;155;3175;2520;655;0,7;1902;230;0,6;0,6;0,4;0,5;15,1;171;167;4;"         .";;1;3390
"Transvaalwijk";"Leeuwarden                              ";"Buurt     ";"BU00803001";"1";985;455;530;95;195;195;270;220;555;280;100;50;825;80;75;830;25;40;50;40;;;;;565;295;145;120;1,7;7188;557;;36;;319;68;50;12;4;2;32;9;63;37;16;20;100;0;;;;;;;;;;;;;;;;;;;;;;;;;;;;;;;;;;;;;;;;;;;165;0;10;20;10;15;55;30;25;425;320;110;0,8;3118;30;0,3;0,8;0,4;0,9;16,3;15;14;1;"      8917";1;1;4398
"Bonifatius";"Leeuwarden                              ";"Buurt     ";"BU00803002";"1";1460;720;735;330;170;320;455;180;795;520;100;45;1240;80;135;1240;55;80;30;55;;;;;590;175;155;265;2,5;6604;581;;54;;426;87;46;19;18;4;13;1;88;12;0;12;81;19;;;;;;;;;;;;;;;;;;;;;;;;;;;;;;;;;;;;;;;;;;;180;0;5;10;10;10;75;50;20;620;450;175;1,1;2814;50;0,3;0,6;0,3;0,5;14,3;22;22;0;"      8917";1;1;3559
"Rengerspark";"Leeuwarden                              ";"Buurt     ";"BU00803003";"1";1220;490;730;15;650;210;80;255;930;100;100;90;400;535;285;400;10;30;525;255;;;;;965;790;155;15;1,2;2660;958;;53;;123;4;2;1;0;1;96;9;6;94;41;54;56;44;;;;;;;;;;;;;;;;;;;;;;;;;;;;;;;;;;;;;;;;;;;70;0;5;10;5;5;10;20;15;175;145;25;0,2;380;15;0,4;0,9;0,6;0,6;15,1;48;46;2;"      8917";1;1;4076
"Vogelwijk";"Leeuwarden                              ";"Buurt     ";"BU00803004";"1";1455;705;750;170;175;420;365;325;850;425;115;60;1230;80;140;1230;35;75;50;65;;;;;815;430;210;175;1,7;7593;806;;76;;281;69;45;17;3;4;31;3;67;33;18;15;100;0;;;;;;;;;;;;;;;;;;;;;;;;;;;;;;;;;;;;;;;;;;;175;0;20;20;15;10;55;25;30;665;520;145;0,8;3483;45;0,5;0,3;0,4;0,6;16,4;19;19;0;"      8916";1;1;3502
"Sonnenborgh";"Leeuwarden                              ";"Buurt     ";"BU00803005";"1";1740;845;890;230;280;570;385;275;1100;415;160;65;1405;115;220;1405;45;80;65;145;;;;;980;510;225;245;1,8;9116;956;;98;;230;58;43;12;2;1;42;3;56;44;22;22;95;5;;;;;;;;;;;;;;;;;;;;;;;;;;;;;;;;;;;;;;;;;;;170;0;15;20;15;0;45;40;30;735;605;130;0,8;3856;55;0,7;0,3;0,3;0,3;15,4;19;19;0;"      8916";1;1;2912
"Valeriuskwartier";"Leeuwarden                              ";"Buurt     ";"BU00803006";"1";1405;690;715;225;230;575;230;150;1050;185;130;45;930;95;380;930;35;165;60;215;;;;;865;520;160;185;1,6;6632;872;;138;;165;24;17;7;1;0;76;3;14;86;66;20;96;4;;;;;;;;;;;;;;;;;;;;;;;;;;;;;;;;;;;;;;;;;;;125;0;15;25;10;5;20;20;25;510;455;60;0,6;2417;35;1,2;0,6;0,3;0,2;13,7;21;21;0;"      8915";2;2;2452
"Magere Weide";"Leeuwarden                              ";"Buurt     ";"BU00803007";"1";65;30;35;5;5;10;25;20;25;25;5;5;50;0;5;55;0;0;0;5;;;;;25;5;15;10;2,3;246;31;;13;;491;97;3;6;0;87;3;16;94;6;0;6;74;26;;;;;;;;;;;;;;;;;;;;;;;;;;;;;;;;;;;;;;;;;;;65;0;5;10;10;0;25;10;5;40;25;15;;;5;1,1;0,9;0,5;0,7;11,8;26;26;0;"      8919";5;2;2323
"Westeinde e.o.";"Leeuwarden                              ";"Wijk      ";"WK008031  ";"3";3875;1920;1955;605;465;860;980;970;1820;1535;300;215;3255;210;415;3255;100;195;105;225;;;;;1820;705;540;580;2,1;439;1798;;346;;263;80;52;23;2;3;20;3;68;32;24;8;100;0;;;;;;;;;;;;;;;;;;;;;;;;;;;;;;;;;;;;;;;;;;;300;5;55;35;20;10;65;60;55;1680;1355;330;0,9;191;105;2,2;0,9;0,9;1,1;8,6;884;883;2;"         .";;3;1195
"Westeinde";"Leeuwarden                              ";"Buurt     ";"BU00803101";"1";3840;1905;1935;600;460;860;965;960;1795;1530;300;215;3215;210;415;3220;105;195;105;225;;;;;1805;700;535;570;2,1;4444;1786;;100;;261;80;52;24;2;2;20;3;68;32;24;8;100;0;;;;;;;;;;;;;;;;;;;;;;;;;;;;;;;;;;;;;;;;;;;285;0;50;30;20;10;60;60;50;1655;1340;320;0,9;1916;100;2,2;0,9;0,9;1,1;8,6;88;86;2;"      8915";1;3;1309
"Buitengebied Noordwest";"Leeuwarden                              ";"Buurt     ";"BU00803102";"3";35;15;20;5;10;5;10;10;20;10;0;0;30;0;0;35;0;0;0;0;;;;;15;5;5;10;2,3;4;12;;246;;;;;;;;;;;;;;;;;;;;;;;;;;;;;;;;;;;;;;;;;;;;;;;;;;;;;;;;;;15;;;;;;;;;25;15;10;;;0;1,8;1,8;0,7;1,6;9;796;796;0;"      8919";4;5;358
"Vossepark & Helicon";"Leeuwarden                              ";"Wijk      ";"WK008032  ";"3";5630;2715;2920;930;925;1545;1265;965;3345;1675;430;185;4195;670;760;4195;140;200;535;560;;;;;2795;1350;670;780;1,9;4868;2489;;262;;295;63;41;15;4;2;37;3;65;35;6;29;84;16;;;;;;;;;;;;;;;;;;;;;;;;;;;;;;;;;;;;;;;;;;;815;0;60;70;60;40;260;220;100;2415;1775;640;0,9;2088;135;1,1;0,6;0,4;0,5;15,8;121;116;5;"         .";;1;2950
"Vossepark";"Leeuwarden                              ";"Buurt     ";"BU00803201";"1";3725;1760;1970;615;590;940;905;680;2135;1140;310;140;3265;180;275;3270;100;150;85;130;;;;;1835;815;460;555;2;7459;1764;;153;;303;76;50;19;6;2;24;3;72;28;9;20;98;2;;;;;;;;;;;;;;;;;;;;;;;;;;;;;;;;;;;;;;;;;;;560;0;40;50;35;20;180;170;65;1620;1270;350;0,9;3245;95;0,9;0,5;0,2;0,3;16,5;51;50;1;"      8913";1;1;3154
"Helicon";"Leeuwarden                              ";"Buurt     ";"BU00803202";"1";755;385;365;155;135;180;145;135;415;260;50;30;455;25;275;455;15;15;10;260;;;;;255;120;70;65;2;2900;242;;42;;330;69;44;15;2;7;31;2;88;12;0;12;100;0;;;;;;;;;;;;;;;;;;;;;;;;;;;;;;;;;;;;;;;;;;;95;0;10;10;5;10;30;15;15;265;220;45;1;1009;20;1,5;0,7;0,5;0,6;14,1;27;26;1;"      8914";2;2;1992
"Harlingervaart Noord";"Leeuwarden                              ";"Buurt     ";"BU00803203";"1";755;375;380;85;120;255;155;140;475;230;45;15;425;250;80;425;20;20;230;60;;;;;465;270;115;85;1,6;5332;290;;29;;362;19;16;3;0;0;81;2;44;56;0;56;41;59;;;;;;;;;;;;;;;;;;;;;;;;;;;;;;;;;;;;;;;;;;;100;0;5;5;15;5;35;20;15;440;210;230;0,9;3085;15;1,4;0,4;0,6;0,7;14,8;16;14;2;"      8913";1;1;2951
"Spoordok";"Leeuwarden                              ";"Buurt     ";"BU00803204";"3";395;195;200;75;80;170;60;5;320;50;20;0;50;215;130;50;5;15;205;115;;;;;240;145;25;75;1,6;1540;193;;38;;77;0;0;0;0;0;100;3;0;100;0;100;1;99;;;;;;;;;;;;;;;;;;;;;;;;;;;;;;;;;;;;;;;;;;;60;0;5;5;5;5;15;15;5;95;75;20;0,4;365;0;1,9;1;0,9;1,1;14;27;25;2;"      8912";1;2;2427
"Huizum-West";"Leeuwarden                              ";"Wijk      ";"WK008040  ";"1";6445;3120;3325;815;815;2095;1630;1090;4040;1595;600;215;5215;365;865;5220;165;390;195;475;;;;;3695;1985;850;865;1,7;6785;3607;;269;;222;75;47;19;7;2;25;4;54;46;33;13;99;1;;;;;;;;;;;;;;;;;;;;;;;;;;;;;;;;;;;;;;;;;;;680;0;80;85;60;20;170;155;110;2695;2275;420;0,7;2836;205;0,9;0,5;0,4;0,4;14,6;95;95;0;"         .";;1;3075
"Hollanderwijk";"Leeuwarden                              ";"Buurt     ";"BU00804001";"1";1820;825;995;180;215;505;460;465;1120;410;215;85;1500;120;205;1500;55;90;65;115;;;;;1170;740;240;185;1,5;6529;1138;;56;;221;74;47;20;5;1;26;4;40;60;44;16;97;3;;;;;;;;;;;;;;;;;;;;;;;;;;;;;;;;;;;;;;;;;;;215;0;20;35;20;5;50;50;35;765;645;120;0,7;2736;40;0,7;0,3;0,4;0,4;17;28;28;0;"      8932";1;1;3532
"Gerard Dou";"Leeuwarden                              ";"Buurt     ";"BU00804002";"1";1280;600;680;160;195;395;340;195;785;325;120;50;1110;60;105;1115;30;60;35;45;;;;;700;330;180;185;1,8;9919;687;;22;;230;92;60;22;8;2;8;5;80;20;0;20;100;0;;;;;;;;;;;;;;;;;;;;;;;;;;;;;;;;;;;;;;;;;;;115;0;20;10;10;0;30;25;20;500;435;65;0,7;3856;25;0,7;0,4;0,3;0,3;14,5;13;13;0;"      8932";1;1;3092
"Julianapark";"Leeuwarden                              ";"Buurt     ";"BU00804003";"1";1545;755;790;210;190;470;425;250;860;540;110;40;1355;65;120;1355;30;65;40;60;;;;;755;270;250;230;2;6828;734;;43;;264;95;56;22;11;5;5;4;87;13;0;13;100;0;;;;;;;;;;;;;;;;;;;;;;;;;;;;;;;;;;;;;;;;;;;175;0;20;15;10;10;55;35;30;735;605;125;1;3244;80;1;0,7;0,6;0,5;12,7;23;23;0;"      8932";1;1;2927
"Jan van Scorelbuurt";"Leeuwarden                              ";"Buurt     ";"BU00804004";"1";1800;945;860;265;220;725;415;180;1270;330;155;45;1250;120;425;1250;60;165;60;255;;;;;1075;640;170;260;1,7;5698;1048;;148;;187;51;32;15;4;0;49;2;29;71;64;7;100;0;;;;;;;;;;;;;;;;;;;;;;;;;;;;;;;;;;;;;;;;;;;175;0;25;20;20;0;40;40;30;700;590;110;0,7;2215;55;1,1;0,4;0,2;0,3;13,9;32;32;0;"      8932";2;1;2704
"Nijlân & De Zwette";"Leeuwarden                              ";"Wijk      ";"WK008041  ";"3";3940;1900;2040;425;460;1235;835;985;2290;950;445;255;2995;275;670;2995;110;295;165;375;;;;;2510;1555;545;415;1,6;347;2505;;1061;;199;24;13;5;1;5;76;3;31;69;37;32;92;8;;;;;;;;;;;;;;;;;;;;;;;;;;;;;;;;;;;;;;;;;;;835;5;125;200;65;45;205;115;75;2035;1550;490;0,8;179;130;0,6;0,6;0,4;0,6;10,9;1180;1137;44;"         .";;2;1722
"Nijlân";"Leeuwarden                              ";"Buurt     ";"BU00804101";"1";3875;1870;2010;410;450;1220;815;980;2250;925;440;255;2940;270;665;2940;110;295;160;375;;;;;2480;1540;540;405;1,6;3794;2484;;334;;197;24;13;6;1;4;76;3;31;69;37;32;92;8;;;;;;;;;;;;;;;;;;;;;;;;;;;;;;;;;;;;;;;;;;;295;0;40;40;25;5;65;70;50;1660;1425;235;0,7;1627;125;0,6;0,6;0,4;0,5;11;107;102;5;"      8931";1;2;1999
"De Zwette I Harlingervaart";"Leeuwarden                              ";"Buurt     ";"BU00804102";"3";20;15;5;0;5;10;5;5;15;5;0;5;15;5;5;15;0;0;0;0;;;;;10;5;0;5;1,8;90;7;;163;;;;;;;;;;;;;;;;;;;;;;;;;;;;;;;;;;;;;;;;;;;;;;;;;;;;;;;;;;45;0;5;25;5;0;5;5;5;15;10;0;;;0;2,1;1,3;1,1;1,3;11,6;24;22;1;"      8912";1;3;1099
"De Zwette II Zwettehaven";"Leeuwarden                              ";"Buurt     ";"BU00804103";"1";5;0;0;0;0;0;0;0;0;0;0;0;0;0;0;0;0;0;0;0;;;;;0;0;5;0;2;;1;;156;;;;;;;;;;;;;;;;;;;;;;;;;;;;;;;;;;;;;;;;;;;;;;;;;;;;;;;;;;130;0;30;45;5;5;20;15;10;60;25;35;;;0;;;;;;53;47;5;"      8912";2;4;737
"De Zwette III Schenkenschans";"Leeuwarden                              ";"Buurt     ";"BU00804104";"1";0;5;0;5;0;0;0;0;5;5;0;0;5;0;0;5;0;0;0;0;;;;;0;0;0;0;4;;1;;142;;;;;;;;;;;;;;;;;;;;;;;;;;;;;;;;;;;;;;;;;;;;;;;;;;;;;;;;;;105;0;20;35;10;5;30;5;5;55;10;45;;;0;;;;;;52;46;6;"      8912";1;5;255
"De Zwette IV Businesspark";"Leeuwarden                              ";"Buurt     ";"BU00804105";"1";0;0;0;0;0;0;0;0;0;0;0;0;0;0;0;0;0;0;0;0;;;;;0;0;0;0;1;;0;;160;;;;;;;;;;;;;;;;;;;;;;;;;;;;;;;;;;;;;;;;;;;;;;;;;;;;;;;;;;205;0;20;45;20;25;70;20;10;185;45;140;;;0;;;;;;60;59;2;"      8914";1;4;987
"De Zwette V Newton";"Leeuwarden                              ";"Buurt     ";"BU00804106";"1";0;0;0;0;0;0;0;0;0;0;0;0;0;0;0;0;0;0;0;0;;;;;0;0;0;0;;;0;;92;;;;;;;;;;;;;;;;;;;;;;;;;;;;;;;;;;;;;;;;;;;;;;;;;;;;;;;;;;35;0;15;10;5;0;5;0;0;40;15;25;;;0;;;;;;115;108;6;"      8912";1;5;59
"De Zwette VI Deinumerpolder";"Leeuwarden                              ";"Buurt     ";"BU00804107";"1";0;0;0;0;0;0;0;0;0;0;0;0;0;0;0;0;0;0;0;0;;;;;0;0;0;0;;;0;;2;;;;;;;;;;;;;;;;;;;;;;;;;;;;;;;;;;;;;;;;;;;;;;;;;;;;;;;;;;0;;;;;;;;;0;0;0;;;0;;;;;;43;40;3;"      8912";6;5;106
"EnergieCampus Sylsterrak";"Leeuwarden                              ";"Buurt     ";"BU00804108";"1";0;0;0;0;0;0;0;0;0;0;0;0;0;0;0;0;0;0;0;0;;;;;0;0;0;0;;;0;;4;;;;;;;;;;;;;;;;;;;;;;;;;;;;;;;;;;;;;;;;;;;;;;;;;;;;;;;;;;10;;;;;;;;;0;0;0;;;0;;;;;;56;50;6;"      8914";6;5;143
"Buitengebied De Zwette";"Leeuwarden                              ";"Buurt     ";"BU00804109";"1";30;15;15;10;5;10;5;5;15;15;5;0;25;0;0;30;0;0;0;0;;;;;10;5;5;5;2,3;7;10;;4;;;;;;;;;;;;;;;;;;;;;;;;;;;;;;;;;;;;;;;;;;;;;;;;;;;;;;;;;;10;;;;;;;;;15;10;5;;;0;3,5;2,1;1,8;2,1;2,5;459;451;7;"      8912";1;5;155
"Buitengebied West";"Leeuwarden                              ";"Buurt     ";"BU00804110";"1";5;0;5;0;5;0;5;0;5;5;0;0;5;0;0;5;0;0;0;0;;;;;5;0;0;0;3;;2;;4;;;;;;;;;;;;;;;;;;;;;;;;;;;;;;;;;;;;;;;;;;;;;;;;;;;;;;;;;;0;;;;;;;;;0;0;0;;;0;;;;;;212;210;2;"      8914";6;5;259
"Heechterp & Schieringen";"Leeuwarden                              ";"Wijk      ";"WK008050  ";"1";3645;1950;1700;590;555;1315;820;370;2555;620;400;75;1850;285;1510;1850;95;575;190;940;;;;;2215;1370;340;500;1,6;2414;2167;;146;;166;25;17;6;1;1;75;3;17;83;71;12;91;9;;;;;;;;;;;;;;;;;;;;;;;;;;;;;;;;;;;;;;;;;;;295;0;40;75;25;0;45;60;45;1150;975;180;0,5;762;60;0,9;0,5;0,4;0,7;11,6;159;151;8;"         .";;2;2457
"Heechterp";"Leeuwarden                              ";"Buurt     ";"BU00805001";"1";1740;940;800;295;280;620;390;155;1260;270;170;45;800;110;830;800;35;315;70;520;;;;;1060;675;140;245;1,6;3075;1047;;60;;151;23;15;6;2;0;77;2;10;90;87;3;97;3;;;;;;;;;;;;;;;;;;;;;;;;;;;;;;;;;;;;;;;;;;;140;0;20;25;15;0;15;30;30;540;450;90;0,5;950;20;0,9;0,5;0,4;0,5;11,9;59;57;2;"      8924";1;1;2585
"Schieringen";"Leeuwarden                              ";"Buurt     ";"BU00805002";"1";1905;1010;890;300;275;690;430;210;1290;345;230;35;1045;175;680;1045;60;260;120;420;;;;;1150;695;200;255;1,7;2247;1116;;48;;181;27;18;6;1;2;73;3;24;76;56;20;87;13;;;;;;;;;;;;;;;;;;;;;;;;;;;;;;;;;;;;;;;;;;;135;0;20;25;10;0;30;30;15;610;520;90;0,5;720;40;0,8;0,6;0,4;1;11,3;88;85;4;"      8924";1;2;2317
"De Centrale";"Leeuwarden                              ";"Buurt     ";"BU00805003";"1";5;0;5;0;0;0;5;5;5;0;5;0;0;0;0;5;0;0;0;0;;;;;5;0;0;0;1,3;;4;;38;;;;;;;;;;;;;;;;;;;;;;;;;;;;;;;;;;;;;;;;;;;;;;;;;;;;;;;;;;25;0;0;20;0;0;0;0;0;5;5;0;;;0;;;;;;12;10;2;"      8924";2;1;2967
"Camminghaburen e.o.";"Leeuwarden                              ";"Wijk      ";"WK008051  ";"1";10525;5290;5230;1500;1155;2505;2835;2535;4850;4325;855;495;8665;585;1275;8665;275;645;300;630;;;;;4985;1805;1605;1580;2,1;1429;4889;;215;;291;79;43;17;11;8;21;2;70;30;15;15;99;1;;;;;;;;;;;;;;;;;;;;;;;;;;;;;;;;;;;;;;;;;;;835;0;115;120;80;35;215;160;105;5205;4075;1135;1;707;440;1;1;0,6;1;4,3;978;736;242;"         .";;3;1350
"Camminghaburen-Noord";"Leeuwarden                              ";"Buurt     ";"BU00805101";"1";4040;2105;1930;660;550;1130;1040;655;2195;1375;350;115;3120;270;645;3120;115;325;155;325;;;;;1925;800;490;635;2,1;4927;1888;;33;;250;77;51;19;3;4;23;2;68;32;19;13;100;0;;;;;;;;;;;;;;;;;;;;;;;;;;;;;;;;;;;;;;;;;;;310;0;50;40;40;10;70;70;35;1910;1510;400;1;2331;165;1;0,8;0,6;1,4;4,6;87;82;6;"      8926";1;3;1285
"Camminghaburen-Midden";"Leeuwarden                              ";"Buurt     ";"BU00805102";"1";3615;1745;1870;490;320;825;920;1055;1550;1500;310;255;3025;180;405;3025;100;200;80;205;;;;;1795;695;560;540;2;5713;1796;;128;;275;71;40;16;13;3;29;1;58;42;20;22;100;0;;;;;;;;;;;;;;;;;;;;;;;;;;;;;;;;;;;;;;;;;;;280;0;35;40;20;10;75;55;45;1740;1430;310;1;2751;125;0,9;0,8;0,5;0,7;4,4;67;63;4;"      8925";4;3;1469
"Camminghaburen-Zuid";"Leeuwarden                              ";"Buurt     ";"BU00805103";"1";2705;1350;1355;335;275;515;800;780;1035;1385;165;125;2380;110;210;2380;55;120;55;95;;;;;1175;265;510;395;2,3;3150;1175;;24;;376;94;35;16;21;22;6;1;91;9;0;9;96;4;;;;;;;;;;;;;;;;;;;;;;;;;;;;;;;;;;;;;;;;;;;215;0;20;30;25;15;60;35;25;1445;1060;385;1,2;1681;140;1;1,1;0,5;0,6;4;94;86;8;"      8925";1;3;1323
"Grote Wielen";"Leeuwarden                              ";"Buurt     ";"BU00805104";"1";5;0;0;0;0;0;0;0;0;0;0;0;0;0;0;0;0;0;0;5;;;;;0;0;0;0;2;;1;;5;;;;;;;;;;;;;;;;;;;;;;;;;;;;;;;;;;;;;;;;;;;;;;;;;;;;;;;;;;5;;;;;;;;;5;0;0;;;0;;;;;;340;234;106;"      8926";1;5;37
"De Groene Ster";"Leeuwarden                              ";"Buurt     ";"BU00805105";"1";165;90;75;10;15;30;70;40;60;70;30;5;140;20;10;140;0;5;15;5;;;;;90;45;35;15;1,8;61;29;;25;;523;79;62;7;0;10;21;7;90;10;0;10;97;3;;;;;;;;;;;;;;;;;;;;;;;;;;;;;;;;;;;;;;;;;;;25;0;5;5;0;0;5;0;5;110;75;35;1,2;40;5;5,8;5,2;3,2;4,9;0;390;271;119;"      8926";2;5;162
"Bilgaard & Havankpark e.o.";"Leeuwarden                              ";"Wijk      ";"WK008060  ";"1";6965;3315;3655;1030;855;1640;1725;1715;3715;1885;980;385;3910;500;2560;3905;185;1015;320;1540;;;;;3820;2130;760;930;1,8;2946;3763;;604;;212;42;26;8;5;3;58;3;26;73;65;9;95;5;;;;;;;;;;;;;;;;;;;;;;;;;;;;;;;;;;;;;;;;;;;515;5;75;90;40;5;125;115;60;2470;1995;475;0,6;1044;145;0,9;0,6;0,7;0,5;12,3;247;236;10;"         .";;2;2497
"Bilgaard";"Leeuwarden                              ";"Buurt     ";"BU00806001";"1";6355;2975;3380;965;775;1515;1530;1580;3420;1620;945;365;3425;455;2480;3425;170;1000;285;1480;;;;;3510;2000;650;860;1,8;7334;3487;;593;;202;39;28;8;2;1;61;3;23;77;70;7;95;5;;;;;;;;;;;;;;;;;;;;;;;;;;;;;;;;;;;;;;;;;;;430;5;65;85;30;5;95;90;55;2185;1800;385;0,6;2519;125;0,8;0,5;0,7;0,4;12,7;89;87;2;"      8918";2;1;2575
"Havankpark";"Leeuwarden                              ";"Buurt     ";"BU00806002";"1";370;185;185;45;45;45;135;100;160;190;15;10;325;25;20;330;15;10;10;10;;;;;150;25;70;60;2,4;3211;150;;3;;486;100;8;4;64;24;0;1;99;1;0;1;98;2;;;;;;;;;;;;;;;;;;;;;;;;;;;;;;;;;;;;;;;;;;;50;0;5;5;5;0;20;15;5;175;110;65;1,2;1536;10;1,9;1,3;1,7;1;7,4;12;12;1;"      8919";1;2;1689
"Vierhuisterweg e.o.";"Leeuwarden                              ";"Buurt     ";"BU00806003";"1";240;160;85;25;35;85;65;40;135;80;20;10;155;25;65;155;5;5;20;55;;;;;155;105;35;20;1,5;175;126;;8;;170;36;3;3;10;19;64;3;33;67;0;67;99;1;;;;;;;;;;;;;;;;;;;;;;;;;;;;;;;;;;;;;;;;;;;35;0;0;5;5;0;10;5;0;110;85;25;0,7;79;10;1,8;1,7;0,7;1,5;9,4;146;138;7;"      8919";1;3;1135
"Vrijheidswijk";"Leeuwarden                              ";"Wijk      ";"WK008061  ";"1";3640;1750;1890;625;465;955;820;775;2030;975;445;185;2035;210;1395;2040;95;580;115;805;;;;;1915;1005;415;490;1,9;6707;1867;;92;;213;41;26;11;4;1;59;2;24;76;72;4;93;7;;;;;;;;;;;;;;;;;;;;;;;;;;;;;;;;;;;;;;;;;;;265;5;35;55;40;5;55;50;30;1370;1075;295;0,7;2522;50;1,6;0,5;0,5;0,9;10,7;59;54;5;"         .";;2;2427
"Vrijheidswijk-West";"Leeuwarden                              ";"Buurt     ";"BU00806101";"1";2135;1080;1050;435;320;665;440;270;1375;525;175;60;1105;125;900;1105;55;375;75;525;;;;;1045;500;210;330;2;7836;1002;;52;;231;47;28;11;7;1;53;1;30;70;66;4;100;0;;;;;;;;;;;;;;;;;;;;;;;;;;;;;;;;;;;;;;;;;;;160;0;20;30;25;5;30;30;15;760;580;180;0,7;2786;30;1,5;0,6;0,4;0,8;11,4;30;27;2;"      8923";1;1;2879
"Vrijheidswijk-Oost";"Leeuwarden                              ";"Buurt     ";"BU00806102";"1";1510;670;840;190;145;285;385;505;660;450;275;120;930;85;485;935;45;205;40;285;;;;;870;505;210;160;1,7;5572;865;;40;;193;35;25;10;0;0;65;2;17;83;80;3;86;14;;;;;;;;;;;;;;;;;;;;;;;;;;;;;;;;;;;;;;;;;;;110;0;15;25;15;0;25;15;10;610;495;115;0,7;2257;20;1,6;0,4;0,6;1,1;9,6;29;27;2;"      8923";1;2;1900
"Dokkumer Ie e.o.";"Leeuwarden                              ";"Wijk      ";"WK008062  ";"1";3600;1825;1785;590;395;765;1100;760;1645;1575;245;135;3180;145;275;3185;85;150;60;125;;;;;1495;365;535;600;2,4;168;1497;;169;;404;98;16;13;21;48;2;2;83;17;10;6;78;22;;;;;;;;;;;;;;;;;;;;;;;;;;;;;;;;;;;;;;;;;;;480;35;75;65;25;30;115;70;60;1950;1405;545;1,3;91;220;2,4;2;1,2;1,4;3,7;2198;2144;54;"         .";;5;473
"Lekkum";"Leeuwarden                              ";"Buurt     ";"BU00806201";"1";395;190;205;50;40;85;120;100;180;170;25;20;355;15;25;355;10;20;5;5;;;;;180;60;70;60;2,2;1384;187;;15;;260;99;29;25;24;20;1;3;75;25;18;7;97;3;;;;;;;;;;;;;;;;;;;;;;;;;;;;;;;;;;;;;;;;;;;50;0;5;10;0;5;10;10;10;200;160;40;1,1;703;20;2,6;1,6;0,2;0,2;4,9;30;28;1;"      9081";1;5;386
"Snakkerburen";"Leeuwarden                              ";"Buurt     ";"BU00806202";"1";195;95;100;20;25;30;60;60;95;65;30;15;190;5;0;190;5;0;0;5;;;;;105;50;35;25;1,9;695;90;;8;;353;98;32;19;9;38;2;6;86;14;4;10;99;1;;;;;;;;;;;;;;;;;;;;;;;;;;;;;;;;;;;;;;;;;;;30;0;5;5;0;0;10;5;5;115;85;30;1,1;402;5;2,4;1,4;1,2;1,2;5,2;31;28;3;"      9083";1;3;1415
"Buitengebied Lekkum en Miedum";"Leeuwarden                              ";"Buurt     ";"BU00806203";"1";55;25;25;15;5;5;15;10;25;25;0;0;55;0;0;55;0;0;0;0;;;;;15;0;10;10;3,2;11;19;;5;;;;;;;;;;;;;;;;;;;;;;;;;;;;;;;;;;;;;;;;;;;;;;;;;;;;;;;;;;10;;;;;;;;;25;15;10;;;5;3,7;2,9;2,2;2,1;2,6;502;491;11;"      9082";6;5;192
"Blitsaerd";"Leeuwarden                              ";"Buurt     ";"BU00806204";"1";1285;675;620;275;175;270;430;145;650;555;70;10;1055;60;175;1060;30;95;25;80;;;;;445;45;155;245;2,9;1222;440;;1;;658;99;10;5;13;71;1;1;96;4;0;4;31;69;;;;;;;;;;;;;;;;;;;;;;;;;;;;;;;;;;;;;;;;;;;160;0;20;15;15;15;55;25;15;660;400;260;1,5;626;75;2,5;1,9;1,7;2,3;4,1;124;105;18;"      8927";1;4;821
"Jelsum";"Leeuwarden                              ";"Buurt     ";"BU00806205";"1";160;85;75;25;10;40;40;50;70;70;15;10;155;5;5;155;5;5;0;0;;;;;85;35;30;25;1,9;571;84;;7;;299;99;6;5;35;54;1;1;64;36;23;13;99;1;;;;;;;;;;;;;;;;;;;;;;;;;;;;;;;;;;;;;;;;;;;20;;;;;;;;;85;70;15;1;298;10;3,5;3,2;2,1;2,2;1;29;29;0;"      9057";1;5;102
"Buitengebied Jelsum";"Leeuwarden                              ";"Buurt     ";"BU00806206";"1";135;70;70;20;15;25;45;40;65;55;15;10;130;5;5;130;0;5;0;5;;;;;60;20;20;20;2,2;28;65;;12;;364;97;5;9;25;58;3;3;88;12;0;12;98;2;;;;;;;;;;;;;;;;;;;;;;;;;;;;;;;;;;;;;;;;;;;30;5;5;10;0;0;10;0;0;105;70;35;1,6;21;10;3,4;3,2;2,1;2,8;2,3;499;491;8;"      9057";2;5;104
"Koarnjum";"Leeuwarden                              ";"Buurt     ";"BU00806207";"1";355;170;180;55;20;95;80;90;150;155;20;20;325;10;20;325;10;10;5;15;;;;;160;40;65;55;2,2;1017;162;;7;;270;93;17;14;31;31;7;1;69;31;24;7;100;0;;;;;;;;;;;;;;;;;;;;;;;;;;;;;;;;;;;;;;;;;;;35;0;10;5;0;0;10;0;5;185;155;30;1,2;540;30;2,5;2,4;1,2;1,2;2,9;35;35;0;"      9056";1;5;154
"Buitengebied Koarnjum";"Leeuwarden                              ";"Buurt     ";"BU00806208";"1";70;40;30;10;5;5;35;10;25;35;5;5;65;5;0;65;0;0;0;0;;;;;25;5;5;15;2,6;15;29;;93;;475;100;0;0;14;86;0;7;97;3;0;3;97;3;;;;;;;;;;;;;;;;;;;;;;;;;;;;;;;;;;;;;;;;;;;35;10;10;5;0;0;0;5;5;60;45;15;;;10;3,3;2,8;2,3;2,3;1,9;452;448;4;"      9056";1;5;110
"Britsum";"Leeuwarden                              ";"Buurt     ";"BU00806209";"1";885;435;455;115;90;190;250;240;365;415;65;50;800;45;40;805;25;20;20;20;;;;;395;105;135;150;2,3;2074;401;;15;;270;99;20;19;24;36;1;2;79;21;15;5;98;2;;;;;;;;;;;;;;;;;;;;;;;;;;;;;;;;;;;;;;;;;;;90;0;20;15;5;0;15;20;15;475;375;100;1,2;1106;50;1,6;1,8;0,3;0,3;3,5;43;43;1;"      9055";1;5;312
"Buitengebied Britsum";"Leeuwarden                              ";"Buurt     ";"BU00806210";"1";55;35;20;10;15;10;15;15;20;30;5;0;50;5;0;50;5;0;0;0;;;;;20;5;5;5;2,8;13;20;;6;;406;100;0;0;10;90;0;5;85;15;0;15;100;0;;;;;;;;;;;;;;;;;;;;;;;;;;;;;;;;;;;;;;;;;;;15;;;;;;;;;45;30;10;;;5;2,8;2,6;1,6;1,6;2,3;453;446;7;"      9055";1;5;269
"Stiens e.o.";"Leeuwarden                              ";"Wijk      ";"WK008063  ";"1";8585;4235;4345;1365;860;1860;2280;2215;3820;3715;570;480;7680;300;605;7680;185;315;120;290;;;;;3645;1070;1310;1265;2,3;331;3781;;415;;300;91;23;16;23;29;9;2;74;26;20;6;95;5;;;;;;;;;;;;;;;;;;;;;;;;;;;;;;;;;;;;;;;;;;;905;50;150;160;50;45;200;150;100;4570;3470;1100;1,3;176;405;1,3;1;0,8;0,8;3,7;2635;2594;41;"         .";;4;637
"Stiens";"Leeuwarden                              ";"Buurt     ";"BU00806301";"1";7530;3680;3850;1225;730;1665;1935;1975;3320;3280;500;430;6705;255;570;6705;165;295;95;270;;;;;3170;910;1150;1105;2,3;2436;3300;;372;;295;90;26;18;24;23;10;2;73;27;21;6;95;5;;;;;;;;;;;;;;;;;;;;;;;;;;;;;;;;;;;;;;;;;;;735;10;120;140;40;35;170;135;85;3920;2990;930;1,2;1269;340;1;0,7;0,7;0,7;4;317;309;8;"      9051";1;4;720
"Buitengebied Stiens";"Leeuwarden                              ";"Buurt     ";"BU00806302";"1";250;140;115;35;35;40;95;50;105;120;10;15;250;5;5;245;0;0;0;0;;;;;105;25;40;40;2,5;17;102;;9;;479;98;0;0;6;92;2;5;91;9;0;9;97;3;;;;;;;;;;;;;;;;;;;;;;;;;;;;;;;;;;;;;;;;;;;60;15;10;5;5;5;10;5;5;140;95;45;1,4;10;15;3,4;3;2,6;2,8;1,2;1493;1471;22;"      9051";1;5;71
"Feinsum";"Leeuwarden                              ";"Buurt     ";"BU00806303";"1";115;50;60;10;20;10;35;45;45;60;5;0;105;5;5;110;5;5;0;0;;;;;50;15;25;10;2,3;275;50;;3;;382;100;0;0;28;72;0;4;92;8;6;2;96;4;;;;;;;;;;;;;;;;;;;;;;;;;;;;;;;;;;;;;;;;;;;10;;;;;;;;;75;50;20;;;10;3,1;2,3;1,9;1,9;2;43;42;1;"      9053";1;5;55
"Buitengebied Feinsum";"Leeuwarden                              ";"Buurt     ";"BU00806304";"1";45;25;20;10;5;15;15;5;20;20;5;0;45;5;0;40;0;0;5;0;;;;;20;5;5;5;2,6;16;18;;1;;;;;;;;;;;;;;;;;;;;;;;;;;;;;;;;;;;;;;;;;;;;;;;;;;;;;;;;;;15;;;;;;;;;30;20;10;;;0;3,7;2,8;2,1;2,1;1,9;290;287;4;"      9053";1;5;36
"Hijum";"Leeuwarden                              ";"Buurt     ";"BU00806305";"1";390;205;180;70;45;90;100;85;215;125;30;20;340;20;25;345;10;15;5;15;;;;;180;65;50;65;2,1;871;181;;17;;250;100;14;17;23;46;0;1;71;29;25;3;99;1;;;;;;;;;;;;;;;;;;;;;;;;;;;;;;;;;;;;;;;;;;;40;5;10;5;5;0;10;5;5;225;180;45;1,2;505;25;2,6;2,3;0,3;0,3;3;45;45;0;"      9054";1;5;65
"Buitengebied Hijum";"Leeuwarden                              ";"Buurt     ";"BU00806306";"1";25;15;10;0;0;5;5;10;15;10;0;0;25;0;0;25;0;0;0;0;;;;;10;0;10;5;2,4;8;12;;1;;;;;;;;;;;;;;;;;;;;;;;;;;;;;;;;;;;;;;;;;;;;;;;;;;;;;;;;;;5;;;;;;;;;10;5;5;;;0;3,4;3,3;1,4;1,4;1,8;322;319;4;"      9054";1;5;27
"Alde Leie";"Leeuwarden                              ";"Buurt     ";"BU00806307";"1";235;120;115;20;30;40;85;55;100;100;20;15;215;20;0;210;5;0;10;0;;;;;115;50;35;30;2;189;118;;12;;288;100;6;7;20;67;0;3;86;14;8;5;98;2;;;;;;;;;;;;;;;;;;;;;;;;;;;;;;;;;;;;;;;;;;;40;5;10;5;0;0;10;5;5;165;130;35;1,4;135;15;3,2;4,7;2,1;2,4;1,7;126;123;3;"      9071";1;5;43
"Aldlân & De Hemrik";"Leeuwarden                              ";"Wijk      ";"WK008070  ";"1";6975;3380;3595;890;785;1710;1605;1975;3345;2510;625;495;5600;580;795;5600;185;395;400;400;;;;;3575;1630;1065;880;1,9;1973;3605;;1987;;257;66;42;18;2;5;34;4;55;45;16;29;100;0;;;;;;;;;;;;;;;;;;;;;;;;;;;;;;;;;;;;;;;;;;;1150;0;200;345;85;40;220;150;115;5160;3570;1590;1,4;1460;260;0,7;0,9;0,6;0,6;6,2;380;353;27;"         .";;3;1385
"Aldlân-Oost";"Leeuwarden                              ";"Buurt     ";"BU00807001";"1";3630;1815;1815;605;390;905;940;785;1770;1370;315;175;2920;220;490;2920;115;245;110;245;;;;;1685;590;520;575;2,2;5220;1666;;60;;271;95;62;26;3;6;5;3;72;28;16;12;100;0;;;;;;;;;;;;;;;;;;;;;;;;;;;;;;;;;;;;;;;;;;;255;0;30;45;30;5;60;50;40;1685;1335;350;1;2420;115;0,5;0,6;0,4;0,5;4,8;74;70;5;"      8935";1;3;1379
"Aldlân-West";"Leeuwarden                              ";"Buurt     ";"BU00807002";"1";1940;905;1030;200;215;475;445;595;895;710;200;130;1625;95;215;1625;50;105;45;110;;;;;1095;550;335;215;1,8;5772;1108;;49;;218;60;40;18;0;1;40;3;51;49;24;25;100;0;;;;;;;;;;;;;;;;;;;;;;;;;;;;;;;;;;;;;;;;;;;125;0;20;25;10;0;30;30;15;930;765;165;0,9;2774;75;0,4;1,2;0,4;0,4;8;35;34;2;"      8935";1;2;1842
"Rapenburg";"Leeuwarden                              ";"Buurt     ";"BU00807003";"1";1060;480;575;35;115;220;140;555;415;370;85;195;960;35;65;965;20;30;20;35;;;;;610;385;190;35;1,5;3728;799;;26;;;14;5;2;1;5;86;7;26;74;6;68;100;0;;;;;;;;;;;;;;;;;;;;;;;;;;;;;;;;;;;;;;;;;;;125;0;10;15;10;5;30;45;15;455;345;110;0,8;1602;25;1,1;1,2;1;1;8;30;28;2;"      8935";1;2;2224
"Hemrik";"Leeuwarden                              ";"Buurt     ";"BU00807004";"1";340;180;165;50;65;115;80;35;255;65;20;0;90;225;25;90;5;5;220;20;;;;;190;110;20;55;1,8;155;32;;1852;;473;84;0;3;9;72;16;9;69;31;0;31;97;3;;;;;;;;;;;;;;;;;;;;;;;;;;;;;;;;;;;;;;;;;;;640;0;140;255;35;30;105;30;50;2090;1125;965;;;45;2,2;2,2;2;2;4,7;240;222;19;"      8938";1;4;759
"Goutum";"Leeuwarden                              ";"Wijk      ";"WK008071  ";"1";3435;1725;1710;705;340;715;915;765;1570;1525;205;140;3025;140;270;3030;95;125;45;145;;;;;1285;265;470;550;2,5;2434;1297;;73;;452;98;33;18;18;29;2;1;92;8;5;3;86;14;;;;;;;;;;;;;;;;;;;;;;;;;;;;;;;;;;;;;;;;;;;300;0;20;35;10;15;115;70;40;1605;1170;435;1,3;1138;140;2,8;1,2;0,8;0,8;7,3;152;141;11;"         .";;4;922
"Goutum";"Leeuwarden                              ";"Buurt     ";"BU00807101";"1";3435;1725;1710;705;340;715;910;760;1570;1525;200;140;3025;135;270;3025;95;125;45;145;;;;;1285;265;470;550;2,5;2434;1297;;73;;452;98;33;18;18;29;2;1;92;8;5;3;86;14;;;;;;;;;;;;;;;;;;;;;;;;;;;;;;;;;;;;;;;;;;;300;0;20;35;10;15;115;70;40;1605;1170;435;1,3;1138;140;2,8;1,2;0,8;0,8;7,3;152;141;11;"      9084";1;4;922
"Hempens/Teerns & Zuiderburen";"Leeuwarden                              ";"Wijk      ";"WK008072  ";"1";5725;2910;2820;1035;865;1015;1975;835;2765;2465;355;140;4925;260;545;4925;140;310;115;235;;;;;2105;350;680;1075;2,7;1397;2090;;72;;496;94;24;9;26;34;6;1;87;13;4;8;98;2;;;;;;;;;;;;;;;;;;;;;;;;;;;;;;;;;;;;;;;;;;;685;5;55;75;45;60;230;155;60;4430;2900;1530;2,1;1081;220;3,8;1,6;1,3;1,3;2,7;505;410;95;"         .";;4;740
"Hempens/Teerns";"Leeuwarden                              ";"Buurt     ";"BU00807201";"1";155;75;85;20;15;20;55;40;80;60;15;5;140;5;5;145;0;5;5;0;;;;;80;30;25;25;2;911;69;;4;;446;100;12;13;26;49;0;3;80;20;10;10;91;9;;;;;;;;;;;;;;;;;;;;;;;;;;;;;;;;;;;;;;;;;;;20;;;;;;;;;90;65;25;1,2;517;15;3,3;1,1;1,7;1,7;3,1;20;17;3;"      9086";2;4;532
"Buitengebied Hempens";"Leeuwarden                              ";"Buurt     ";"BU00807202";"1";140;65;70;40;15;25;45;15;75;55;10;0;130;0;10;130;0;5;0;0;;;;;40;0;10;30;3,3;198;42;;15;;813;100;0;0;10;90;0;0;100;0;0;0;71;29;;;;;;;;;;;;;;;;;;;;;;;;;;;;;;;;;;;;;;;;;;;30;0;0;0;0;5;10;10;0;75;35;35;;;15;3,8;1,6;2,1;2,1;2,3;73;70;4;"      9086";3;5;429
"Zuiderburen";"Leeuwarden                              ";"Buurt     ";"BU00807203";"1";5430;2770;2665;970;835;970;1875;785;2615;2345;335;130;4655;250;530;4655;135;300;115;230;;;;;1985;315;650;1020;2,7;1681;1979;;53;;491;94;25;9;27;32;6;1;87;13;4;8;99;1;;;;;;;;;;;;;;;;;;;;;;;;;;;;;;;;;;;;;;;;;;;635;5;50;70;45;55;220;145;55;4270;2795;1470;2,1;1320;195;3,8;1,6;1,2;1,2;2,7;412;323;88;"      8939";1;4;756
"De Zuidlanden";"Leeuwarden                              ";"Wijk      ";"WK008073  ";"1";4080;2080;2000;1285;375;1480;785;150;2440;1435;185;25;3630;110;335;3635;60;220;50;110;;;;;1325;180;265;880;3,1;1137;1321;;25;;480;91;34;18;27;13;9;1;82;18;5;13;24;76;;;;;;;;;;;;;;;;;;;;;;;;;;;;;;;;;;;;;;;;;;;375;0;35;25;35;20;135;95;30;1675;1140;540;1,3;467;115;3,7;1,3;0,9;0,9;3;366;359;7;"         .";;5;419
"Techum";"Leeuwarden                              ";"Buurt     ";"BU00807301";"1";1950;990;960;630;185;655;400;80;1200;645;90;15;1725;55;165;1725;30;105;25;65;;;;;655;120;120;410;3;3168;648;;16;;447;87;31;16;29;11;13;1;70;30;10;20;48;52;;;;;;;;;;;;;;;;;;;;;;;;;;;;;;;;;;;;;;;;;;;190;0;15;15;15;5;60;60;20;780;535;240;1,2;1265;65;3,7;0,9;0,6;0,6;3,6;63;62;2;"      8941";1;5;399
"Wiarda";"Leeuwarden                              ";"Buurt     ";"BU00807302";"1";1035;515;515;280;115;350;230;55;570;405;50;5;940;20;70;940;15;50;10;20;;;;;335;35;85;220;3,1;4167;336;;0;;506;90;35;20;21;15;10;1;89;10;0;10;0;100;;;;;;;;;;;;;;;;;;;;;;;;;;;;;;;;;;;;;;;;;;;90;0;5;5;10;5;35;20;5;440;295;145;1,3;1773;30;3,4;1,6;1,9;2,1;1,7;28;25;3;"      8941";1;5;427
"De Werp";"Leeuwarden                              ";"Buurt     ";"BU00807303";"1";5;5;0;0;5;0;5;0;0;0;0;0;5;0;0;10;0;0;0;0;;;;;5;0;0;0;3;;2;;4;;;;;;;;;;;;;;;;;;;;;;;;;;;;;;;;;;;;;;;;;;;;;;;;;;;;;;;;;;10;;;;;;;;;15;5;15;;;0;;;;;;64;64;0;"      8941";1;5;302
"De Zuidlanden";"Leeuwarden                              ";"Buurt     ";"BU00807304";"3";5;5;5;0;0;0;0;0;5;0;0;0;5;0;0;0;0;0;0;0;;;;;5;5;0;0;1,3;;4;;4;;;;;;;;;;;;;;;;;;;;;;;;;;;;;;;;;;;;;;;;;;;;;;;;;;;;;;;;;;0;;;;;;;;;0;0;0;;;0;;;;;;157;156;1;"      8941";6;5;139
"De Klamp";"Leeuwarden                              ";"Buurt     ";"BU00807305";"1";1080;560;515;380;70;470;150;5;660;375;40;0;955;25;95;960;15;65;10;30;;;;;330;20;60;250;3,3;4003;330;;1;;519;100;37;20;29;14;0;1;99;1;0;1;0;100;;;;;;;;;;;;;;;;;;;;;;;;;;;;;;;;;;;;;;;;;;;90;0;15;5;10;5;40;15;5;440;300;140;1,3;1633;20;3,8;1,6;0,4;0,4;3;28;27;1;"      8941";1;5;458
"Unia";"Leeuwarden                              ";"Buurt     ";"BU00807306";"3";5;5;0;5;0;5;0;5;5;0;0;0;10;0;0;5;0;0;0;0;;;;;0;0;0;0;3;;1;;0;;;;;;;;;;;;;;;;;;;;;;;;;;;;;;;;;;;;;;;;;;;;;;;;;;;;;;;;;;0;;;;;;;;;0;0;0;;;0;;;;;;25;25;1;"      8941";1;5;178
"Middelsee";"Leeuwarden                              ";"Wijk      ";"WK008074  ";"1";190;100;95;20;20;65;50;40;100;65;15;10;160;15;15;165;5;15;5;5;;;;;100;40;35;20;1,8;108;71;;7;;379;93;73;6;0;14;7;7;87;13;0;13;18;82;;;;;;;;;;;;;;;;;;;;;;;;;;;;;;;;;;;;;;;;;;;30;0;5;5;0;0;5;5;5;95;65;30;1;53;10;2,7;1,8;1,2;1,3;7,3;182;178;4;"         .";;3;1168
"Havenstêd";"Leeuwarden                              ";"Buurt     ";"BU00807401";"3";130;65;65;15;10;55;30;20;75;40;10;0;105;5;15;105;0;10;5;5;;;;;75;35;30;10;1,7;794;56;;1;;330;100;93;7;0;0;0;7;89;11;0;11;0;100;;;;;;;;;;;;;;;;;;;;;;;;;;;;;;;;;;;;;;;;;;;15;;;;;;;;;70;45;20;0,9;418;5;2,5;2;1,3;1,3;8,7;18;16;2;"      8912";1;3;1399
"Barrahûs";"Leeuwarden                              ";"Buurt     ";"BU00807402";"1";50;25;25;5;5;10;10;15;20;15;5;5;45;5;0;45;5;0;0;0;;;;;15;10;5;5;2,4;104;10;;1;;;;;;;;;;;;;;;;;;;;;;;;;;;;;;;;;;;;;;;;;;;;;;;;;;;;;;;;;;10;;;;;;;;;25;15;10;;;5;3,2;1,2;1,3;1,3;4;46;46;0;"      8912";2;5;261
"Wetterstêd";"Leeuwarden                              ";"Buurt     ";"BU00807403";"3";0;0;0;0;0;0;0;0;0;0;0;0;0;0;0;0;0;0;0;0;;;;;0;0;0;0;;;0;;0;;;;;;;;;;;;;;;;;;;;;;;;;;;;;;;;;;;;;;;;;;;;;;;;;;;;;;;;;;0;;;;;;;;;0;0;0;;;0;;;;;;23;23;0;"         .";;;
"De Fellingen";"Leeuwarden                              ";"Buurt     ";"BU00807404";"3";10;0;5;5;5;0;5;0;5;5;0;0;5;5;0;0;5;0;0;0;;;;;5;0;0;5;4,5;;3;;4;;;;;;;;;;;;;;;;;;;;;;;;;;;;;;;;;;;;;;;;;;;;;;;;;;;;;;;;;;5;;;;;;;;;0;0;0;;;0;;;;;;33;33;0;"      8912";1;4;906
"Boksumerhoeke";"Leeuwarden                              ";"Buurt     ";"BU00807405";"3";5;5;5;0;0;0;0;0;0;5;0;0;5;0;0;5;0;0;0;0;;;;;5;0;5;0;1,4;;2;;1;;;;;;;;;;;;;;;;;;;;;;;;;;;;;;;;;;;;;;;;;;;;;;;;;;;;;;;;;;0;;;;;;;;;0;0;0;;;0;;;;;;61;60;2;"      8912";1;4;722
"Dorpen Zuid-Oost";"Leeuwarden                              ";"Wijk      ";"WK008080  ";"1";3970;1965;2005;640;455;935;1125;815;1905;1660;250;155;3630;135;210;3630;60;100;75;105;;;;;1760;565;585;605;2,3;96;1767;;294;;317;96;22;17;21;36;4;4;70;30;24;6;92;8;;;;;;;;;;;;;;;;;;;;;;;;;;;;;;;;;;;;;;;;;;;535;65;85;95;35;10;110;80;60;2280;1700;585;1,3;55;205;2,2;1,3;0,6;0,7;1,1;4732;4124;608;"         .";;5;193
"Wirdum";"Leeuwarden                              ";"Buurt     ";"BU00808001";"1";1045;505;540;190;110;240;285;220;495;430;60;55;950;45;50;950;25;25;25;30;;;;;455;145;145;160;2,3;1548;454;;45;;309;98;23;17;22;36;2;3;70;30;24;6;95;5;;;;;;;;;;;;;;;;;;;;;;;;;;;;;;;;;;;;;;;;;;;115;0;20;20;10;5;35;15;10;590;455;140;1,3;876;35;2,8;0,3;0,4;0,5;1,4;70;67;3;"      9088";1;5;158
"Swichum";"Leeuwarden                              ";"Buurt     ";"BU00808002";"1";45;20;25;5;10;5;10;10;25;25;0;5;40;0;5;40;0;5;0;0;;;;;15;0;0;10;3;26;17;;2;;;;;;;;;;;;;;;;;;;;;;;;;;;;;;;;;;;;;;;;;;;;;;;;;;;;;;;;;;5;;;;;;;;;25;15;5;;;5;2,4;1,4;1,2;1,2;2,5;178;176;2;"      9087";1;5;49
"Buitengebied Wirdum";"Leeuwarden                              ";"Buurt     ";"BU00808003";"1";100;50;50;10;20;20;40;15;50;45;5;5;95;0;5;95;0;0;0;5;;;;;40;15;10;15;2,5;15;38;;7;;435;100;3;5;5;87;0;5;87;13;0;13;95;5;;;;;;;;;;;;;;;;;;;;;;;;;;;;;;;;;;;;;;;;;;;20;;;;;;;;;60;40;20;;;10;3;1,8;1,7;1,7;1,5;692;686;5;"      9088";1;5;59
"Wergea";"Leeuwarden                              ";"Buurt     ";"BU00808004";"1";1745;845;900;290;180;440;470;370;840;725;125;60;1595;45;100;1595;25;55;25;50;;;;;785;245;270;270;2,2;1508;804;;103;;309;94;25;17;24;28;6;4;69;31;28;4;88;12;;;;;;;;;;;;;;;;;;;;;;;;;;;;;;;;;;;;;;;;;;;210;5;35;40;10;5;45;40;30;995;755;240;1,3;858;85;0,6;0,5;0,5;0,7;1;127;116;11;"      9005";1;5;281
"Buitengebied Wergea";"Leeuwarden                              ";"Buurt     ";"BU00808005";"1";120;70;55;10;20;25;40;20;60;60;10;0;115;5;10;110;0;0;0;5;;;;;45;15;15;20;2,5;11;41;;10;;547;100;0;0;2;98;0;10;85;15;0;15;95;5;;;;;;;;;;;;;;;;;;;;;;;;;;;;;;;;;;;;;;;;;;;30;20;0;0;0;0;0;5;5;65;45;20;;;15;2,1;1,8;1,8;1,9;1,2;1174;1149;25;"      9005";2;5;106
"Warstiens";"Leeuwarden                              ";"Buurt     ";"BU00808006";"1";35;20;15;0;5;5;5;10;20;10;5;0;30;0;0;30;0;5;0;0;;;;;15;5;5;5;2,5;13;12;;4;;;;;;;;;;;;;;;;;;;;;;;;;;;;;;;;;;;;;;;;;;;;;;;;;;;;;;;;;;10;;;;;;;;;15;10;5;;;0;3,9;3,4;2,3;2,4;1;271;259;11;"      9004";1;5;6
"Warten";"Leeuwarden                              ";"Buurt     ";"BU00808007";"1";775;390;385;115;80;185;240;160;370;330;45;35;710;30;35;710;10;15;20;25;;;;;370;125;130;115;2,1;1640;358;;57;;272;98;25;21;20;32;2;4;67;32;26;6;97;3;;;;;;;;;;;;;;;;;;;;;;;;;;;;;;;;;;;;;;;;;;;115;5;20;25;5;5;25;20;15;465;345;120;1,3;981;55;4,3;3,7;0,5;0,4;1;59;47;12;"      9003";1;5;137
"Buitengebied Warten";"Leeuwarden                              ";"Buurt     ";"BU00808008";"1";100;55;40;10;25;15;35;15;55;40;5;0;90;5;0;90;5;5;5;0;;;;;40;10;15;20;2,6;6;43;;66;;458;88;0;0;0;88;12;19;72;26;0;26;95;5;;;;;;;;;;;;;;;;;;;;;;;;;;;;;;;;;;;;;;;;;;;25;15;5;0;0;0;5;0;0;65;35;30;;;0;5;4,3;2,3;2,1;0,8;2161;1623;539;"      9003";1;5;39
"Dorpen Zuid-West";"Leeuwarden                              ";"Wijk      ";"WK008081  ";"1";3900;1975;1925;565;440;755;1195;945;1775;1670;275;185;3635;130;135;3635;75;70;60;65;;;;;1715;550;595;565;2,3;78;1718;;182;;339;96;11;10;23;52;4;3;83;17;13;4;97;3;;;;;;;;;;;;;;;;;;;;;;;;;;;;;;;;;;;;;;;;;;;635;105;100;65;35;20;110;115;80;2290;1575;715;1,3;46;210;4,6;2,6;1,4;1,3;0,9;5084;5013;71;"         .";;5;84
"Wytgaard";"Leeuwarden                              ";"Buurt     ";"BU00808101";"1";475;250;220;70;45;135;135;90;225;185;40;20;440;15;15;440;10;5;0;10;;;;;225;95;65;65;2,1;2398;230;;7;;274;99;27;19;25;28;1;2;79;21;17;3;88;12;;;;;;;;;;;;;;;;;;;;;;;;;;;;;;;;;;;;;;;;;;;40;5;5;5;5;0;5;10;5;275;215;60;1,2;1400;30;0,3;2,8;0,3;0,3;1;20;20;0;"      9089";1;5;86
"Buitengebied Wytgaard";"Leeuwarden                              ";"Buurt     ";"BU00808102";"1";150;75;75;25;20;25;50;35;65;75;5;5;140;10;5;140;10;0;0;0;;;;;65;15;20;25;2,5;20;59;;4;;457;97;2;3;14;76;3;3;95;5;0;5;97;3;;;;;;;;;;;;;;;;;;;;;;;;;;;;;;;;;;;;;;;;;;;35;15;5;5;0;0;5;0;5;85;55;30;1,4;11;10;1,2;3,6;1,4;1,4;1,8;747;745;1;"      9089";1;5;67
"Mantgum";"Leeuwarden                              ";"Buurt     ";"BU00808103";"1";1030;505;525;165;110;190;295;275;445;480;70;40;925;45;65;925;20;25;25;35;;;;;435;115;165;160;2,4;2174;443;;32;;369;98;16;16;24;41;2;2;85;15;13;2;100;0;;;;;;;;;;;;;;;;;;;;;;;;;;;;;;;;;;;;;;;;;;;135;5;15;15;10;10;30;40;15;565;410;155;1,3;1194;50;7,1;0,3;0,4;0,4;1;52;47;5;"      9022";1;5;153
"Buitengebied Mantgum";"Leeuwarden                              ";"Buurt     ";"BU00808104";"1";70;45;30;20;5;15;25;10;35;30;5;5;75;0;0;75;0;0;0;0;;;;;25;0;10;10;3;14;24;;6;;519;88;0;0;0;88;13;4;92;8;0;8;100;0;;;;;;;;;;;;;;;;;;;;;;;;;;;;;;;;;;;;;;;;;;;15;;;;;;;;;35;20;15;;;5;6,2;1,4;1,2;1,2;1,4;537;533;4;"      9022";1;5;100
"Weidum";"Leeuwarden                              ";"Buurt     ";"BU00808105";"1";460;220;240;55;35;105;105;160;205;175;35;50;440;10;15;440;5;5;5;5;;;;;215;95;75;50;2;1593;229;;23;;251;85;11;12;21;41;15;3;63;37;34;2;100;0;;;;;;;;;;;;;;;;;;;;;;;;;;;;;;;;;;;;;;;;;;;70;5;10;5;5;0;15;15;15;250;180;70;1,1;865;15;3,8;3,6;0,4;0,4;1;29;29;0;"      9024";1;5;88
"Buitengebied Weidum";"Leeuwarden                              ";"Buurt     ";"BU00808106";"1";75;40;35;15;5;25;15;10;35;30;5;5;70;0;5;70;0;5;5;5;;;;;25;5;5;10;2,8;14;29;;3;;478;97;3;7;14;72;3;7;83;17;0;17;97;3;;;;;;;;;;;;;;;;;;;;;;;;;;;;;;;;;;;;;;;;;;;25;10;0;0;5;0;0;5;5;35;20;15;;;5;3,6;3,8;1,1;1,1;1,3;531;519;11;"      9024";1;5;74
"Jellum";"Leeuwarden                              ";"Buurt     ";"BU00808107";"1";145;75;70;25;15;15;55;35;65;70;10;5;140;5;0;140;5;0;0;0;;;;;60;15;30;25;2,3;45;59;;13;;471;97;0;0;5;92;3;2;95;5;0;5;100;0;;;;;;;;;;;;;;;;;;;;;;;;;;;;;;;;;;;;;;;;;;;40;10;5;5;0;0;10;5;0;95;60;35;1,5;30;5;5,3;3,3;2,7;2,7;0,8;325;322;2;"      9026";1;5;36
"Bears";"Leeuwarden                              ";"Buurt     ";"BU00808108";"1";130;70;60;15;25;15;50;25;60;50;5;5;120;10;0;120;0;0;5;0;;;;;60;25;15;20;2,3;54;49;;7;;377;100;0;0;8;92;0;4;90;10;0;10;100;0;;;;;;;;;;;;;;;;;;;;;;;;;;;;;;;;;;;;;;;;;;;25;5;5;0;0;0;5;5;5;85;50;35;1,5;35;10;4,8;4,6;2,3;2,3;0,9;246;241;6;"      9025";1;5;44
"Jorwert";"Leeuwarden                              ";"Buurt     ";"BU00808109";"1";220;100;115;20;25;40;75;55;100;85;20;15;205;5;10;205;0;5;5;5;;;;;110;45;35;35;2;1680;110;;9;;296;100;11;9;23;57;0;4;80;20;11;9;99;1;;;;;;;;;;;;;;;;;;;;;;;;;;;;;;;;;;;;;;;;;;;35;0;5;5;5;0;5;5;10;140;95;45;1,3;1072;20;7;3;3,1;2,9;0,6;13;13;0;"      9023";1;5;43
"Buitengebied Jorwert";"Leeuwarden                              ";"Buurt     ";"BU00808110";"1";85;45;40;20;10;15;25;15;50;30;5;0;80;0;5;80;0;0;0;0;;;;;35;15;5;10;2,5;12;27;;6;;458;93;0;0;0;89;7;15;85;15;0;15;100;0;;;;;;;;;;;;;;;;;;;;;;;;;;;;;;;;;;;;;;;;;;;35;10;5;0;0;0;5;5;0;55;30;25;;;5;6,6;3,4;3,2;3,1;0,9;704;697;8;"      9023";1;5;48
"Hilaard";"Leeuwarden                              ";"Buurt     ";"BU00808111";"1";225;115;110;30;25;50;80;45;105;95;15;5;215;0;10;215;0;5;0;0;;;;;100;30;35;35;2,3;1333;98;;13;;315;100;3;4;35;56;0;2;91;9;5;4;98;2;;;;;;;;;;;;;;;;;;;;;;;;;;;;;;;;;;;;;;;;;;;40;5;10;10;0;0;10;0;0;165;115;50;1,7;984;15;6;4,3;4,4;4,4;0;17;17;0;"      9027";1;5;40
"Buitengebied Hilaard";"Leeuwarden                              ";"Buurt     ";"BU00808112";"1";75;40;35;15;10;10;25;10;35;35;5;0;75;0;5;70;5;0;0;5;;;;;20;0;10;15;3,1;16;22;;12;;549;100;0;0;9;91;0;5;91;9;0;9;100;0;;;;;;;;;;;;;;;;;;;;;;;;;;;;;;;;;;;;;;;;;;;10;;;;;;;;;30;15;15;;;5;5,9;4,8;4,9;4,9;0;475;466;9;"      9027";1;5;20
"Húns";"Leeuwarden                              ";"Buurt     ";"BU00808113";"1";105;60;45;15;15;15;35;25;55;40;5;0;100;5;0;100;5;0;0;0;;;;;45;10;20;15;2,3;33;48;;6;;323;100;0;0;13;88;0;8;100;0;0;0;98;2;;;;;;;;;;;;;;;;;;;;;;;;;;;;;;;;;;;;;;;;;;;20;;;;;;;;;60;40;25;;;5;3,3;3;3;3;1,1;318;317;1;"      8832";1;5;17
"Leons";"Leeuwarden                              ";"Buurt     ";"BU00808114";"1";25;5;15;0;10;0;10;5;10;10;0;0;25;0;0;20;0;0;0;0;;;;;10;5;0;5;2,8;12;8;;13;;;;;;;;;;;;;;;;;;;;;;;;;;;;;;;;;;;;;;;;;;;;;;;;;;;;;;;;;;5;;;;;;;;;15;5;10;;;0;3,9;3,5;1,6;1,6;1;192;188;5;"      8833";2;5;14
"Baard";"Leeuwarden                              ";"Buurt     ";"BU00808115";"1";200;105;90;30;25;25;65;55;90;85;20;5;185;10;10;185;5;0;5;5;;;;;85;15;35;30;2,5;79;84;;7;;348;100;6;7;21;65;0;5;87;13;7;6;92;8;;;;;;;;;;;;;;;;;;;;;;;;;;;;;;;;;;;;;;;;;;;35;5;10;5;0;0;5;10;5;120;75;45;1,5;47;5;3,5;3,1;0,3;0,3;1,1;256;252;4;"      8834";1;5;27
"Easterlittens";"Leeuwarden                              ";"Buurt     ";"BU00808116";"1";375;190;185;45;50;55;130;90;165;165;30;20;360;10;5;360;5;5;5;5;;;;;180;60;60;55;2,1;1540;181;;16;;300;98;7;6;39;46;2;4;82;18;13;6;97;3;;;;;;;;;;;;;;;;;;;;;;;;;;;;;;;;;;;;;;;;;;;40;5;10;5;0;0;10;10;5;245;175;75;1,4;1006;25;3,4;3,1;1,7;1,7;1;26;25;2;"      8835";1;5;64
"Buitengebied Easterlittens";"Leeuwarden                              ";"Buurt     ";"BU00808117";"1";50;30;20;5;10;5;20;5;25;25;0;0;50;0;0;50;0;0;0;0;;;;;20;5;10;5;2,5;9;18;;5;;;;;;;;;;;;;;;;;;;;;;;;;;;;;;;;;;;;;;;;;;;;;;;;;;;;;;;;;;20;;;;;;;;;20;15;10;;;5;4,2;3,8;2,4;2,4;0,9;594;582;13;"      8835";1;5;29
"Grou e.o.";"Leeuwarden                              ";"Wijk      ";"WK008082  ";"1";8440;4215;4225;1235;900;1735;2430;2135;3980;3340;705;415;7530;405;510;7530;150;185;255;325;;;;;3940;1435;1270;1235;2,1;194;3926;;1169;;320;91;22;16;24;29;9;4;68;32;25;7;95;5;;;;;;;;;;;;;;;;;;;;;;;;;;;;;;;;;;;;;;;;;;;1230;75;185;215;70;60;345;170;115;4820;3475;1345;1,2;111;385;1,8;1,8;0,7;1,1;1,9;4836;4356;480;"         .";;4;585
"Reduzum";"Leeuwarden                              ";"Buurt     ";"BU00808201";"1";985;485;500;175;95;235;250;230;485;405;65;35;895;30;55;895;20;20;15;35;;;;;430;125;155;150;2,3;2150;441;;32;;286;100;19;18;29;33;0;4;74;26;21;5;99;1;;;;;;;;;;;;;;;;;;;;;;;;;;;;;;;;;;;;;;;;;;;105;5;15;15;5;5;35;15;10;565;430;140;1,3;1236;40;3,5;5;0,3;0,4;1;48;46;2;"      9008";1;5;150
"Buitengebied Reduzum";"Leeuwarden                              ";"Buurt     ";"BU00808202";"1";95;45;50;20;15;20;30;10;50;40;5;5;90;0;0;90;5;0;0;0;;;;;35;10;5;20;2,7;14;37;;8;;438;100;3;5;11;78;0;8;86;14;0;14;100;0;;;;;;;;;;;;;;;;;;;;;;;;;;;;;;;;;;;;;;;;;;;25;15;5;0;0;0;0;0;0;55;35;20;;;5;4,4;5,1;1,6;1,7;1,5;675;669;6;"      9008";2;5;58
"Eagum";"Leeuwarden                              ";"Buurt     ";"BU00808203";"1";40;20;20;10;5;10;10;5;25;15;0;0;35;0;5;40;0;0;0;0;;;;;10;0;5;10;4;24;10;;3;;;;;;;;;;;;;;;;;;;;;;;;;;;;;;;;;;;;;;;;;;;;;;;;;;;;;;;;;;5;;;;;;;;;20;10;10;;;0;3,5;3,5;3,3;3,5;0,1;172;166;6;"      9006";1;5;8
"Idaerd";"Leeuwarden                              ";"Buurt     ";"BU00808204";"1";80;40;40;5;15;15;35;15;40;30;10;10;80;0;0;80;0;0;0;0;;;;;35;10;10;10;2,1;42;37;;5;;350;100;0;0;38;62;0;0;97;3;0;3;97;3;;;;;;;;;;;;;;;;;;;;;;;;;;;;;;;;;;;;;;;;;;;20;;;;;;;;;75;55;15;;;10;5,2;3,8;2,5;2,7;1;196;194;2;"      9007";1;5;18
"Friens";"Leeuwarden                              ";"Buurt     ";"BU00808205";"1";80;45;35;15;10;15;25;15;40;30;5;5;80;0;0;80;0;0;0;0;;;;;30;10;5;15;2,7;26;32;;7;;407;94;0;0;16;78;6;9;94;6;0;6;94;6;;;;;;;;;;;;;;;;;;;;;;;;;;;;;;;;;;;;;;;;;;;15;;;;;;;;;45;25;20;;;5;5,8;5,7;3,1;3,1;0,5;317;309;7;"      9009";1;5;31
"Grou";"Leeuwarden                              ";"Buurt     ";"BU00808206";"1";5560;2750;2805;725;585;1110;1620;1515;2575;2175;500;300;4870;305;385;4870;95;140;205;240;;;;;2715;1065;875;775;2;1859;2687;;855;;319;88;24;17;23;24;12;4;64;36;29;7;94;6;;;;;;;;;;;;;;;;;;;;;;;;;;;;;;;;;;;;;;;;;;;825;5;115;160;50;45;235;130;80;3135;2265;870;1,2;1049;235;0,7;0,6;0,6;1,1;2;365;299;66;"      9001";1;4;784
"Buitengebied Grou";"Leeuwarden                              ";"Buurt     ";"BU00808207";"1";215;115;100;35;20;30;55;70;95;105;15;5;200;10;5;200;5;5;10;5;;;;;85;20;35;35;2,5;12;74;;101;;622;92;0;0;0;92;8;16;93;7;0;7;96;4;;;;;;;;;;;;;;;;;;;;;;;;;;;;;;;;;;;;;;;;;;;60;20;5;5;0;5;15;5;5;130;70;65;1,5;7;15;4,2;3,6;3,5;3,4;1,1;2152;1797;355;"      9001";1;5;139
"Jirnsum";"Leeuwarden                              ";"Buurt     ";"BU00808208";"1";1295;665;630;225;145;290;375;255;640;495;110;55;1180;55;60;1180;30;20;30;40;;;;;570;190;170;200;2,2;1442;581;;149;;286;99;23;19;26;31;1;3;72;28;18;10;95;5;;;;;;;;;;;;;;;;;;;;;;;;;;;;;;;;;;;;;;;;;;;165;10;35;25;10;5;50;15;15;775;575;200;1,4;863;70;3,9;3,4;0,6;0,5;2,3;102;90;12;"      9011";1;5;191
"Buitengebied Jirnsum";"Leeuwarden                              ";"Buurt     ";"BU00808209";"1";95;45;45;25;10;15;25;10;45;45;0;0;90;0;0;95;5;0;0;0;;;;;30;0;10;15;3,3;12;27;;9;;551;96;0;0;0;96;4;4;96;4;0;4;100;0;;;;;;;;;;;;;;;;;;;;;;;;;;;;;;;;;;;;;;;;;;;10;;;;;;;;;20;10;10;;;0;4,8;4,7;2,1;2,4;1,7;809;786;23;"      9011";2;5;51
"Rotterdam";"Rotterdam                               ";"Gemeente  ";"GM0599    ";"1";672960;333476;339484;100278;92116;213928;159244;107394;400352;185625;62272;24711;287754;86833;298373;287754;24729;132398;62104;165975;;;;;342340;169243;76014;97083;1,9;3081;328408;;33216;;342;25;17;5;1;1;75;6;35;65;43;22;95;5;;;;;;;;;;;;;;;;;;;;;;;;;;;;;;;;;;;;;;;;;;;109565;460;16170;16605;10785;3755;29260;20365;12170;250215;187790;62425;0,7;1146;14600;0,7;0,6;0,5;0,6;19,2;32414;21842;10572;"         .";;1;4132
"Rotterdam Centrum";"Rotterdam                               ";"Wijk      ";"WK059901  ";"1";42090;22015;20075;3170;7445;18140;8310;5025;29620;8325;3245;900;15390;7465;19240;15390;1480;6895;5985;12345;;;;;25035;15290;6415;3330;1,6;10183;23478;;4145;;424;1;1;0;0;0;99;10;27;73;27;46;88;12;;;;;;;;;;;;;;;;;;;;;;;;;;;;;;;;;;;;;;;;;;;13385;20;785;2640;1495;845;4650;1515;1430;14455;10365;4090;0,6;3497;650;0,6;0,4;0,5;0,7;29,5;488;413;75;"         .";;1;6762
"Stadsdriehoek";"Rotterdam                               ";"Buurt     ";"BU05990110";"1";18365;9435;8930;1145;3545;8220;3440;2020;13175;3685;1145;365;7510;3745;7110;7510;690;2330;3050;4780;;;;;12140;7590;3260;1290;1,5;13518;11147;;1592;;426;0;0;0;0;0;100;7;32;67;17;51;83;17;;;;;;;;;;;;;;;;;;;;;;;;;;;;;;;;;;;;;;;;;;;5910;5;310;1165;670;350;2200;655;555;5060;3495;1565;0,4;3726;295;0,5;0,4;0,6;0,7;29,3;173;136;37;"      3011";1;1;7071
"Oude Westen";"Rotterdam                               ";"Buurt     ";"BU05990111";"1";9630;4840;4790;1050;1430;3230;2280;1645;6195;2100;1035;305;2775;1260;5595;2775;295;2095;965;3500;;;;;5380;3085;1075;1225;1,7;17001;4887;;707;;370;3;2;0;0;0;97;7;19;80;57;23;99;1;;;;;;;;;;;;;;;;;;;;;;;;;;;;;;;;;;;;;;;;;;;2045;0;175;375;155;85;570;325;355;2305;1705;600;0,4;4071;105;0,7;0,4;0,4;0,5;33,8;57;57;0;"      3014";3;1;6842
"Cool";"Rotterdam                               ";"Buurt     ";"BU05990112";"1";6625;3515;3115;445;1110;3215;1150;715;4885;1115;500;125;2255;1330;3040;2255;240;1075;1090;1965;;;;;3930;2440;1025;465;1,5;10865;4235;;1174;;376;1;1;0;0;0;99;17;15;85;28;57;99;1;;;;;;;;;;;;;;;;;;;;;;;;;;;;;;;;;;;;;;;;;;;2420;0;135;670;245;115;725;260;275;4605;3530;1075;1,2;7549;105;0,8;0,4;0,4;0,7;31,3;61;61;0;"      3012";1;1;7010
"Cs Kwartier";"Rotterdam                               ";"Buurt     ";"BU05990113";"1";3040;2035;1005;280;415;1600;580;160;2345;355;315;25;630;365;2045;630;75;825;285;1220;;;;;690;415;200;75;1,5;7449;615;;206;;419;0;0;0;0;0;100;8;46;54;5;49;100;0;;;;;;;;;;;;;;;;;;;;;;;;;;;;;;;;;;;;;;;;;;;915;0;45;120;210;55;345;60;80;690;470;220;1;1694;45;1,2;0,6;0,4;1;33,7;41;41;0;"      3013";1;1;7240
"Nieuwe Werk";"Rotterdam                               ";"Buurt     ";"BU05990118";"1";3240;1635;1610;195;675;1270;685;415;2105;890;185;70;1550;615;1075;1550;135;405;480;675;;;;;2060;1195;655;215;1,6;4707;1847;;357;;656;2;1;0;0;0;98;16;43;57;9;48;70;30;;;;;;;;;;;;;;;;;;;;;;;;;;;;;;;;;;;;;;;;;;;1660;0;95;245;180;220;635;155;125;1445;920;525;0,7;2094;65;0,4;0,6;1;1,2;11,2;104;69;35;"      3016";1;1;4344
"Dijkzigt";"Rotterdam                               ";"Buurt     ";"BU05990119";"1";1190;565;620;60;270;605;175;80;920;180;70;15;670;145;375;670;40;170;110;205;;;;;830;565;200;65;1,4;2368;747;;109;;435;1;1;0;0;0;99;5;21;78;42;36;57;43;;;;;;;;;;;;;;;;;;;;;;;;;;;;;;;;;;;;;;;;;;;435;10;25;65;35;25;175;55;40;345;245;105;0,4;692;30;0,4;0,5;0,5;1;26,1;52;50;2;"      3015";1;1;5862
"Delfshaven";"Rotterdam                               ";"Wijk      ";"WK059903  ";"1";76960;38810;38150;10760;11810;27550;17985;8855;50165;18045;6950;1800;22645;10965;43345;22650;2540;18485;8420;24855;;;;;40120;20975;8245;10900;1,9;14929;36694;;2901;;325;5;4;0;0;0;95;6;28;72;47;25;97;3;;;;;;;;;;;;;;;;;;;;;;;;;;;;;;;;;;;;;;;;;;;13540;55;1845;1660;1205;235;3820;2625;2085;20750;16490;4260;0,5;4025;1100;0,5;0,5;0,4;0,5;27,2;596;515;81;"         .";;1;5789
"Delfshaven";"Rotterdam                               ";"Buurt     ";"BU05990320";"1";7215;3555;3660;735;1485;3000;1395;605;5455;1065;585;110;2880;1030;3300;2880;225;1370;805;1935;;;;;4165;2525;870;765;1,6;16846;3766;;328;;281;2;2;0;0;0;98;6;19;81;58;23;99;1;;;;;;;;;;;;;;;;;;;;;;;;;;;;;;;;;;;;;;;;;;;1375;0;115;150;135;25;440;225;290;1865;1535;335;0,4;4359;155;0,8;0,6;0,4;0,5;23,7;55;43;12;"      3024";1;1;5258
"Bospolder";"Rotterdam                               ";"Buurt     ";"BU05990321";"1";7565;3795;3775;1135;1135;2510;1865;920;4690;1970;700;205;1790;870;4905;1790;260;2185;610;2725;;;;;3750;1860;680;1210;2;15403;3529;;279;;299;10;10;1;0;0;90;5;22;77;56;21;91;9;;;;;;;;;;;;;;;;;;;;;;;;;;;;;;;;;;;;;;;;;;;1195;5;195;155;115;15;335;245;140;1925;1545;380;0,5;3919;90;0,5;0,4;0,4;0,4;24,5;49;49;0;"      3025";1;1;5662
"Tussendijken";"Rotterdam                               ";"Buurt     ";"BU05990322";"1";7370;3730;3645;1090;1105;2540;1710;925;4665;1680;815;210;1590;1040;4735;1590;230;2015;810;2725;;;;;3890;2135;665;1085;1,9;20001;3560;;382;;262;1;1;0;0;0;99;6;14;86;58;27;99;1;;;;;;;;;;;;;;;;;;;;;;;;;;;;;;;;;;;;;;;;;;;1210;10;200;175;90;15;310;240;170;1760;1430;330;0,5;4776;75;0,4;0,7;0,2;0,4;26,1;40;37;3;"      3026";1;1;6696
"Spangen";"Rotterdam                               ";"Buurt     ";"BU05990323";"1";10020;5055;4970;1825;1500;3250;2390;1055;6105;2815;890;215;1860;1000;7155;1860;300;3270;700;3890;;;;;4445;1930;800;1720;2,2;16640;4173;;163;;289;6;5;0;0;0;94;5;27;73;61;12;97;3;;;;;;;;;;;;;;;;;;;;;;;;;;;;;;;;;;;;;;;;;;;1465;5;245;180;150;15;335;365;175;2785;2170;615;0,6;4625;105;0,5;0,6;0,3;0,4;26,2;65;60;5;"      3027";1;1;4967
"Nieuwe Westen";"Rotterdam                               ";"Buurt     ";"BU05990324";"1";19385;9765;9625;2800;3035;6770;4540;2245;12690;4630;1600;465;5940;2515;10935;5940;635;4630;1875;6305;;;;;9800;4925;2040;2835;2;15656;8693;;767;;378;4;3;0;0;0;96;6;27;73;47;26;100;0;;;;;;;;;;;;;;;;;;;;;;;;;;;;;;;;;;;;;;;;;;;3460;5;395;435;275;55;1050;660;585;5000;3965;1035;0,5;4036;260;0,6;0,5;0,3;0,4;30;124;124;0;"      3022";5;1;6876
"Middelland";"Rotterdam                               ";"Buurt     ";"BU05990325";"1";11695;5795;5900;1300;1855;4590;2710;1235;8025;2535;885;245;4565;1860;5270;4565;420;2100;1440;3170;;;;;6640;3725;1525;1390;1,7;17176;5898;;568;;399;6;5;0;0;0;94;8;33;66;35;32;100;0;;;;;;;;;;;;;;;;;;;;;;;;;;;;;;;;;;;;;;;;;;;2550;5;200;355;230;60;745;465;490;3040;2360;680;0,5;4464;180;0,4;0,5;0,4;0,5;33,5;68;68;0;"      3021";1;1;7178
"Oud Mathenesse";"Rotterdam                               ";"Buurt     ";"BU05990327";"1";6985;3735;3250;780;940;2855;1605;810;4765;1345;720;160;1825;1940;3220;1825;245;1130;1700;2085;;;;;4200;2510;850;835;1,7;8345;3815;;151;;214;1;0;0;0;0;99;6;38;62;19;43;100;0;;;;;;;;;;;;;;;;;;;;;;;;;;;;;;;;;;;;;;;;;;;1135;20;375;105;95;5;225;175;135;2115;1775;335;0,5;2525;130;0,6;0,4;0,4;0,5;25,2;84;84;0;"      3028";1;1;3668
"Witte Dorp";"Rotterdam                               ";"Buurt     ";"BU05990328";"1";580;280;305;100;70;130;160;115;290;205;55;30;170;40;370;170;15;180;20;190;;;;;240;85;45;110;2,4;13377;236;;1;;262;96;66;30;0;0;4;0;22;78;77;0;100;0;;;;;;;;;;;;;;;;;;;;;;;;;;;;;;;;;;;;;;;;;;;55;0;15;5;5;0;10;15;5;180;155;25;0,7;4159;5;0,9;0,7;0,5;0,7;23,2;4;4;0;"      3028";1;1;3895
"Schiemond";"Rotterdam                               ";"Buurt     ";"BU05990329";"1";6140;3105;3040;990;690;1905;1610;945;3480;1795;695;170;2020;675;3450;2020;210;1605;460;1845;;;;;2995;1270;775;950;2;13197;3024;;262;;381;1;1;0;0;0;99;5;47;53;41;12;86;14;;;;;;;;;;;;;;;;;;;;;;;;;;;;;;;;;;;;;;;;;;;1090;0;105;100;120;45;375;240;100;2080;1555;525;0,7;4472;95;0,4;0,3;0,4;0,6;19,7;107;47;61;"      3024";5;1;3438
"Overschie";"Rotterdam                               ";"Wijk      ";"WK059904  ";"1";20710;10385;10330;4385;2000;5820;5120;3390;11420;6810;1695;785;11740;1755;7210;11745;765;3815;990;3400;;;;;9055;3530;2005;3525;2,2;1261;9372;;958;;413;43;24;9;4;4;57;8;51;49;38;11;86;14;;;;;;;;;;;;;;;;;;;;;;;;;;;;;;;;;;;;;;;;;;;3140;15;435;420;295;125;945;620;285;8210;6245;1965;0,9;500;580;1,1;1,2;0,5;0,7;7,3;1732;1642;90;"         .";;2;1727
"Kleinpolder";"Rotterdam                               ";"Buurt     ";"BU05990451";"1";8445;4130;4315;1695;840;2410;1885;1610;4615;2515;920;390;3325;660;4450;3330;275;2280;385;2170;;;;;4015;1905;760;1350;2,1;6774;4143;;325;;306;20;13;5;1;1;80;7;29;71;62;9;93;7;;;;;;;;;;;;;;;;;;;;;;;;;;;;;;;;;;;;;;;;;;;1005;0;160;150;95;25;225;275;75;2970;2415;555;0,7;2385;160;0,4;0,4;0,4;0,5;8,6;130;125;5;"      3042";1;2;2003
"Noord Kethel";"Rotterdam                               ";"Buurt     ";"BU05990452";"1";70;35;30;10;0;15;15;25;25;35;10;5;60;5;5;60;0;5;5;0;;;;;30;5;15;5;2,3;29;27;;8;;758;93;7;15;19;52;7;4;89;11;0;11;93;7;;;;;;;;;;;;;;;;;;;;;;;;;;;;;;;;;;;;;;;;;;;15;;;;;;;;;40;30;5;;;10;2,7;2,5;2,3;2,3;2,9;253;235;18;"      3047";3;5;94
"Schieveen";"Rotterdam                               ";"Buurt     ";"BU05990454";"1";340;165;170;35;40;55;125;90;150;145;25;25;290;25;30;285;5;15;20;10;;;;;145;45;45;50;2,2;60;148;;16;;633;95;14;12;22;47;5;14;84;16;0;16;90;10;;;;;;;;;;;;;;;;;;;;;;;;;;;;;;;;;;;;;;;;;;;90;10;10;10;5;5;30;10;15;230;155;75;1,6;40;30;3,7;3,1;2,5;2,7;0,9;581;570;12;"      3046";1;5;67
"Zestienhoven";"Rotterdam                               ";"Buurt     ";"BU05990455";"1";4800;2450;2355;1570;400;1285;1130;420;2835;1655;205;105;3195;390;1220;3190;230;790;165;430;;;;;1465;200;280;985;3,2;862;1492;;247;;779;85;37;21;14;14;15;4;82;18;7;12;37;63;;;;;;;;;;;;;;;;;;;;;;;;;;;;;;;;;;;;;;;;;;;870;5;60;115;95;50;350;155;40;1820;1175;650;1,2;327;90;2,3;2,7;0,6;0,7;10,4;591;557;33;"      3045";1;4;952
"Overschie";"Rotterdam                               ";"Buurt     ";"BU05990456";"1";6685;3405;3280;1035;685;1980;1830;1155;3610;2335;510;235;4570;655;1465;4565;245;705;405;765;;;;;3210;1285;840;1085;2,1;4521;3364;;359;;375;45;30;9;3;2;55;11;65;35;22;13;97;3;;;;;;;;;;;;;;;;;;;;;;;;;;;;;;;;;;;;;;;;;;;1140;0;190;145;95;45;335;175;155;2990;2330;660;0,9;2021;275;0,9;1;0,6;0,7;4,1;170;148;22;"      3043";1;2;1890
"Landzicht";"Rotterdam                               ";"Buurt     ";"BU05990457";"1";370;195;170;40;35;80;130;90;185;120;35;25;305;20;45;310;10;25;10;20;;;;;195;90;55;55;1,9;5001;198;;3;;250;100;80;20;0;0;0;2;27;73;73;0;100;0;;;;;;;;;;;;;;;;;;;;;;;;;;;;;;;;;;;;;;;;;;;20;;;;;;;;;160;140;20;0,8;2135;15;1,3;1,4;1;1;5;7;7;0;"      3043";1;3;1019
"Noord";"Rotterdam                               ";"Wijk      ";"WK059905  ";"1";52340;26005;26335;5875;7125;22185;11095;6060;36295;10745;4085;1215;23380;7200;21760;23380;2020;9510;5180;12245;;;;;29965;16805;7040;6115;1,7;10241;27855;;2026;;359;4;3;0;0;0;96;7;35;65;37;28;98;2;;;;;;;;;;;;;;;;;;;;;;;;;;;;;;;;;;;;;;;;;;;9460;15;860;1400;855;210;2755;1790;1570;14325;11625;2700;0,5;2803;985;0,5;0,5;0,4;0,5;29,4;535;511;24;"         .";;1;6728
"Agniesebuurt";"Rotterdam                               ";"Buurt     ";"BU05990515";"1";4070;2000;2070;430;700;1490;915;530;2810;785;380;95;1370;505;2200;1365;120;965;380;1240;;;;;2265;1230;535;500;1,8;10989;2141;;246;;347;3;3;0;0;0;97;7;20;80;62;17;97;3;;;;;;;;;;;;;;;;;;;;;;;;;;;;;;;;;;;;;;;;;;;850;0;75;115;85;25;235;170;145;1065;865;200;0,5;2873;50;0,4;0,4;0,6;0,6;32,1;39;37;1;"      3032";1;1;8401
"Provenierswijk";"Rotterdam                               ";"Buurt     ";"BU05990516";"1";4825;2415;2410;510;745;2025;995;555;3480;900;345;95;1915;720;2190;1915;190;885;530;1300;;;;;2845;1715;595;535;1,7;16347;2638;;162;;366;3;3;0;0;0;97;7;28;72;43;29;97;3;;;;;;;;;;;;;;;;;;;;;;;;;;;;;;;;;;;;;;;;;;;850;0;60;90;90;25;290;160;135;1115;920;195;0,4;3772;80;0,7;0,6;0,6;0,8;31,9;30;30;0;"      3033";1;1;7309
"Bergpolder";"Rotterdam                               ";"Buurt     ";"BU05990531";"1";8050;4065;3985;620;1100;4425;1340;570;6400;1045;490;120;4100;1375;2575;4100;315;1105;1065;1465;;;;;5250;3345;1275;635;1,5;18198;4872;;238;;317;0;0;0;0;0;100;7;36;64;20;44;100;0;;;;;;;;;;;;;;;;;;;;;;;;;;;;;;;;;;;;;;;;;;;1585;5;165;185;135;35;470;280;315;2135;1805;330;0,4;4825;195;0,5;0,6;0,3;0,5;31,2;45;44;1;"      3038";1;1;5983
"Blijdorp";"Rotterdam                               ";"Buurt     ";"BU05990532";"1";10255;4970;5290;955;1095;4880;2020;1305;7150;2150;700;260;6420;1560;2280;6425;490;905;1070;1375;;;;;6075;3270;1790;1015;1,7;6296;5621;;239;;396;1;1;0;0;0;99;6;58;42;9;33;100;0;;;;;;;;;;;;;;;;;;;;;;;;;;;;;;;;;;;;;;;;;;;1815;0;100;215;180;50;640;320;305;3060;2480;580;0,5;1878;210;0,5;0,5;0,6;0,6;30;169;163;7;"      3039";1;1;5205
"Liskwartier";"Rotterdam                               ";"Buurt     ";"BU05990534";"1";7685;3785;3900;1030;905;2980;1750;1020;5020;1820;610;235;3715;900;3070;3710;290;1365;615;1705;;;;;4160;2195;960;1010;1,8;13971;3803;;207;;387;7;6;1;0;0;93;5;40;59;39;20;100;0;;;;;;;;;;;;;;;;;;;;;;;;;;;;;;;;;;;;;;;;;;;1395;0;140;160;125;30;410;285;245;2240;1785;455;0,5;4072;145;0,5;0,4;0,4;0,6;27,2;57;55;2;"      3037";1;1;6706
"Oude Noorden";"Rotterdam                               ";"Buurt     ";"BU05990535";"1";17250;8610;8640;2315;2550;6305;4015;2065;11300;4010;1535;405;5795;2085;9375;5800;620;4245;1465;5125;;;;;9320;5030;1885;2410;1,8;17094;8779;;880;;347;6;6;0;0;0;94;7;22;78;57;21;96;4;;;;;;;;;;;;;;;;;;;;;;;;;;;;;;;;;;;;;;;;;;;2915;5;310;620;235;50;710;565;415;4565;3655;910;0,5;4524;295;0,6;0,4;0,3;0,4;27,8;106;101;5;"      3035";6;1;7519
"Blijdorpsepolder";"Rotterdam                               ";"Buurt     ";"BU05990558";"1";195;150;45;20;30;80;55;15;140;30;25;5;70;55;75;65;0;35;55;35;;;;;50;25;10;20;2;243;1;;54;;;;;;;;;;;;;;;;;;;;;;;;;;;;;;;;;;;;;;;;;;;;;;;;;;;;;;;;;;55;0;10;20;5;0;5;10;10;145;110;35;;;5;1,3;1,2;1,1;1,4;23,8;89;81;7;"      3041";1;2;2126
"Hillegersberg-Schiebroek";"Rotterdam                               ";"Wijk      ";"WK059906  ";"1";44910;21695;23220;8050;5070;11315;11805;8670;24555;14600;3795;1965;28945;4510;11460;28940;1935;5380;2580;6080;;;;;21000;8800;4950;7245;2,1;3863;21247;;2592;;496;40;25;9;3;3;60;6;54;46;30;16;98;2;;;;;;;;;;;;;;;;;;;;;;;;;;;;;;;;;;;;;;;;;;;7215;15;575;890;530;475;2415;1565;745;17790;13570;4220;0,8;1530;980;0,7;0,8;0,4;0,6;15;1326;1163;163;"         .";;2;2356
"Schiebroek";"Rotterdam                               ";"Buurt     ";"BU05990660";"1";17065;8180;8885;3385;2000;4345;4300;3030;9870;4835;1680;680;9490;1470;6100;9485;630;2890;845;3215;;;;;8115;3680;1565;2875;2,1;3537;8275;;999;;376;33;22;9;1;1;67;5;39;61;51;10;97;3;;;;;;;;;;;;;;;;;;;;;;;;;;;;;;;;;;;;;;;;;;;2195;10;240;300;205;70;630;500;235;5850;4635;1215;0,7;1212;315;0,7;0,8;0,4;0,4;13,2;491;482;8;"      3053";4;1;2568
"Hillegersberg Zuid";"Rotterdam                               ";"Buurt     ";"BU05990661";"1";8440;4185;4260;1320;1125;3020;2000;975;5365;2420;500;155;5920;1075;1450;5925;410;700;665;750;;;;;4110;1715;1130;1265;2;7065;3957;;438;;442;25;17;6;2;1;75;6;67;33;2;31;98;2;;;;;;;;;;;;;;;;;;;;;;;;;;;;;;;;;;;;;;;;;;;1720;5;140;210;140;70;560;345;250;3050;2400;650;0,7;2553;220;0,4;0,6;0,4;0,5;26,4;127;119;8;"      3051";1;1;3210
"Hillegersberg Noord";"Rotterdam                               ";"Buurt     ";"BU05990662";"1";7850;3745;4105;1045;760;1685;2100;2265;3665;2820;800;565;5160;790;1900;5160;335;850;450;1050;;;;;4020;1890;1045;1085;1,9;4279;4173;;448;;562;29;16;6;2;4;71;6;50;50;35;15;99;1;;;;;;;;;;;;;;;;;;;;;;;;;;;;;;;;;;;;;;;;;;;1355;0;80;205;75;135;445;295;115;3650;2765;885;0,9;1989;155;0,8;0,7;0,4;0,8;14,4;306;183;123;"      3054";1;2;2108
"Terbregge";"Rotterdam                               ";"Buurt     ";"BU05990664";"1";3325;1650;1675;600;405;710;1155;460;1700;1315;235;85;2295;310;725;2295;155;345;155;375;;;;;1345;335;360;650;2,5;1878;1309;;119;;568;88;50;18;12;7;12;3;75;25;19;6;99;1;;;;;;;;;;;;;;;;;;;;;;;;;;;;;;;;;;;;;;;;;;;560;0;55;55;40;40;200;120;60;1570;1120;450;1,2;886;135;0,9;2;0,6;1,3;8,9;188;177;11;"      3056";1;4;985
"Molenlaankwartier";"Rotterdam                               ";"Buurt     ";"BU05990665";"1";8230;3930;4300;1710;785;1555;2250;1940;3955;3210;585;485;6075;870;1285;6080;405;590;465;690;;;;;3410;1190;850;1375;2,3;4115;3533;;588;;726;68;40;14;4;9;32;5;72;28;9;18;97;3;;;;;;;;;;;;;;;;;;;;;;;;;;;;;;;;;;;;;;;;;;;1380;0;60;120;70;160;580;305;85;3675;2655;1020;1,1;1836;150;0,8;0,6;0,4;0,4;10,1;214;200;13;"      3055";2;2;1723
"Kralingen-Crooswijk";"Rotterdam                               ";"Wijk      ";"WK059908  ";"1";55890;26700;29190;6760;12095;17780;10990;8260;37350;12145;4690;1710;23385;8275;24230;23385;2000;10115;6275;14110;;;;;32675;19895;6370;6410;1,7;5365;28691;;2373;;395;9;6;1;1;1;91;6;26;74;46;28;95;5;;;;;;;;;;;;;;;;;;;;;;;;;;;;;;;;;;;;;;;;;;;8600;15;725;1280;775;380;2715;1720;985;16365;12590;3775;0,5;1571;720;0,6;0,5;0,4;0,6;19,9;1277;1042;235;"         .";;1;5372
"Rubroek";"Rotterdam                               ";"Buurt     ";"BU05990814";"1";8430;3940;4495;915;1595;2960;1710;1250;5680;1655;810;285;3110;1240;4085;3110;260;1755;975;2330;;;;;4905;2905;1025;975;1,7;16077;4716;;270;;316;0;0;0;0;0;100;5;19;81;47;34;98;2;;;;;;;;;;;;;;;;;;;;;;;;;;;;;;;;;;;;;;;;;;;1085;0;95;185;100;45;280;230;150;1970;1655;315;0,4;3757;120;0,5;0,4;0,4;0,5;29,6;54;52;2;"      3031";1;1;8096
"Nieuw Crooswijk";"Rotterdam                               ";"Buurt     ";"BU05990836";"1";4200;2100;2100;950;485;1615;790;360;2780;1035;315;65;1930;415;1850;1935;175;1055;240;795;;;;;1970;880;415;680;2,1;3305;1929;;191;;403;15;12;2;0;0;85;7;21;79;64;15;77;23;;;;;;;;;;;;;;;;;;;;;;;;;;;;;;;;;;;;;;;;;;;880;5;100;135;90;30;250;180;85;1235;930;305;0,6;971;70;0,5;0,7;0,4;0,4;20,7;134;127;7;"      3034";1;1;4609
"Oud Crooswijk";"Rotterdam                               ";"Buurt     ";"BU05990837";"1";8070;3850;4220;1245;1245;2385;1900;1290;4820;1970;945;335;2335;810;4920;2335;260;2295;545;2630;;;;;4105;2210;685;1215;1,9;16519;4119;;161;;298;4;3;1;0;0;96;4;8;92;77;15;97;3;;;;;;;;;;;;;;;;;;;;;;;;;;;;;;;;;;;;;;;;;;;960;5;130;125;100;10;240;240;105;2180;1780;395;0,5;4459;90;0,5;0,3;0,3;0,4;26,6;53;49;4;"      3034";1;1;6726
"Kralingen West";"Rotterdam                               ";"Buurt     ";"BU05990841";"1";15925;7590;8335;1880;3455;5150;3150;2290;10845;3250;1385;445;6825;2215;6885;6825;575;2905;1635;3980;;;;;9320;5590;1860;1870;1,7;15569;8171;;551;;386;8;7;1;0;0;92;6;28;72;49;23;97;3;;;;;;;;;;;;;;;;;;;;;;;;;;;;;;;;;;;;;;;;;;;2265;0;185;390;205;70;700;465;250;4260;3385;875;0,5;4166;190;0,5;0,3;0,4;0,6;19,9;102;102;0;"      3061";1;1;5787
"Kralingen Oost";"Rotterdam                               ";"Buurt     ";"BU05990842";"1";8595;4100;4500;1085;2410;2100;1705;1300;5665;2285;390;260;4850;1500;2255;4850;380;680;1115;1575;;;;;4955;3060;965;930;1,7;4257;3888;;616;;685;31;18;5;4;4;69;8;48;52;14;38;91;9;;;;;;;;;;;;;;;;;;;;;;;;;;;;;;;;;;;;;;;;;;;1795;0;75;195;110;160;735;340;180;2990;2130;855;0,6;1480;120;0,7;0,7;0,4;0,8;13,8;205;202;3;"      3062";1;1;3182
"Kralingse Bos";"Rotterdam                               ";"Buurt     ";"BU05990843";"1";95;45;50;10;10;20;30;25;55;30;5;10;85;5;10;85;0;5;0;5;;;;;45;15;10;20;2,1;32;23;;68;;1057;87;0;0;57;30;13;9;61;39;0;39;96;4;;;;;;;;;;;;;;;;;;;;;;;;;;;;;;;;;;;;;;;;;;;95;0;5;30;0;0;15;5;40;60;40;20;;;10;1,3;1,9;0,9;1,7;12,8;423;301;122;"      3062";1;2;1589
"De Esch";"Rotterdam                               ";"Buurt     ";"BU05990845";"1";4605;2215;2385;430;765;1450;1010;950;2910;990;540;165;1980;540;2080;1985;165;895;375;1185;;;;;2905;1820;620;460;1,6;2726;2687;;100;;337;4;2;0;0;2;96;3;22;78;49;30;98;2;;;;;;;;;;;;;;;;;;;;;;;;;;;;;;;;;;;;;;;;;;;660;0;70;85;85;15;190;140;70;1845;1400;450;0,6;1094;60;0,8;0,8;0,7;0,7;5,7;243;169;74;"      3063";1;2;1972
"Struisenburg";"Rotterdam                               ";"Buurt     ";"BU05990847";"1";5970;2865;3105;245;2130;2100;700;795;4600;925;295;155;2265;1560;2145;2265;180;525;1380;1620;;;;;4460;3410;790;260;1,3;15400;3158;;416;;346;0;0;0;0;0;100;7;33;67;26;40;99;1;;;;;;;;;;;;;;;;;;;;;;;;;;;;;;;;;;;;;;;;;;;855;5;65;135;85;45;305;120;100;1820;1270;555;0,4;4699;55;0,7;0,7;0,4;1;16,9;62;39;23;"      3063";1;1;4933
"Feijenoord";"Rotterdam                               ";"Wijk      ";"WK059910  ";"1";80740;39965;40770;13185;10885;26115;19535;11020;48745;21580;7940;2470;23090;9885;47765;23095;2550;21685;7330;26080;;;;;39940;18935;8420;12585;2;12190;38572;;2574;;311;23;18;4;0;0;77;6;22;78;57;21;89;11;;;;;;;;;;;;;;;;;;;;;;;;;;;;;;;;;;;;;;;;;;;12355;60;2205;1730;1235;260;2985;2660;1220;24025;19050;4975;0,6;3627;1260;0,6;0,6;0,5;0,5;28,5;855;662;192;"         .";;1;5056
"Kop van Zuid";"Rotterdam                               ";"Buurt     ";"BU05991017";"1";2745;1420;1325;205;345;1415;520;260;1860;695;160;35;1130;385;1235;1125;100;530;280;700;;;;;1795;1100;495;200;1,5;10243;1862;;324;;485;0;0;0;0;0;100;11;30;69;37;32;88;12;;;;;;;;;;;;;;;;;;;;;;;;;;;;;;;;;;;;;;;;;;;915;0;55;165;115;65;330;130;55;900;560;345;0,5;3361;60;0,4;0,5;0,9;0,9;24,9;64;27;37;"      3072";2;1;4739
"Kop van Zuid - Entrepot";"Rotterdam                               ";"Buurt     ";"BU05991079";"1";8950;4360;4590;1425;1060;2820;2380;1260;5095;2675;950;230;2725;1010;5210;2725;360;2520;655;2685;;;;;4355;1855;1090;1415;2,1;15320;4226;;239;;395;9;8;2;0;0;91;4;32;68;44;24;85;15;;;;;;;;;;;;;;;;;;;;;;;;;;;;;;;;;;;;;;;;;;;1360;5;145;170;125;40;440;330;110;2865;2185;680;0,7;4908;150;0,5;0,4;0,2;0,3;27,6;67;58;9;"      3071";1;1;5015
"Vreewijk";"Rotterdam                               ";"Buurt     ";"BU05991080";"1";15870;7730;8140;2620;1890;4640;3830;2890;9350;4150;1725;640;6600;1920;7345;6605;585;3400;1330;3950;;;;;8125;4035;1600;2490;1,9;7764;8106;;313;;258;61;45;14;1;0;39;6;14;86;71;15;89;11;;;;;;;;;;;;;;;;;;;;;;;;;;;;;;;;;;;;;;;;;;;1975;10;430;215;205;25;410;490;185;5125;4295;830;0,6;2508;365;0,7;0,8;0,6;0,6;30,8;207;204;3;"      3075";2;1;4349
"Bloemhof";"Rotterdam                               ";"Buurt     ";"BU05991081";"1";13740;6950;6785;2400;2045;4460;3310;1520;8625;3455;1245;410;2850;2065;8830;2850;380;3970;1680;4860;;;;;6660;3150;1225;2275;2;17689;6348;;390;;242;34;28;5;0;0;66;8;17;83;60;23;99;1;;;;;;;;;;;;;;;;;;;;;;;;;;;;;;;;;;;;;;;;;;;1985;15;575;305;180;15;320;385;185;3825;3125;695;0,6;4922;195;0,6;0,4;0,5;0,4;34;79;78;1;"      3073";1;1;6544
"Hillesluis";"Rotterdam                               ";"Buurt     ";"BU05991082";"1";12185;6165;6020;2210;1895;3980;2810;1285;7505;3230;1130;320;1845;1665;8675;1845;290;3945;1375;4730;;;;;5680;2635;1050;1995;2,1;13581;5197;;470;;243;9;8;1;0;0;91;6;23;77;49;28;97;3;;;;;;;;;;;;;;;;;;;;;;;;;;;;;;;;;;;;;;;;;;;2020;15;490;355;180;15;345;415;200;3420;2760;660;0,6;3813;145;0,7;0,4;0,3;0,5;29,9;90;90;1;"      3074";1;1;4912
"Katendrecht";"Rotterdam                               ";"Buurt     ";"BU05991085";"1";7225;3610;3615;1115;900;2525;1775;910;4440;2000;610;175;3250;810;3165;3250;255;1405;555;1755;;;;;3600;1560;1035;1005;2;13073;3597;;232;;456;10;9;1;0;0;90;5;33;66;30;36;63;37;;;;;;;;;;;;;;;;;;;;;;;;;;;;;;;;;;;;;;;;;;;1125;0;75;135;110;30;405;235;135;2155;1570;585;0,6;3900;125;0,4;0,8;0,5;0,5;23,8;118;55;63;"      3072";1;1;4205
"Afrikaanderwijk";"Rotterdam                               ";"Buurt     ";"BU05991086";"1";8640;4205;4435;1380;1245;2655;2095;1260;4865;2540;910;320;1435;810;6395;1435;225;2840;585;3555;;;;;4030;1870;740;1420;2,1;13931;3749;;276;;299;9;8;1;0;0;91;4;16;84;72;12;83;17;;;;;;;;;;;;;;;;;;;;;;;;;;;;;;;;;;;;;;;;;;;1255;0;215;200;135;15;270;290;125;2345;1870;475;0,6;3783;80;0,8;0,5;0,4;0,5;31,6;62;62;0;"      3072";1;1;5834
"Feijenoord";"Rotterdam                               ";"Buurt     ";"BU05991087";"1";7830;3775;4055;1510;1060;2210;1960;1095;4650;2070;895;215;1550;640;5635;1550;205;2555;440;3085;;;;;3575;1575;610;1390;2,2;12375;3512;;172;;296;7;6;0;0;1;93;4;16;84;80;4;88;12;;;;;;;;;;;;;;;;;;;;;;;;;;;;;;;;;;;;;;;;;;;945;0;160;100;100;10;225;245;105;2135;1695;440;0,6;3374;70;0,5;0,9;0,4;0,5;21,4;100;63;37;"      3071";1;1;4247
"Noordereiland";"Rotterdam                               ";"Buurt     ";"BU05991088";"1";3560;1760;1800;320;440;1410;855;535;2360;770;310;125;1705;580;1280;1705;140;525;435;755;;;;;2115;1155;570;385;1,7;14349;1975;;158;;369;2;2;0;0;0;98;6;33;67;42;24;97;3;;;;;;;;;;;;;;;;;;;;;;;;;;;;;;;;;;;;;;;;;;;775;5;55;85;90;40;235;145;115;1250;985;265;0,6;5048;70;1;0,3;0,7;1,4;15;67;25;42;"      3071";1;1;5408
"IJsselmonde";"Rotterdam                               ";"Wijk      ";"WK059912  ";"1";63380;31080;32300;11225;7495;18450;15160;11045;35170;18745;6605;2865;25185;6760;31435;25185;2270;15010;4485;16420;;;;;29925;13085;6305;10540;2,1;5376;29377;;3114;;267;37;25;9;2;1;63;4;38;62;48;14;97;3;;;;;;;;;;;;;;;;;;;;;;;;;;;;;;;;;;;;;;;;;;;7735;40;1800;1110;730;155;1445;1800;660;23730;19060;4670;0,8;2013;1425;0,7;0,8;0,5;0,6;12,3;1309;1179;130;"         .";;1;2599
"Oud IJsselmonde";"Rotterdam                               ";"Buurt     ";"BU05991283";"1";6285;3210;3075;980;625;1950;1680;1045;3240;2405;465;175;3180;620;2480;3180;235;1335;390;1145;;;;;2955;1060;930;955;2,1;3200;2840;;406;;354;45;27;10;6;2;55;5;66;34;11;24;91;9;;;;;;;;;;;;;;;;;;;;;;;;;;;;;;;;;;;;;;;;;;;1220;0;205;195;130;55;300;235;100;3040;2225;815;1;1549;230;1,8;1,6;1;1,3;10,5;315;196;119;"      3077";1;2;1696
"Lombardijen";"Rotterdam                               ";"Buurt     ";"BU05991284";"1";15565;7780;7780;2940;1840;4945;3435;2400;9045;4205;1705;610;5220;1965;8375;5220;545;3955;1425;4415;;;;;7475;3555;1335;2590;2;5962;7321;;1180;;261;29;18;7;2;1;71;6;31;69;50;18;94;6;;;;;;;;;;;;;;;;;;;;;;;;;;;;;;;;;;;;;;;;;;;1915;10;460;265;180;35;355;460;150;5385;4380;1005;0,7;2063;270;0,5;0,6;0,6;0,6;17,5;263;261;1;"      3076";1;1;2708
"Groot IJsselmonde";"Rotterdam                               ";"Buurt     ";"BU05991289";"1";29715;14295;15415;5090;3370;8330;6935;5990;16075;8685;3200;1750;12860;3040;13815;12860;1095;6590;1945;7225;;;;;14345;6610;2950;4785;2;5187;14315;;1417;;257;34;22;9;2;1;66;3;35;65;51;14;99;1;;;;;;;;;;;;;;;;;;;;;;;;;;;;;;;;;;;;;;;;;;;3280;15;790;495;290;50;585;760;295;10905;8850;2060;0,8;1904;650;0,6;0,8;0,5;0,6;11,7;580;573;7;"      3079";5;1;2740
"Beverwaard";"Rotterdam                               ";"Buurt     ";"BU05991290";"1";11820;5790;6030;2215;1655;3230;3110;1605;6810;3450;1235;330;3920;1130;6765;3925;405;3130;725;3635;;;;;5145;1860;1085;2205;2,3;7956;4901;;111;;256;54;43;10;0;0;46;2;42;58;54;4;100;0;;;;;;;;;;;;;;;;;;;;;;;;;;;;;;;;;;;;;;;;;;;1320;10;340;155;130;15;205;345;120;4395;3605;790;0,9;2958;280;0,8;0,7;0,3;0,4;8,1;152;149;3;"      3077";1;1;2561
"Pernis";"Rotterdam                               ";"Wijk      ";"WK059913  ";"1";4915;2450;2465;720;515;1350;1385;950;2390;1895;365;260;3555;575;785;3550;220;400;360;380;;;;;2265;820;660;785;2,2;3113;2302;;244;;303;84;46;22;9;6;16;4;73;27;21;6;97;3;;;;;;;;;;;;;;;;;;;;;;;;;;;;;;;;;;;;;;;;;;;555;5;170;75;40;30;105;85;50;2420;1995;425;1,1;1534;260;0,6;0,5;0,6;0,6;2;162;158;4;"         .";;4;763
"Pernis";"Rotterdam                               ";"Buurt     ";"BU05991391";"1";4915;2450;2465;720;510;1345;1385;950;2390;1895;365;265;3550;575;785;3555;220;400;360;385;;;;;2265;825;655;785;2,2;3113;2302;;244;;303;84;46;22;9;6;16;4;73;27;21;6;97;3;;;;;;;;;;;;;;;;;;;;;;;;;;;;;;;;;;;;;;;;;;;555;5;170;75;40;30;105;85;50;2420;1995;425;1,1;1534;260;0,6;0,5;0,6;0,6;2;162;158;4;"      3195";1;4;763
"Prins Alexander";"Rotterdam                               ";"Wijk      ";"WK059914  ";"1";97940;46915;51025;14710;11425;23850;25525;22435;49595;32980;10225;5135;53680;9405;34855;53685;3695;16110;5705;18740;;;;;48255;21710;11350;15200;2;5636;47041;;3305;;360;41;29;8;2;2;59;3;44;56;44;12;97;3;;;;;;;;;;;;;;;;;;;;;;;;;;;;;;;;;;;;;;;;;;;11920;35;1525;1880;1075;500;3220;2570;1120;39270;30400;8870;0,8;2260;2155;0,9;0,8;0,6;0,7;10,5;1860;1738;122;"         .";;1;2755
"'s-Gravenland";"Rotterdam                               ";"Buurt     ";"BU05991444";"1";8260;4025;4240;1200;1065;1795;2535;1670;4040;3315;640;270;4980;785;2500;4975;375;1285;410;1220;;;;;3760;1280;1145;1335;2,2;3975;3652;;137;;559;64;28;10;15;11;36;3;56;44;24;20;97;3;;;;;;;;;;;;;;;;;;;;;;;;;;;;;;;;;;;;;;;;;;;1415;5;100;190;115;120;495;290;105;3925;2835;1090;1;1888;175;1,3;0,6;1;1,2;11;223;208;16;"      3065";1;2;2098
"Kralingseveer";"Rotterdam                               ";"Buurt     ";"BU05991446";"1";1670;850;820;245;245;485;440;260;880;605;125;65;1135;175;360;1135;45;175;130;185;;;;;800;325;220;255;2,1;3256;737;;38;;323;86;64;15;5;2;14;4;71;29;18;11;100;0;;;;;;;;;;;;;;;;;;;;;;;;;;;;;;;;;;;;;;;;;;;210;5;50;30;15;5;45;45;20;685;565;120;0,9;1340;65;1,1;1,9;1,1;1,1;2,2;64;51;13;"      3064";1;2;1616
"Prinsenland";"Rotterdam                               ";"Buurt     ";"BU05991448";"1";10400;4945;5455;1265;900;2420;2895;2925;4925;3545;1275;655;5695;1035;3670;5690;355;1520;680;2155;;;;;5585;2775;1380;1435;1,8;6053;5438;;264;;373;33;24;5;2;2;67;3;37;63;52;11;95;5;;;;;;;;;;;;;;;;;;;;;;;;;;;;;;;;;;;;;;;;;;;1170;5;130;160;85;55;355;275;105;4280;3360;920;0,8;2490;150;0,8;0,9;0,4;0,4;11;180;172;8;"      3066";1;1;3020
"Het Lage Land";"Rotterdam                               ";"Buurt     ";"BU05991449";"1";11405;5435;5965;1410;1720;3305;2440;2525;6430;3030;1280;650;5640;1550;4205;5645;430;1730;1120;2470;;;;;6530;3785;1330;1425;1,7;5338;6049;;844;;295;19;13;5;0;0;81;5;39;61;39;23;98;2;;;;;;;;;;;;;;;;;;;;;;;;;;;;;;;;;;;;;;;;;;;1380;0;180;275;110;45;325;280;165;4215;3340;875;0,6;1974;220;0,4;0,5;0,5;0,6;11,5;216;214;3;"      3067";1;1;3394
"Ommoord";"Rotterdam                               ";"Buurt     ";"BU05991463";"1";26105;12155;13945;3880;2490;5945;6005;7785;12045;9030;2975;2050;15740;2215;8150;15740;970;3730;1250;4415;;;;;13280;6215;3180;3885;1,9;6002;13254;;829;;314;36;28;8;0;0;64;3;39;61;51;10;100;0;;;;;;;;;;;;;;;;;;;;;;;;;;;;;;;;;;;;;;;;;;;2560;5;385;395;280;60;580;590;265;10185;8160;2020;0,8;2342;575;0,9;0,8;0,5;0,6;10,2;448;435;13;"      3068";5;1;2948
"Zevenkamp";"Rotterdam                               ";"Buurt     ";"BU05991466";"1";15870;7725;8140;2500;1855;3990;4235;3285;8335;5065;1790;680;7750;1435;6685;7750;580;3185;845;3495;;;;;7385;3055;1665;2660;2,1;7550;7312;;200;;299;51;40;10;0;0;49;2;44;56;48;8;100;0;;;;;;;;;;;;;;;;;;;;;;;;;;;;;;;;;;;;;;;;;;;1730;10;295;240;160;40;380;425;185;6165;4850;1315;0,8;2934;390;0,9;0,8;0,4;0,6;10,5;216;210;6;"      3068";5;1;2537
"Oosterflank";"Rotterdam                               ";"Buurt     ";"BU05991467";"1";11170;5315;5850;1545;1240;3165;2820;2395;6160;3225;1335;450;4635;1210;5325;4635;390;2315;825;3005;;;;;6075;3160;1270;1650;1,8;6928;5797;;531;;286;26;20;5;1;0;74;5;32;68;58;10;97;3;;;;;;;;;;;;;;;;;;;;;;;;;;;;;;;;;;;;;;;;;;;1520;0;235;310;125;40;365;310;130;4055;3255;795;0,7;2514;220;0,6;0,5;0,5;1;14,3;163;161;2;"      3067";1;1;3457
"Nesselande";"Rotterdam                               ";"Buurt     ";"BU05991468";"1";13070;6465;6605;2660;1905;2745;4150;1605;6785;5160;800;325;8105;1005;3955;8110;555;2165;445;1790;;;;;4830;1115;1160;2555;2,7;4553;4802;;462;;593;69;42;13;4;11;31;3;75;25;18;6;90;10;;;;;;;;;;;;;;;;;;;;;;;;;;;;;;;;;;;;;;;;;;;1935;5;145;280;185;135;680;355;145;5760;4030;1730;1,2;2007;365;1,1;1,2;0,7;1;6,9;350;287;63;"      3059";1;3;1225
"Charlois";"Rotterdam                               ";"Wijk      ";"WK059915  ";"1";70515;36145;34370;11645;9360;24395;16370;8740;44560;16835;6955;2160;20010;13480;37020;20010;2860;16715;10625;20300;;;;;35855;18440;6720;10695;1,9;6302;34655;;2580;;240;18;12;5;1;1;82;7;29;71;43;28;95;5;;;;;;;;;;;;;;;;;;;;;;;;;;;;;;;;;;;;;;;;;;;10820;70;3035;1435;955;140;2010;1975;1205;22840;18100;4735;0,6;2041;1220;0,7;0,5;0,4;0,6;21,6;1190;1119;71;"         .";;1;3860
"Charlois Zuidrand";"Rotterdam                               ";"Buurt     ";"BU05991570";"1";630;340;295;80;105;170;185;100;415;170;25;15;290;160;185;285;10;115;150;70;;;;;290;165;45;80;1,9;321;164;;241;;616;87;4;4;28;51;13;10;77;23;3;20;79;21;;;;;;;;;;;;;;;;;;;;;;;;;;;;;;;;;;;;;;;;;;;280;0;40;95;25;25;50;30;20;695;350;345;2,4;353;35;1,5;1,4;1,2;1,3;8,3;198;197;1;"      3084";1;3;1034
"Tarwewijk";"Rotterdam                               ";"Buurt     ";"BU05991571";"1";12245;6285;5960;1930;1915;4680;2705;1015;8355;2555;1105;220;2225;3025;6995;2230;490;2950;2535;4045;;;;;6320;3280;1200;1840;1,9;14464;5833;;275;;223;10;9;1;0;0;90;7;25;75;33;41;98;2;;;;;;;;;;;;;;;;;;;;;;;;;;;;;;;;;;;;;;;;;;;2090;10;650;255;195;25;390;315;250;3380;2730;650;0,5;3991;150;0,6;0,4;0,3;0,4;34,7;114;85;30;"      3081";1;1;5970
"Carnisse";"Rotterdam                               ";"Buurt     ";"BU05991572";"1";11285;6055;5235;1650;1540;4625;2535;930;7905;2110;1045;225;2815;3770;4700;2820;650;1850;3125;2850;;;;;6320;3570;1185;1570;1,8;19275;6137;;320;;203;4;3;0;0;0;96;11;33;67;20;47;100;0;;;;;;;;;;;;;;;;;;;;;;;;;;;;;;;;;;;;;;;;;;;2165;30;825;245;155;10;395;275;230;3380;2790;590;0,5;5775;220;0,5;0,4;0,4;0,6;27,7;59;59;0;"      3083";1;1;5189
"Zuidwijk";"Rotterdam                               ";"Buurt     ";"BU05991573";"1";14080;6980;7105;2565;1630;4190;3360;2340;8200;3665;1565;660;4580;1540;7965;4575;485;3835;1055;4130;;;;;7070;3610;1185;2275;2;9193;7201;;562;;244;24;15;8;1;0;76;5;21;79;66;13;93;7;;;;;;;;;;;;;;;;;;;;;;;;;;;;;;;;;;;;;;;;;;;1600;10;420;215;145;25;265;395;125;4955;3870;1085;0,7;3234;230;0,7;0,4;0,4;0,5;17,2;153;153;0;"      3085";1;1;2774
"Oud Charlois";"Rotterdam                               ";"Buurt     ";"BU05991574";"1";13860;7160;6700;1985;1960;5000;3335;1580;8840;3435;1275;310;4530;2685;6640;4535;540;2895;2150;3740;;;;;7325;3780;1585;1960;1,9;10789;7003;;400;;244;11;8;2;0;0;89;8;33;67;37;30;99;1;;;;;;;;;;;;;;;;;;;;;;;;;;;;;;;;;;;;;;;;;;;2335;10;565;235;215;25;480;430;370;4395;3575;820;0,6;3419;265;0,5;0,5;0,4;0,4;18,3;142;128;14;"      3082";2;1;3569
"Wielewaal";"Rotterdam                               ";"Buurt     ";"BU05991575";"1";1470;735;730;195;165;440;275;395;815;345;145;155;835;120;510;835;55;275;65;235;;;;;595;325;125;145;1,8;1712;706;;28;;313;64;34;22;5;3;36;14;20;80;71;9;51;49;;;;;;;;;;;;;;;;;;;;;;;;;;;;;;;;;;;;;;;;;;;135;0;20;10;5;5;25;40;30;405;330;75;0,7;474;25;1,2;1,4;0,9;0,9;15,6;89;86;4;"      3084";1;2;2050
"Zuidplein";"Rotterdam                               ";"Buurt     ";"BU05991576";"1";1350;690;660;145;125;525;300;255;810;330;160;50;465;195;690;460;50;275;150;415;;;;;840;520;185;140;1,6;5192;762;;345;;268;0;0;0;0;0;100;5;30;70;10;59;100;0;;;;;;;;;;;;;;;;;;;;;;;;;;;;;;;;;;;;;;;;;;;355;0;40;160;20;5;45;50;30;390;315;75;0,5;1497;20;0,8;0,3;1;1,1;33,8;26;26;0;"      3083";1;1;5657
"Pendrecht";"Rotterdam                               ";"Buurt     ";"BU05991577";"1";12745;6415;6335;2510;1705;3830;3075;1630;7655;3355;1350;385;2940;1685;8125;2940;460;3825;1220;4295;;;;;5875;2700;950;2220;2,1;10470;5627;;303;;249;29;20;8;0;1;71;3;31;69;55;14;96;4;;;;;;;;;;;;;;;;;;;;;;;;;;;;;;;;;;;;;;;;;;;1500;10;420;175;160;20;265;350;100;4200;3345;855;0,7;3450;180;0,5;0,5;0,3;0,4;15,1;122;122;0;"      3086";1;1;2653
"Zuiderpark";"Rotterdam                               ";"Buurt     ";"BU05991578";"1";895;510;385;155;55;310;180;190;475;250;105;65;365;95;440;365;35;240;60;200;;;;;315;140;70;105;2,1;400;356;;61;;338;34;26;2;1;5;66;15;49;51;47;4;72;28;;;;;;;;;;;;;;;;;;;;;;;;;;;;;;;;;;;;;;;;;;;155;0;30;15;10;0;40;45;15;245;185;60;0,8;109;15;0,8;0,7;0,5;0,7;24,4;248;225;23;"      3084";1;1;3797
"Heijplaat";"Rotterdam                               ";"Buurt     ";"BU05991593";"1";1945;980;965;425;160;630;425;300;1075;620;175;65;970;205;770;970;80;455;120;315;;;;;890;340;185;360;2,2;4970;866;;45;;317;73;44;20;7;1;27;2;39;61;60;1;80;20;;;;;;;;;;;;;;;;;;;;;;;;;;;;;;;;;;;;;;;;;;;200;0;30;30;20;0;50;45;20;795;615;180;0,9;2034;75;4,7;0,4;0,5;4,6;0;39;39;0;"      3089";1;5;323
"Hoogvliet";"Rotterdam                               ";"Wijk      ";"WK059916  ";"1";36410;17860;18545;5970;3915;9775;9435;7320;18035;12860;3505;2010;19250;3915;13245;19250;1400;6365;2510;6880;;;;;16630;6545;4085;5995;2,1;3888;16393;;1770;;298;60;43;15;1;0;40;4;46;54;43;11;97;3;;;;;;;;;;;;;;;;;;;;;;;;;;;;;;;;;;;;;;;;;;;4205;25;1085;610;395;85;780;855;370;15865;12615;3250;1;1694;1150;1;0,7;0,5;0,6;8,6;1036;936;99;"         .";;2;2081
"Hoogvliet Noord";"Rotterdam                               ";"Buurt     ";"BU05991692";"1";12605;6300;6305;2065;1445;3535;3545;2020;6410;4495;1165;530;5580;1430;5595;5575;505;2610;925;2985;;;;;5590;2040;1345;2210;2,2;2742;5546;;988;;302;65;46;17;2;1;35;5;57;43;30;13;96;4;;;;;;;;;;;;;;;;;;;;;;;;;;;;;;;;;;;;;;;;;;;1890;10;510;295;210;35;365;335;130;6050;4695;1355;1,1;1316;470;0,8;0,8;0,4;0,5;8,3;494;460;35;"      3194";6;2;1662
"Hoogvliet Zuid";"Rotterdam                               ";"Buurt     ";"BU05991699";"1";23805;11555;12245;3905;2470;6245;5885;5300;11625;8360;2340;1480;13675;2480;7650;13670;895;3750;1590;3895;;;;;11035;4510;2740;3785;2,1;4994;10847;;782;;295;57;41;15;1;0;43;3;41;59;49;10;97;3;;;;;;;;;;;;;;;;;;;;;;;;;;;;;;;;;;;;;;;;;;;2315;15;575;315;185;50;415;520;240;9815;7920;1900;0,9;2060;685;1,2;0,6;0,6;0,7;8,8;541;477;65;"      3192";5;2;2316
"Hoek van Holland";"Rotterdam                               ";"Wijk      ";"WK059917  ";"1";10550;5175;5380;1545;1070;2275;2895;2765;4750;4165;1005;630;8525;880;1145;8525;400;625;485;515;;;;;4950;1815;1505;1635;2,1;744;5937;;636;;381;73;36;14;4;19;27;19;43;57;36;21;93;7;;;;;;;;;;;;;;;;;;;;;;;;;;;;;;;;;;;;;;;;;;;1370;75;290;230;75;65;275;225;135;5285;4110;1175;1,1;373;445;0,9;0,7;0,6;0,8;3,2;1853;1419;434;"         .";;3;1050
"Strand en Duin";"Rotterdam                               ";"Buurt     ";"BU05991701";"1";2560;1300;1265;500;270;585;725;485;1205;1145;130;80;2265;170;135;2260;90;90;80;45;;;;;960;160;340;460;2,7;648;1934;;136;;;93;22;10;9;53;7;51;47;53;0;53;85;15;;;;;;;;;;;;;;;;;;;;;;;;;;;;;;;;;;;;;;;;;;;395;10;45;65;25;35;115;60;40;1415;1015;400;1,5;358;105;1,8;1;1,3;1,5;3,7;577;396;181;"      3151";1;4;718
"Dorp";"Rotterdam                               ";"Buurt     ";"BU05991702";"1";7920;3840;4080;1035;785;1680;2160;2265;3515;2990;870;550;6200;710;1010;6200;310;535;400;470;;;;;3965;1645;1155;1165;2;2448;3974;;399;;345;63;43;17;1;2;37;3;41;59;53;6;97;3;;;;;;;;;;;;;;;;;;;;;;;;;;;;;;;;;;;;;;;;;;;900;55;220;145;45;30;155;160;85;3790;3045;750;1;1172;330;0,6;0,6;0,4;0,5;3;380;324;56;"      3151";1;3;1237
"Rijnpoort";"Rotterdam                               ";"Buurt     ";"BU05991703";"1";65;35;30;10;10;15;15;20;30;25;5;5;65;0;0;60;5;0;0;0;;;;;25;10;5;10;2,6;9;29;;101;;;90;0;0;3;86;10;21;48;52;0;52;93;7;;;;;;;;;;;;;;;;;;;;;;;;;;;;;;;;;;;;;;;;;;;75;10;20;25;5;0;5;5;5;80;50;30;;;10;2,7;2,7;2,5;2,6;2,1;896;699;197;"      3151";1;5;64
"Spaanse Polder";"Rotterdam                               ";"Wijk      ";"WK059918  ";"1";70;40;30;10;5;15;20;20;30;25;5;5;55;0;10;55;0;5;5;5;;;;;35;15;10;10;2;38;30;;799;;467;50;7;10;0;33;50;40;47;53;0;53;100;0;;;;;;;;;;;;;;;;;;;;;;;;;;;;;;;;;;;;;;;;;;;995;0;170;365;105;50;220;35;45;900;370;525;;;30;1,6;1,4;1,4;1,5;15,4;204;184;20;"         .";;2;1540
"Spaanse Polder";"Rotterdam                               ";"Buurt     ";"BU05991853";"1";65;35;35;10;5;15;20;20;30;20;10;10;55;5;10;55;0;10;0;0;;;;;35;15;15;10;2;38;30;;799;;467;50;7;10;0;33;50;40;47;53;0;53;100;0;;;;;;;;;;;;;;;;;;;;;;;;;;;;;;;;;;;;;;;;;;;995;0;170;365;105;50;220;35;45;900;370;525;;;30;1,6;1,4;1,4;1,5;15,4;204;184;20;"      3044";1;2;1540
"Nieuw Mathenesse";"Rotterdam                               ";"Wijk      ";"WK059919  ";"1";2920;2040;880;210;535;1890;275;15;1865;1000;45;10;70;315;2540;65;10;100;305;2435;;;;;880;520;305;60;1,5;2370;865;;215;;250;0;0;0;0;0;100;6;0;100;0;100;100;0;;;;;;;;;;;;;;;;;;;;;;;;;;;;;;;;;;;;;;;;;;;590;0;60;110;70;15;205;45;90;400;265;135;0,5;324;15;1,1;1,2;1,1;1,3;23,8;207;123;84;"         .";;1;3599
"Nieuw Mathenesse";"Rotterdam                               ";"Buurt     ";"BU05991926";"1";2915;2040;880;210;535;1890;275;15;1865;995;45;15;70;310;2540;65;10;100;305;2435;;;;;880;520;300;60;1,5;2370;865;;215;;250;0;0;0;0;0;100;6;0;100;0;100;100;0;;;;;;;;;;;;;;;;;;;;;;;;;;;;;;;;;;;;;;;;;;;590;0;60;110;70;15;205;45;90;400;265;135;0,5;324;15;1,1;1,2;1,1;1,3;23,8;207;123;84;"      3029";1;1;3599
"Waalhaven-Eemhaven";"Rotterdam                               ";"Wijk      ";"WK059921  ";"1";25;15;15;10;5;5;10;0;20;5;0;0;5;10;10;5;5;0;5;5;;;;;15;10;0;5;1,8;3;31;;720;;;23;0;3;0;19;77;87;23;77;0;77;100;0;;;;;;;;;;;;;;;;;;;;;;;;;;;;;;;;;;;;;;;;;;;1185;0;115;205;575;45;190;30;25;1095;505;590;;;25;3,1;1,4;1,6;3;4,4;1501;900;601;"         .";;4;651
"Waalhaven";"Rotterdam                               ";"Buurt     ";"BU05992194";"1";10;5;5;5;0;5;5;0;10;0;0;0;0;5;5;0;5;0;0;5;;;;;5;0;0;5;2,4;4;12;;262;;;;;;;;;;;;;;;;;;;;;;;;;;;;;;;;;;;;;;;;;;;;;;;;;;;;;;;;;;585;0;50;65;360;15;75;15;10;255;120;135;;;10;2,3;1,2;1,4;2,1;7,3;628;267;362;"      3087";4;3;1130
"Eemhaven";"Rotterdam                               ";"Buurt     ";"BU05992196";"1";10;10;0;0;0;5;5;0;5;0;0;0;5;5;0;10;0;0;5;5;;;;;5;5;5;0;1,6;2;8;;132;;;;;;;;;;;;;;;;;;;;;;;;;;;;;;;;;;;;;;;;;;;;;;;;;;;;;;;;;;115;0;15;30;45;10;10;5;5;325;130;195;;;0;4,2;1,6;1,6;4,2;1,1;681;442;238;"      3089";4;5;388
"Waalhaven Zuid";"Rotterdam                               ";"Buurt     ";"BU05992198";"1";5;0;0;0;5;0;0;0;0;0;0;0;0;0;0;0;0;0;0;5;;;;;5;0;0;0;1;;11;;326;;;;;;;;;;;;;;;;;;;;;;;;;;;;;;;;;;;;;;;;;;;;;;;;;;;;;;;;;;485;0;55;110;165;25;105;10;15;515;255;260;;;20;;;;;;191;191;1;"      3088";1;5;367
"Vondelingenplaat";"Rotterdam                               ";"Wijk      ";"WK059922  ";"1";0;0;0;0;0;0;0;0;0;0;0;0;0;0;0;0;0;0;0;0;;;;;0;0;0;0;;;0;;58;;;;;;;;;;;;;;;;;;;;;;;;;;;;;;;;;;;;;;;;;;;;;;;;;;;;;;;;;;45;0;15;5;15;0;10;0;0;30;5;20;;;0;;;;;;951;719;232;"         .";;5;231
"Vondelingenplaat";"Rotterdam                               ";"Buurt     ";"BU05992295";"1";0;0;0;0;0;0;0;0;0;0;0;0;0;0;0;0;0;0;0;0;;;;;0;0;0;0;;;0;;58;;;;;;;;;;;;;;;;;;;;;;;;;;;;;;;;;;;;;;;;;;;;;;;;;;;;;;;;;;45;0;15;5;15;0;10;0;0;30;5;20;;;0;;;;;;951;719;232;"      3196";2;5;231
"Botlek-Europoort-Maasvlakte";"Rotterdam                               ";"Wijk      ";"WK059923  ";"1";20;20;10;5;0;15;5;0;15;10;0;0;0;5;15;0;0;0;10;15;;;;;20;20;0;0;1,2;0;2;;540;;;;;;;;;;;;;;;;;;;;;;;;;;;;;;;;;;;;;;;;;;;;;;;;;;;;;;;;;;395;0;95;70;160;15;40;15;0;375;140;235;;;0;7,8;8;8;7,8;0;11543;6847;4697;"         .";;5;51
"Botlek";"Rotterdam                               ";"Buurt     ";"BU05992306";"1";5;5;5;0;0;5;5;0;0;5;0;0;0;5;0;0;0;0;5;0;;;;;5;5;5;0;1,6;;2;;206;;;;;;;;;;;;;;;;;;;;;;;;;;;;;;;;;;;;;;;;;;;;;;;;;;;;;;;;;;200;0;60;35;75;5;25;5;0;210;90;120;;;0;;;;;;2473;1629;843;"      3197";1;5;110
"Europoort";"Rotterdam                               ";"Buurt     ";"BU05992307";"1";0;0;0;0;0;0;0;0;0;0;0;0;0;0;0;0;0;0;0;0;;;;;0;0;0;0;;;0;;136;;;;;;;;;;;;;;;;;;;;;;;;;;;;;;;;;;;;;;;;;;;;;;;;;;;;;;;;;;105;0;25;25;40;5;10;5;0;120;50;70;;;0;;;;;;3404;1846;1558;"      3198";1;5;23
"Maasvlakte";"Rotterdam                               ";"Buurt     ";"BU05992308";"1";15;10;0;0;5;10;0;0;15;0;0;0;0;0;15;0;0;0;0;15;;;;;15;10;0;0;1,1;0;0;;198;;;;;;;;;;;;;;;;;;;;;;;;;;;;;;;;;;;;;;;;;;;;;;;;;;;;;;;;;;90;0;10;10;50;5;10;5;0;45;5;45;;;0;10;10,3;10,4;10,1;0;5667;3371;2296;"      3199";2;5;7
"Rotterdam-Noord-West";"Rotterdam                               ";"Wijk      ";"WK059924  ";"1";5;0;5;0;0;5;0;0;5;0;0;0;0;0;0;0;0;0;0;5;;;;;5;0;0;0;1,5;;1;;628;;;;;;;;;;;;;;;;;;;;;;;;;;;;;;;;;;;;;;;;;;;;;;;;;;;;;;;;;;785;0;135;265;105;55;170;20;35;735;300;430;;;10;;;;;;116;111;6;"         .";;4;537
"Bedrijvenpark Noord-West";"Rotterdam                               ";"Buurt     ";"BU05992459";"1";5;5;0;0;0;5;0;0;5;0;0;0;0;5;0;0;0;0;0;0;;;;;0;5;0;0;1,5;;1;;628;;;;;;;;;;;;;;;;;;;;;;;;;;;;;;;;;;;;;;;;;;;;;;;;;;;;;;;;;;785;0;135;265;105;55;170;20;35;735;300;430;;;10;;;;;;116;111;6;"      3047";1;4;537
"Rivium";"Rotterdam                               ";"Wijk      ";"WK059925  ";"1";0;0;0;0;0;0;0;0;0;0;0;0;0;0;0;0;0;0;0;0;;;;;0;0;0;0;;;0;;40;;;;;;;;;;;;;;;;;;;;;;;;;;;;;;;;;;;;;;;;;;;;;;;;;;;;;;;;;;220;0;10;35;30;35;85;15;5;110;15;95;;;5;;;;;;12;10;2;"         .";;3;1217
"Rivium";"Rotterdam                               ";"Buurt     ";"BU05992540";"1";0;0;0;0;0;0;0;0;0;0;0;0;0;0;0;0;0;0;0;0;;;;;0;0;0;0;;;0;;40;;;;;;;;;;;;;;;;;;;;;;;;;;;;;;;;;;;;;;;;;;;;;;;;;;;;;;;;;;220;0;10;35;30;35;85;15;5;110;15;95;;;5;;;;;;12;10;2;"      3065";1;3;1217
"Rozenburg";"Rotterdam                               ";"Wijk      ";"WK059927  ";"1";12560;6165;6395;2050;1365;2995;3325;2835;5765;4860;1155;780;8830;1420;2310;8830;570;1170;855;1135;;;;;5730;2040;1640;2055;2,2;2780;5865;;998;;293;66;44;16;3;3;34;4;55;45;40;5;98;2;;;;;;;;;;;;;;;;;;;;;;;;;;;;;;;;;;;;;;;;;;;1050;15;245;185;65;25;215;195;110;6120;4980;1140;1,1;1354;505;1,2;0,6;0,6;0,8;4;650;452;198;"         .";;3;1232
"Rozenburg";"Rotterdam                               ";"Buurt     ";"BU05992704";"1";12565;6165;6395;2050;1360;2995;3325;2830;5765;4860;1155;780;8830;1420;2310;8830;570;1170;855;1135;;;;;5730;2035;1635;2055;2,2;3874;5865;;993;;293;66;44;16;3;3;34;4;55;45;40;5;98;2;;;;;;;;;;;;;;;;;;;;;;;;;;;;;;;;;;;;;;;;;;;1050;15;245;185;65;25;215;195;110;6120;4980;1140;1,1;1887;505;1,2;0,6;0,6;0,8;4;411;324;87;"      3181";2;3;1233
"Noordzeeweg";"Rotterdam                               ";"Buurt     ";"BU05992705";"1";0;0;0;0;0;0;0;0;0;0;0;0;0;0;0;0;0;0;0;0;;;;;0;0;0;0;;;0;;5;;;;;;;;;;;;;;;;;;;;;;;;;;;;;;;;;;;;;;;;;;;;;;;;;;;;;;;;;;0;;;;;;;;;0;0;0;;;0;;;;;;239;128;111;"      3181";1;5;147
"Utrecht";"Utrecht                                 ";"Gemeente  ";"GM0344    ";"1";376757;184213;192544;58609;57783;138756;80142;41467;246864;98956;21620;9317;222747;41247;112763;222747;13604;51379;27643;61384;;;;;194040;100166;43398;50476;1,9;4018;168736;;15657;;490;41;31;7;2;2;59;4;45;55;31;24;87;13;;;;;;;;;;;;;;;;;;;;;;;;;;;;;;;;;;;;;;;;;;;62990;100;4350;8015;7495;2210;19420;13110;8295;124740;89650;35090;0,6;1330;8290;0,7;0,7;0,5;0,6;20;9921;9377;544;"         .";;1;3642
"Wijk 01 West";"Utrecht                                 ";"Wijk      ";"WK034401  ";"1";29460;14250;15210;4200;4125;12350;5845;2940;20905;6470;1380;705;18705;3500;7255;18705;1055;2995;2450;4260;;;;;15810;8370;3835;3600;1,8;3638;13432;;1685;;473;35;29;5;1;0;65;5;52;48;22;26;93;7;;;;;;;;;;;;;;;;;;;;;;;;;;;;;;;;;;;;;;;;;;;6340;0;470;835;755;225;1950;1050;1045;8820;6530;2285;0,6;1089;650;0,6;0,6;0,5;0,6;23;898;810;89;"         .";;1;4028
"Welgelegen, Den Hommel";"Utrecht                                 ";"Buurt     ";"BU03440111";"1";1880;895;985;195;275;780;265;365;1285;360;120;115;1335;230;315;1335;60;125;170;190;;;;;1070;660;265;145;1,6;5232;911;;165;;462;21;12;4;3;2;79;9;45;55;0;54;85;15;;;;;;;;;;;;;;;;;;;;;;;;;;;;;;;;;;;;;;;;;;;325;0;15;40;25;20;110;65;50;575;385;195;0,5;1605;45;0,9;0,9;0,7;0,9;19,8;39;36;3;"      3533";1;1;3736
"Oog in Al";"Utrecht                                 ";"Buurt     ";"BU03440112";"1";4105;2065;2045;985;450;935;1215;530;2545;1370;125;70;3385;325;400;3385;175;220;145;175;;;;;1535;325;440;770;2,7;9317;1428;;58;;740;87;67;19;1;1;13;2;89;11;1;10;92;8;;;;;;;;;;;;;;;;;;;;;;;;;;;;;;;;;;;;;;;;;;;665;0;20;60;60;25;285;140;80;1305;915;390;0,8;2960;80;0,4;0,4;0,3;0,3;20,3;47;44;3;"      3533";1;1;3706
"Halve Maan-Zuid";"Utrecht                                 ";"Buurt     ";"BU03440113";"1";1485;790;695;270;185;490;320;220;965;375;80;65;900;130;450;900;50;75;80;375;;;;;590;280;140;170;2;7672;595;;11;;489;36;27;8;0;0;64;5;74;26;14;11;88;12;;;;;;;;;;;;;;;;;;;;;;;;;;;;;;;;;;;;;;;;;;;220;0;5;10;20;5;70;55;55;445;345;100;0,8;2294;20;0,5;0,5;0,4;0,4;17,9;23;19;4;"      3533";1;1;3032
"Halve Maan-Noord";"Utrecht                                 ";"Buurt     ";"BU03440114";"1";1840;885;955;345;245;660;410;180;1200;435;170;35;765;150;920;765;45;385;110;530;;;;;930;490;160;280;2;9895;887;;40;;377;11;7;3;0;0;89;4;32;68;58;9;95;5;;;;;;;;;;;;;;;;;;;;;;;;;;;;;;;;;;;;;;;;;;;220;0;20;20;30;0;70;50;30;535;435;100;0,6;2872;30;0,8;0,7;0,3;0,3;19,8;25;19;6;"      3533";1;1;3507
"Lombok-Oost";"Utrecht                                 ";"Buurt     ";"BU03440121";"1";2245;1005;1240;130;415;1240;260;200;1760;340;95;55;1160;310;775;1165;85;290;230;480;;;;;1490;1000;335;160;1,5;17329;1101;;130;;421;33;30;2;0;0;67;6;31;68;29;39;91;9;;;;;;;;;;;;;;;;;;;;;;;;;;;;;;;;;;;;;;;;;;;420;0;20;105;45;5;90;65;90;435;350;85;0,3;3353;35;0,6;0,3;0,4;0,5;29,2;13;13;0;"      3531";1;1;4916
"Leidseweg en omgeving";"Utrecht                                 ";"Buurt     ";"BU03440122";"1";1155;555;600;140;140;475;255;140;780;250;80;30;575;120;450;575;40;165;85;285;;;;;645;340;155;145;1,8;9734;589;;40;;434;12;10;2;1;0;88;6;33;66;47;19;100;0;;;;;;;;;;;;;;;;;;;;;;;;;;;;;;;;;;;;;;;;;;;180;0;10;20;15;0;70;35;30;290;215;80;0,5;2461;10;1;0,7;0,5;1;26,8;13;12;1;"      3531";1;1;4298
"Lombok-West";"Utrecht                                 ";"Buurt     ";"BU03440123";"1";4935;2400;2535;595;685;2295;965;405;3680;925;225;110;3015;675;1250;3010;170;515;505;730;;;;;2905;1690;655;560;1,7;17703;2323;;94;;450;29;27;2;0;0;71;5;47;53;27;26;98;2;;;;;;;;;;;;;;;;;;;;;;;;;;;;;;;;;;;;;;;;;;;845;0;50;85;100;15;240;175;180;1165;895;270;0,4;4174;115;0,4;0,4;0,3;0,4;26,4;30;28;2;"      3531";1;1;4527
"Laan van Nieuw-Guinea, Spinozaweg e.o.";"Utrecht                                 ";"Buurt     ";"BU03440124";"1";4250;2040;2210;440;680;2035;755;335;3150;810;200;90;2540;555;1150;2540;135;480;420;670;;;;;2535;1440;675;420;1,7;14242;2109;;90;;421;23;21;2;0;0;77;5;48;52;21;31;95;5;;;;;;;;;;;;;;;;;;;;;;;;;;;;;;;;;;;;;;;;;;;700;0;45;95;70;20;205;145;120;1125;915;215;0,4;3778;85;0,5;0,5;0,4;0,4;25,4;35;30;5;"      3531";3;1;4210
"Nieuw Engeland, Th. a. Kempisplantsoen e";"Utrecht                                 ";"Buurt     ";"BU03440131";"1";5545;2615;2930;770;840;2435;1075;425;4090;1125;230;100;3545;745;1255;3540;235;565;510;690;;;;;3070;1655;745;675;1,8;9753;2596;;153;;455;31;28;3;0;0;69;8;54;45;25;21;100;0;;;;;;;;;;;;;;;;;;;;;;;;;;;;;;;;;;;;;;;;;;;900;0;50;75;110;25;265;185;185;1370;1080;295;0,4;2414;95;0,7;0,9;0,5;0,7;21,4;58;57;1;"      3532";1;1;4805
"Schepenbuurt, Cartesiusweg e.o.";"Utrecht                                 ";"Buurt     ";"BU03440132";"1";1875;920;960;320;180;995;285;100;1385;425;40;25;1375;245;250;1375;60;140;190;115;;;;;975;470;250;255;1,9;1756;828;;292;;462;54;48;4;0;1;46;3;53;47;0;47;60;40;;;;;;;;;;;;;;;;;;;;;;;;;;;;;;;;;;;;;;;;;;;725;0;65;85;105;20;220;70;155;635;500;135;0,6;592;85;1,4;1,4;0,9;1,2;21,7;116;107;9;"      3534";1;1;3198
"Bedrijventerrein Lageweide";"Utrecht                                 ";"Buurt     ";"BU03440133";"1";140;80;60;20;20;25;40;30;60;65;15;5;100;5;35;100;0;15;0;20;;;;;60;20;20;20;2,2;31;65;;612;;548;94;18;26;29;20;6;18;71;28;0;28;100;0;;;;;;;;;;;;;;;;;;;;;;;;;;;;;;;;;;;;;;;;;;;1140;0;170;250;180;90;320;55;75;935;510;425;;;40;2,1;1,7;2,1;2,3;3,5;500;446;54;"      3542";1;4;774
"Wijk 02 Noordwest";"Utrecht                                 ";"Wijk      ";"WK034402  ";"1";45050;21730;23325;6140;6025;19530;8765;4595;30760;10370;2675;1245;27260;5255;12530;27255;1705;5565;3550;6965;;;;;24500;12775;6225;5500;1,8;10254;21481;;1176;;430;46;38;7;1;0;54;4;42;58;33;25;94;6;;;;;;;;;;;;;;;;;;;;;;;;;;;;;;;;;;;;;;;;;;;6620;10;620;800;770;130;1780;1420;1090;13320;10765;2550;0,5;3032;910;0,6;0,5;0,4;0,5;23;453;439;14;"         .";;1;4236
"Pijlsweerd-Zuid";"Utrecht                                 ";"Buurt     ";"BU03440211";"1";4700;2305;2395;365;705;2635;710;290;3665;780;200;55;2965;710;1020;2965;185;385;525;635;;;;;2995;1785;850;355;1,6;15326;2432;;151;;482;21;19;2;0;0;79;6;34;66;11;55;80;20;;;;;;;;;;;;;;;;;;;;;;;;;;;;;;;;;;;;;;;;;;;940;0;55;115;105;20;305;180;155;1115;865;250;0,4;3635;85;0,5;0,3;0,4;0,5;34,9;31;31;1;"      3513";1;1;5930
"Pijlsweerd-Noord";"Utrecht                                 ";"Buurt     ";"BU03440212";"1";2130;1010;1120;260;260;955;425;225;1490;445;140;60;1105;255;770;1105;70;315;185;460;;;;;1195;645;295;255;1,8;10411;1073;;41;;404;42;34;7;0;0;58;4;39;61;42;19;100;0;;;;;;;;;;;;;;;;;;;;;;;;;;;;;;;;;;;;;;;;;;;290;0;30;25;35;10;75;65;55;595;485;110;0,5;2916;35;0,8;0,5;0,5;0,7;34,4;21;20;0;"      3513";1;1;5589
"Nijenoord, Hoogstraat en omgeving";"Utrecht                                 ";"Buurt     ";"BU03440221";"1";2190;1035;1150;310;215;1075;390;195;1535;485;110;55;1320;275;595;1320;95;240;185;355;;;;;1195;580;340;275;1,8;9983;1169;;53;;398;39;32;6;0;0;61;5;28;72;34;38;100;0;;;;;;;;;;;;;;;;;;;;;;;;;;;;;;;;;;;;;;;;;;;270;0;30;10;35;5;80;60;50;580;490;90;0,5;2646;45;0,5;0,8;0,4;0,6;31,5;22;22;0;"      3552";2;1;5203
"Ondiep";"Utrecht                                 ";"Buurt     ";"BU03440222";"1";5220;2530;2690;950;545;1940;1095;695;3185;1405;425;205;3100;545;1580;3100;220;815;330;765;;;;;2555;1175;615;765;2;10915;2400;;47;;455;59;49;9;0;0;41;5;31;69;53;16;86;14;;;;;;;;;;;;;;;;;;;;;;;;;;;;;;;;;;;;;;;;;;;605;0;90;55;70;10;150;145;85;1610;1320;290;0,6;3365;95;0,6;0,7;0,3;0,3;29,1;49;48;1;"      3552";1;1;4921
"2e Daalsebuurt en omgeving";"Utrecht                                 ";"Buurt     ";"BU03440223";"1";3950;1850;2095;380;640;2005;580;335;2965;735;150;95;2535;595;820;2530;190;335;405;485;;;;;2435;1460;635;345;1,6;10593;1870;;142;;421;39;36;3;0;0;61;5;51;49;16;33;93;7;;;;;;;;;;;;;;;;;;;;;;;;;;;;;;;;;;;;;;;;;;;770;0;45;115;75;15;235;130;150;980;780;200;0,4;2625;75;0,5;0,4;0,4;0,5;27,1;37;37;0;"      3551";1;1;5265
"Egelantierstraat, Mariëndaalstraat e.o.";"Utrecht                                 ";"Buurt     ";"BU03440224";"1";2890;1360;1525;310;485;1265;565;270;2075;565;175;80;1830;340;720;1830;95;305;245;415;;;;;1680;935;420;325;1,7;12686;1400;;86;;427;68;57;9;1;0;32;5;43;57;34;23;100;0;;;;;;;;;;;;;;;;;;;;;;;;;;;;;;;;;;;;;;;;;;;520;0;40;90;45;10;140;90;110;825;680;145;0,5;3628;45;0,4;0,3;0,3;0,4;26,6;23;23;0;"      3551";1;1;4322
"Julianapark en omgeving";"Utrecht                                 ";"Buurt     ";"BU03440231";"1";2865;1390;1480;285;500;1450;440;185;2205;525;85;45;1940;415;510;1940;115;205;305;300;;;;;1755;1035;460;260;1,6;10149;1389;;45;;404;43;38;5;0;0;57;4;50;50;17;33;100;0;;;;;;;;;;;;;;;;;;;;;;;;;;;;;;;;;;;;;;;;;;;405;0;40;60;45;5;110;70;75;725;605;115;0,4;2562;55;0,7;0,5;0,4;0,5;25,5;28;28;0;"      3553";2;1;4068
"Elinkwijk en omgeving";"Utrecht                                 ";"Buurt     ";"BU03440232";"1";4340;2065;2270;505;595;2095;765;370;3155;870;210;95;3120;540;680;3120;175;280;365;395;;;;;2530;1400;675;455;1,7;13077;2126;;122;;425;51;40;10;1;0;49;4;62;38;15;23;100;0;;;;;;;;;;;;;;;;;;;;;;;;;;;;;;;;;;;;;;;;;;;695;0;60;80;80;20;170;150;135;1420;1155;270;0,6;4289;100;0,4;0,4;0,3;0,4;18,5;33;33;0;"      3553";1;1;3398
"Prins Bernhardplein en omgeving";"Utrecht                                 ";"Buurt     ";"BU03440233";"1";3245;1585;1660;455;395;1265;680;445;2150;775;205;115;2225;355;670;2220;110;300;250;370;;;;;1815;990;400;420;1,8;8864;1708;;179;;403;53;46;7;0;0;47;7;43;57;44;13;98;2;;;;;;;;;;;;;;;;;;;;;;;;;;;;;;;;;;;;;;;;;;;495;0;60;70;45;5;120;120;75;1060;865;195;0,6;2894;90;0,4;0,5;0,3;0,3;12,8;39;37;2;"      3555";1;1;2582
"Geuzenwijk";"Utrecht                                 ";"Buurt     ";"BU03440241";"1";3925;1905;2020;635;500;1565;830;390;2570;955;280;115;2185;385;1350;2185;150;610;235;745;;;;;1980;965;435;585;2;13268;1774;;24;;408;52;46;6;0;0;48;3;32;68;54;13;97;3;;;;;;;;;;;;;;;;;;;;;;;;;;;;;;;;;;;;;;;;;;;435;0;60;40;50;5;120;90;70;1130;935;195;0,6;3823;80;0,7;0,8;0,3;0,3;22,3;30;30;1;"      3554";2;1;4560
"Schaakbuurt en omgeving";"Utrecht                                 ";"Buurt     ";"BU03440242";"1";4610;2250;2365;755;615;1600;1095;550;2800;1315;330;165;2215;390;2010;2215;130;900;265;1110;;;;;2125;910;545;670;2,1;9463;1981;;147;;438;38;29;7;1;0;62;3;46;54;42;12;98;2;;;;;;;;;;;;;;;;;;;;;;;;;;;;;;;;;;;;;;;;;;;570;0;45;75;90;10;130;160;60;1495;1180;320;0,7;3070;80;0,4;0,4;0,4;0,4;13,8;50;49;2;"      3554";2;1;3958
"Queeckhovenplein en omgeving";"Utrecht                                 ";"Buurt     ";"BU03440243";"1";1200;615;580;300;140;440;250;70;750;355;65;25;490;75;635;490;40;330;30;305;;;;;475;165;85;220;2,5;11361;454;;22;;452;43;33;9;1;0;57;2;19;81;61;20;56;44;;;;;;;;;;;;;;;;;;;;;;;;;;;;;;;;;;;;;;;;;;;165;0;15;15;30;0;50;45;10;365;285;80;0,8;3452;20;0,9;0,9;0,7;0,8;12,3;11;11;1;"      3555";1;1;2957
"Zuilen-Noord";"Utrecht                                 ";"Buurt     ";"BU03440244";"1";3800;1830;1965;630;425;1235;930;575;2215;1160;290;130;2245;375;1180;2245;135;550;235;635;;;;;1765;730;460;575;2,1;5305;1705;;117;;438;51;39;9;2;2;49;4;48;52;36;16;96;4;;;;;;;;;;;;;;;;;;;;;;;;;;;;;;;;;;;;;;;;;;;465;0;60;50;60;15;100;110;70;1420;1125;295;0,8;1982;110;1,2;0,9;0,5;1;9,3;78;72;6;"      3555";1;3;1459
"Wijk 03 Overvecht";"Utrecht                                 ";"Wijk      ";"WK034403  ";"1";35770;17820;17945;6240;5035;11925;7630;4940;21635;9580;3230;1320;12860;3330;19570;12860;980;8885;2355;10685;;;;;17800;9335;3370;5095;2;4373;16961;;2280;;327;21;15;5;0;1;79;5;21;79;60;19;90;10;;;;;;;;;;;;;;;;;;;;;;;;;;;;;;;;;;;;;;;;;;;4515;10;515;690;590;70;1000;1150;485;11470;8880;2585;0,6;1402;595;0,6;0,5;0,5;0,6;19,7;848;818;30;"         .";;1;3518
"Taag- en Rubicondreef en omgeving";"Utrecht                                 ";"Buurt     ";"BU03440311";"1";4405;2270;2130;700;770;1675;750;510;2955;1050;285;115;1930;545;1930;1930;165;845;385;1085;;;;;2370;1305;520;550;1,9;8866;1949;;305;;338;22;18;4;0;1;78;5;29;71;36;35;100;0;;;;;;;;;;;;;;;;;;;;;;;;;;;;;;;;;;;;;;;;;;;520;0;75;55;75;0;125;125;55;1345;1015;330;0,6;2708;85;0,9;0,7;0,5;0,4;25,3;50;50;1;"      3561";1;1;4467
"Wolga- en Donaudreef en omgeving";"Utrecht                                 ";"Buurt     ";"BU03440312";"1";4905;2440;2465;1025;595;1545;1130;610;2790;1515;450;145;1530;295;3075;1525;115;1495;185;1580;;;;;2170;970;410;800;2,2;9512;2164;;84;;349;36;25;10;0;0;64;4;15;85;81;4;93;7;;;;;;;;;;;;;;;;;;;;;;;;;;;;;;;;;;;;;;;;;;;500;0;45;55;80;5;105;155;55;1590;1225;370;0,7;3089;65;0,4;0,4;0,4;0,4;21,8;53;52;1;"      3561";1;1;3024
"Zamenhofdreef en omgeving";"Utrecht                                 ";"Buurt     ";"BU03440321";"1";4120;2075;2040;325;850;1885;585;470;2985;730;280;120;1650;810;1660;1645;125;585;685;1075;;;;;2790;1900;595;290;1,5;6381;2519;;378;;282;2;2;0;0;0;98;3;24;76;21;54;58;42;;;;;;;;;;;;;;;;;;;;;;;;;;;;;;;;;;;;;;;;;;;550;0;40;135;65;5;125;100;80;1135;920;215;0,4;1757;75;0,7;0,6;0,9;0,8;24,7;65;64;1;"      3562";1;1;4484
"Neckardreef en omgeving";"Utrecht                                 ";"Buurt     ";"BU03440322";"1";4605;2285;2325;790;685;1365;975;785;2650;1260;495;205;1255;340;3010;1255;100;1235;240;1775;;;;;2305;1275;375;650;1,9;8608;2247;;269;;298;21;16;5;0;0;79;5;11;89;75;14;95;5;;;;;;;;;;;;;;;;;;;;;;;;;;;;;;;;;;;;;;;;;;;410;0;40;45;75;0;85;120;45;1265;1000;265;0,5;2365;55;0,4;0,4;0,3;0,5;19,8;55;54;1;"      3562";1;1;3339
"Vechtzoom-zuid";"Utrecht                                 ";"Buurt     ";"BU03440331";"1";5300;2570;2730;1080;530;1760;1140;795;3135;1370;535;260;2210;385;2710;2205;145;1280;240;1430;;;;;2445;1170;435;840;2,1;7945;2510;;195;;332;13;10;3;0;0;87;5;18;82;63;19;87;13;;;;;;;;;;;;;;;;;;;;;;;;;;;;;;;;;;;;;;;;;;;630;0;60;65;90;10;170;170;70;1590;1260;330;0,6;2381;70;0,5;0,6;0,5;0,5;21,2;68;67;2;"      3563";1;1;4187
"Vechtzoom-noord, Klopvaart";"Utrecht                                 ";"Buurt     ";"BU03440332";"1";3280;1605;1670;520;385;930;825;615;1810;980;305;190;1625;235;1425;1625;85;750;145;670;;;;;1515;730;295;490;2,1;6059;1468;;156;;350;46;31;14;0;1;54;3;35;64;60;4;100;0;;;;;;;;;;;;;;;;;;;;;;;;;;;;;;;;;;;;;;;;;;;350;0;35;30;45;0;80;120;40;1210;955;255;0,8;2233;85;0,8;0,6;0,7;1;13,4;58;54;4;"      3563";3;1;2675
"Bedrijventerrein en omgeving";"Utrecht                                 ";"Buurt     ";"BU03440333";"1";95;50;45;10;20;30;20;10;55;25;10;5;65;10;20;65;0;10;5;15;;;;;55;40;10;5;1,6;52;45;;479;;952;58;2;0;2;53;42;27;51;49;0;49;98;2;;;;;;;;;;;;;;;;;;;;;;;;;;;;;;;;;;;;;;;;;;;545;0;80;195;35;25;95;60;55;345;175;170;;;15;1,8;1,1;1,4;2;6,2;185;180;4;"      3565";1;3;1095
"Zambesidreef en omgeving";"Utrecht                                 ";"Buurt     ";"BU03440341";"1";4265;2145;2125;835;520;1405;980;535;2500;1215;425;135;1250;325;2695;1245;115;1255;210;1435;;;;;2075;1015;385;670;2;10013;2050;;206;;318;14;10;3;0;0;86;4;17;83;74;8;100;0;;;;;;;;;;;;;;;;;;;;;;;;;;;;;;;;;;;;;;;;;;;480;0;70;45;65;5;95;160;45;1425;1120;305;0,7;3342;70;0,3;0,4;0,3;0,5;18,7;43;43;0;"      3564";1;1;3555
"Tigrisdreef en omgeving";"Utrecht                                 ";"Buurt     ";"BU03440342";"1";4550;2255;2295;915;660;1280;1135;555;2640;1335;435;145;1170;350;3025;1170;115;1420;240;1605;;;;;1965;895;315;760;2,3;8734;1915;;181;;323;21;15;5;0;0;79;5;20;80;78;2;100;0;;;;;;;;;;;;;;;;;;;;;;;;;;;;;;;;;;;;;;;;;;;440;0;70;50;65;5;100;120;30;1430;1120;310;0,7;2742;65;0,6;0,6;0,3;0,5;11,8;53;52;1;"      3564";1;2;2373
"Poldergebied Overvecht";"Utrecht                                 ";"Buurt     ";"BU03440343";"1";250;120;125;40;30;45;80;55;125;100;10;5;195;30;20;195;15;10;25;5;;;;;105;30;35;35;2,4;122;94;;27;;914;98;12;9;20;57;2;14;83;17;0;17;100;0;;;;;;;;;;;;;;;;;;;;;;;;;;;;;;;;;;;;;;;;;;;80;5;5;15;0;10;20;15;10;135;105;30;1,3;67;15;1,6;1,5;1,7;1,9;8,7;218;203;15;"      3566";1;2;1735
"Wijk 04 Noordoost";"Utrecht                                 ";"Wijk      ";"WK034404  ";"1";40040;19095;20950;5680;6315;13810;8890;5350;27480;9600;2075;890;28960;4405;6675;28965;1625;3020;2775;3660;;;;;21830;11940;5125;4765;1,8;8078;18155;;1432;;570;45;37;6;1;0;55;5;58;42;17;26;89;11;;;;;;;;;;;;;;;;;;;;;;;;;;;;;;;;;;;;;;;;;;;7040;5;290;615;735;245;2630;1540;980;11420;8430;2990;0,5;2304;770;0,6;0,7;0,4;0,6;26,2;507;496;12;"         .";;1;4686
"Vogelenbuurt";"Utrecht                                 ";"Buurt     ";"BU03440411";"1";3990;1915;2075;445;775;1615;795;365;3035;725;170;50;2830;555;605;2830;190;265;365;335;;;;;2420;1465;550;405;1,6;19375;1824;;60;;566;35;32;2;0;0;65;5;60;39;10;30;99;1;;;;;;;;;;;;;;;;;;;;;;;;;;;;;;;;;;;;;;;;;;;705;0;20;60;60;10;285;145;125;910;670;235;0,4;4411;90;0,4;0,4;0,2;0,3;32,5;21;21;1;"      3514";1;1;6549
"Lauwerecht";"Utrecht                                 ";"Buurt     ";"BU03440412";"1";3260;1690;1570;235;475;1685;615;245;2620;430;160;45;2000;480;780;2000;110;300;375;475;;;;;2050;1380;445;225;1,5;13997;1782;;120;;435;23;19;3;0;0;77;8;29;71;16;55;55;45;;;;;;;;;;;;;;;;;;;;;;;;;;;;;;;;;;;;;;;;;;;765;0;35;85;90;20;260;145;125;755;585;165;0,4;3238;70;0,8;0,5;0,4;0,6;33,5;24;23;1;"      3515";4;1;5799
"Staatsliedenbuurt";"Utrecht                                 ";"Buurt     ";"BU03440413";"1";1375;670;705;275;175;400;370;155;880;360;100;25;765;110;495;765;50;235;65;260;;;;;670;330;105;235;2;10991;647;;26;;480;30;24;5;0;0;70;3;28;72;71;1;100;0;;;;;;;;;;;;;;;;;;;;;;;;;;;;;;;;;;;;;;;;;;;220;0;15;25;25;0;70;55;30;390;280;110;0,6;3124;20;0,7;0,6;0,2;0,4;34;12;12;0;"      3515";1;1;5724
"Tuinwijk-West";"Utrecht                                 ";"Buurt     ";"BU03440414";"1";2305;1055;1250;325;285;870;500;325;1635;490;130;55;1750;240;315;1750;100;155;140;155;;;;;1250;630;330;295;1,8;13619;1102;;23;;535;44;38;5;0;0;56;3;60;40;23;17;100;0;;;;;;;;;;;;;;;;;;;;;;;;;;;;;;;;;;;;;;;;;;;370;0;10;30;45;10;125;85;65;665;530;135;0,5;3929;45;0,3;0,5;0,2;0,5;32,2;17;17;0;"      3515";1;1;5769
"Tuinwijk-Oost";"Utrecht                                 ";"Buurt     ";"BU03440415";"1";2775;1315;1460;440;385;960;665;315;1905;685;130;55;2005;340;425;2005;130;180;215;245;;;;;1425;685;375;370;1,9;8150;1196;;141;;599;47;42;5;0;1;53;4;63;37;14;23;100;0;;;;;;;;;;;;;;;;;;;;;;;;;;;;;;;;;;;;;;;;;;;660;0;35;65;90;25;240;120;95;765;570;195;0,5;2243;50;0,4;0,4;0,4;0,6;31,8;36;34;2;"      3514";1;1;5919
"Tuindorp en Van Lieflandlaan-West";"Utrecht                                 ";"Buurt     ";"BU03440421";"1";6605;3155;3450;1230;1390;1555;1495;930;4300;1920;230;160;5375;520;705;5375;250;420;270;290;;;;;3270;1650;675;940;2;9037;2484;;238;;699;70;52;16;2;0;30;4;70;30;17;13;98;2;;;;;;;;;;;;;;;;;;;;;;;;;;;;;;;;;;;;;;;;;;;965;0;45;65;80;45;385;245;100;1965;1430;535;0,6;2688;125;0,8;1;0,4;0,6;26,5;73;73;0;"      3571";1;1;4321
"Tuindorp-Oost";"Utrecht                                 ";"Buurt     ";"BU03440422";"1";3445;1650;1800;485;375;1285;660;640;2190;885;215;150;2590;280;575;2585;110;270;175;310;;;;;1805;865;530;410;1,9;6513;1798;;424;;482;37;30;6;1;1;63;6;56;44;7;36;81;19;;;;;;;;;;;;;;;;;;;;;;;;;;;;;;;;;;;;;;;;;;;470;0;20;40;50;15;145;130;70;1120;845;275;0,6;2117;85;0,5;0,4;0,5;0,6;21,4;54;53;1;"      3571";1;1;3443
"Voordorp en Voorveldsepolder";"Utrecht                                 ";"Buurt     ";"BU03440423";"1";5195;2485;2715;970;560;1505;1305;860;3110;1630;315;145;3660;465;1065;3660;205;450;265;615;;;;;2325;955;640;730;2,1;2891;2158;;43;;581;54;42;10;1;1;46;2;67;33;12;21;69;31;;;;;;;;;;;;;;;;;;;;;;;;;;;;;;;;;;;;;;;;;;;775;0;25;50;80;30;325;190;80;1795;1305;495;0,8;1000;100;0,6;1,1;0,5;0,7;15;187;180;7;"      3573";1;2;1925
"Huizingalaan, K. Doormanlaan en omgeving";"Utrecht                                 ";"Buurt     ";"BU03440431";"1";1175;525;645;100;120;340;260;350;700;280;120;75;855;140;180;855;50;65;85;115;;;;;710;410;180;115;1,6;6025;687;;211;;466;23;17;4;2;0;77;5;53;47;18;28;100;0;;;;;;;;;;;;;;;;;;;;;;;;;;;;;;;;;;;;;;;;;;;195;0;10;20;25;5;60;40;40;390;295;95;0,6;2012;10;0,7;1,1;0,9;0,4;23,2;19;19;0;"      3572";1;1;3528
"Zeeheldenbuurt, Hengeveldstraat e.o.";"Utrecht                                 ";"Buurt     ";"BU03440432";"1";3305;1520;1785;365;535;1155;805;440;2315;755;180;55;2410;380;515;2415;135;220;245;290;;;;;2015;1270;430;320;1,6;12676;1451;;27;;688;29;25;3;0;0;71;5;54;45;26;20;96;4;;;;;;;;;;;;;;;;;;;;;;;;;;;;;;;;;;;;;;;;;;;650;0;25;40;75;30;270;135;70;990;695;295;0,5;3796;55;0,6;1;0,7;0,8;22,7;26;26;0;"      3572";1;1;4351
"Wittevrouwen";"Utrecht                                 ";"Buurt     ";"BU03440433";"1";6615;3125;3495;810;1250;2425;1415;715;4795;1430;315;75;4720;870;1020;4720;295;460;570;565;;;;;3895;2295;865;735;1,7;17859;3026;;119;;586;55;52;3;0;0;45;5;63;37;12;25;100;0;;;;;;;;;;;;;;;;;;;;;;;;;;;;;;;;;;;;;;;;;;;1260;0;55;130;120;55;465;255;185;1680;1225;455;0,4;4530;125;0,6;0,5;0,2;0,4;25,8;37;37;0;"      3572";1;1;5384
"Wijk 05 Oost";"Utrecht                                 ";"Wijk      ";"WK034405  ";"1";33745;15365;18380;3195;9560;11425;5855;3715;25605;6100;1465;575;22640;5340;5760;22640;1420;2355;3920;3405;;;;;22425;15920;3605;2900;1,5;3137;14973;;1555;;551;37;30;5;1;1;63;5;42;57;32;25;91;9;;;;;;;;;;;;;;;;;;;;;;;;;;;;;;;;;;;;;;;;;;;6965;5;275;695;605;435;2505;1505;935;8425;6110;2315;0,4;783;625;0,6;0,6;0,4;0,7;18,1;1104;1076;28;"         .";;1;3691
"Buiten Wittevrouwen";"Utrecht                                 ";"Buurt     ";"BU03440511";"1";4735;2175;2555;350;1115;1865;820;585;3585;835;240;65;3255;715;765;3255;220;310;495;450;;;;;3230;2295;600;330;1,5;10133;2195;;250;;627;33;29;3;1;0;67;9;41;59;18;41;100;0;;;;;;;;;;;;;;;;;;;;;;;;;;;;;;;;;;;;;;;;;;;1540;0;40;175;120;140;570;280;210;1255;890;365;0,4;2685;80;0,7;0,4;0,3;0,5;24,1;48;47;1;"      3581";2;1;5489
"Oudwijk";"Utrecht                                 ";"Buurt     ";"BU03440512";"1";4950;2320;2625;575;780;1855;1080;660;3490;1090;285;80;3530;640;780;3535;240;365;400;415;;;;;2935;1730;675;525;1,7;13102;2371;;157;;587;62;55;6;0;1;38;6;61;39;15;24;100;0;;;;;;;;;;;;;;;;;;;;;;;;;;;;;;;;;;;;;;;;;;;1015;0;45;80;80;45;390;245;125;1400;1020;380;0,5;3701;80;0,4;0,4;0,4;0,6;22,3;38;38;0;"      3581";1;1;4931
"Abstede, Tolsteegsingel e.o.";"Utrecht                                 ";"Buurt     ";"BU03440521";"1";2125;1025;1100;240;335;730;515;305;1440;490;135;55;1490;280;355;1490;95;140;185;215;;;;;1265;760;265;240;1,7;10639;1004;;55;;607;52;42;8;2;0;48;6;50;49;32;18;100;0;;;;;;;;;;;;;;;;;;;;;;;;;;;;;;;;;;;;;;;;;;;370;0;20;30;35;15;135;85;50;630;480;150;0,5;3161;45;0,5;0,5;0,4;0,5;21,7;21;20;1;"      3582";1;1;4955
"Sterrenwijk";"Utrecht                                 ";"Buurt     ";"BU03440522";"1";905;415;495;155;130;235;230;155;565;245;60;40;575;55;275;575;25;155;35;125;;;;;435;205;85;140;2,1;9581;392;;3;;428;69;54;15;1;0;31;3;12;88;82;7;96;4;;;;;;;;;;;;;;;;;;;;;;;;;;;;;;;;;;;;;;;;;;;115;0;20;15;15;0;25;20;20;260;215;45;0,6;2740;25;0,8;0,6;0,6;0,7;24,5;10;9;0;"      3582";1;1;5234
"Rubenslaan en omgeving";"Utrecht                                 ";"Buurt     ";"BU03440523";"1";3820;1740;2080;130;1740;1390;290;270;3365;260;125;70;2900;360;555;2905;165;295;200;260;;;;;3125;2720;285;120;1,2;10562;1669;;164;;320;10;7;3;0;0;90;4;21;79;51;28;66;34;;;;;;;;;;;;;;;;;;;;;;;;;;;;;;;;;;;;;;;;;;;460;0;15;75;55;5;125;115;70;515;410;105;0,2;1424;65;0,6;0,4;0,4;0,4;19,7;37;36;1;"      3582";2;1;3712
"Watervogelbuurt";"Utrecht                                 ";"Buurt     ";"BU03440524";"1";2260;1040;1220;215;370;1055;435;190;1705;395;130;35;1560;295;405;1560;90;165;210;240;;;;;1440;910;330;200;1,6;8528;1167;;89;;456;22;16;3;1;1;78;4;48;51;21;31;97;3;;;;;;;;;;;;;;;;;;;;;;;;;;;;;;;;;;;;;;;;;;;450;0;20;40;50;5;175;85;70;580;460;120;0,4;2181;50;0,7;0,6;0,3;0,8;29,8;27;27;1;"      3582";1;1;5056
"L. Napoleonplantsoen en omgeving";"Utrecht                                 ";"Buurt     ";"BU03440525";"1";1000;475;520;130;145;395;235;95;735;190;65;10;685;100;210;685;45;85;55;125;;;;;600;380;105;120;1,7;4152;503;;46;;395;34;24;9;1;0;66;2;32;68;58;10;100;0;;;;;;;;;;;;;;;;;;;;;;;;;;;;;;;;;;;;;;;;;;;195;0;10;20;15;0;50;55;40;285;220;60;0,5;1180;25;1;0,8;0,2;0,7;20,3;25;24;0;"      3582";1;1;3464
"Maarschalkerweerd en Mereveld";"Utrecht                                 ";"Buurt     ";"BU03440526";"1";205;115;95;45;20;50;50;35;115;75;15;5;155;25;25;155;15;10;15;15;;;;;80;30;20;40;2,5;88;66;;37;;877;94;0;0;33;61;6;14;74;26;0;26;88;12;;;;;;;;;;;;;;;;;;;;;;;;;;;;;;;;;;;;;;;;;;;80;0;5;10;5;5;20;15;20;100;70;30;1,2;42;10;2;2,2;1,5;2;6;240;234;5;"      3585";1;4;929
"Schildersbuurt";"Utrecht                                 ";"Buurt     ";"BU03440531";"1";3505;1625;1885;505;525;1170;800;515;2375;870;180;90;2620;370;520;2620;130;255;240;265;;;;;1910;990;475;450;1,8;11266;1681;;63;;614;42;36;5;1;0;58;5;42;57;27;30;100;0;;;;;;;;;;;;;;;;;;;;;;;;;;;;;;;;;;;;;;;;;;;710;0;25;75;45;25;225;180;130;1100;845;255;0,6;3539;75;0,4;0,4;0,2;0,3;15,6;31;31;0;"      3583";1;1;2951
"Wilhelminapark en omgeving";"Utrecht                                 ";"Buurt     ";"BU03440532";"1";2655;1260;1395;435;485;565;745;420;1610;880;110;60;1975;340;335;1980;135;160;210;180;;;;;1325;660;300;365;2;5397;964;;96;;1136;73;65;7;1;0;27;4;80;19;5;15;100;0;;;;;;;;;;;;;;;;;;;;;;;;;;;;;;;;;;;;;;;;;;;725;0;20;45;35;90;310;180;50;965;615;350;0,7;1962;50;0,4;0,8;0,4;0,6;17;53;49;4;"      3583";3;1;3542
"Utrecht Science Park";"Utrecht                                 ";"Buurt     ";"BU03440533";"1";3365;1365;2000;10;2085;1250;15;15;3325;30;5;5;1675;890;800;1675;105;195;785;610;;;;;3150;3000;145;5;1,1;926;1707;;148;;223;1;0;0;0;0;99;4;1;99;76;24;56;44;;;;;;;;;;;;;;;;;;;;;;;;;;;;;;;;;;;;;;;;;;;295;0;10;35;35;0;90;70;55;190;155;40;0,1;53;30;0,8;0,5;0,5;2,3;1,7;367;364;3;"      3584";1;4;583
"Rijnsweerd";"Utrecht                                 ";"Buurt     ";"BU03440534";"1";3015;1415;1595;345;985;695;560;430;2180;660;110;60;2020;610;385;2020;130;190;475;200;;;;;1905;1295;295;315;1,6;1968;967;;288;;717;47;23;11;3;10;53;3;81;19;5;14;100;0;;;;;;;;;;;;;;;;;;;;;;;;;;;;;;;;;;;;;;;;;;;835;0;35;80;100;85;330;135;70;945;630;315;0,5;616;50;1;1,5;0,7;0,8;10,7;161;153;8;"      3584";2;3;1494
"Galgenwaard en omgeving";"Utrecht                                 ";"Buurt     ";"BU03440535";"1";1205;405;805;65;845;170;80;40;1115;70;10;10;195;665;345;200;30;40;630;310;;;;;1035;940;40;55;1,2;2736;287;;159;;;1;0;0;1;0;99;8;20;80;74;6;100;0;;;;;;;;;;;;;;;;;;;;;;;;;;;;;;;;;;;;;;;;;;;170;0;5;20;15;10;55;40;20;205;100;105;0,2;460;30;0,8;1,1;0,5;0,8;12,7;48;44;4;"      3584";1;2;1837
"Wijk 06 Binnenstad";"Utrecht                                 ";"Wijk      ";"WK034406  ";"1";20645;10575;10070;885;3750;10050;3555;2415;15920;3300;1075;350;13000;3310;4330;13000;785;1540;2525;2795;;;;;13755;9345;3435;975;1,4;7960;10928;;2477;;563;19;17;2;0;0;81;11;31;69;16;52;94;6;;;;;;;;;;;;;;;;;;;;;;;;;;;;;;;;;;;;;;;;;;;6550;5;240;1450;715;300;1815;985;1040;7520;3175;4345;0,5;2900;470;0,6;0,5;0,5;0,7;29,9;271;259;11;"         .";;1;5930
"Domplein, Neude, Janskerkhof";"Utrecht                                 ";"Buurt     ";"BU03440611";"1";2515;1315;1200;65;620;1330;315;195;2125;285;90;20;1610;440;470;1610;90;165;350;305;;;;;1845;1330;430;85;1,3;10261;1336;;450;;589;16;14;1;0;0;84;15;24;75;7;68;100;0;;;;;;;;;;;;;;;;;;;;;;;;;;;;;;;;;;;;;;;;;;;1020;0;25;345;85;35;235;125;165;430;315;115;0,2;1754;55;0,5;0,3;0,5;0,5;31,2;25;25;0;"      3512";2;1;6409
"Lange Elisabethstraat, Mariaplaats e.o.";"Utrecht                                 ";"Buurt     ";"BU03440612";"1";1790;935;855;50;390;995;220;135;1480;235;55;25;1085;365;340;1085;50;110;315;235;;;;;1300;930;310;60;1,3;10766;1025;;401;;609;22;19;2;0;0;78;18;20;79;9;70;100;0;;;;;;;;;;;;;;;;;;;;;;;;;;;;;;;;;;;;;;;;;;;755;0;25;350;60;35;125;65;90;280;200;80;0,2;1671;35;0,7;0,2;0,6;0,6;30,2;17;17;0;"      3511";1;1;6050
"Hoog-Catharijne NS en Jaarbeurs";"Utrecht                                 ";"Buurt     ";"BU03440613";"1";2935;1775;1160;140;290;1965;420;120;2340;385;180;25;1410;505;1020;1410;90;365;415;655;;;;;1470;830;555;90;1,5;2845;1198;;780;;435;1;0;0;0;0;99;10;12;86;0;86;45;55;;;;;;;;;;;;;;;;;;;;;;;;;;;;;;;;;;;;;;;;;;;975;0;55;205;170;70;265;105;95;2340;430;1910;1,6;2269;75;0,9;0,5;0,9;0,9;32,8;105;103;2;"      3511";5;1;5286
"Wijk C";"Utrecht                                 ";"Buurt     ";"BU03440621";"1";1370;645;725;60;220;610;255;220;1025;210;100;40;810;245;310;815;45;100;205;215;;;;;965;675;215;80;1,4;9648;848;;149;;480;16;14;1;0;0;84;8;22;78;40;38;99;1;;;;;;;;;;;;;;;;;;;;;;;;;;;;;;;;;;;;;;;;;;;435;0;25;85;65;10;115;50;80;260;200;65;0,3;1845;15;0,5;0,3;0,5;0,7;33,2;16;14;2;"      3511";1;1;6489
"Breedstraat en Plompetorengracht e.o.";"Utrecht                                 ";"Buurt     ";"BU03440622";"1";2685;1325;1365;110;620;1290;420;240;2200;355;115;15;1715;440;530;1710;120;205;325;325;;;;;1915;1380;420;115;1,4;16001;1443;;200;;561;18;16;1;0;0;82;10;32;68;23;45;100;0;;;;;;;;;;;;;;;;;;;;;;;;;;;;;;;;;;;;;;;;;;;860;0;30;165;85;30;255;135;160;505;385;125;0,3;3014;60;0,4;0,4;0,4;0,6;31,1;18;17;1;"      3512";2;1;6583
"Nobelstraat en omgeving";"Utrecht                                 ";"Buurt     ";"BU03440623";"1";1000;525;470;20;235;555;110;75;865;105;20;5;650;140;210;650;50;80;90;130;;;;;760;575;155;30;1,3;11211;547;;89;;491;19;19;1;0;0;81;8;19;81;44;37;100;0;;;;;;;;;;;;;;;;;;;;;;;;;;;;;;;;;;;;;;;;;;;335;0;15;65;40;10;80;55;70;170;135;35;0,2;1897;35;0,8;0,3;0,5;0,6;23;9;9;0;"      3512";1;1;6097
"Springweg en omgeving Geertebuurt";"Utrecht                                 ";"Buurt     ";"BU03440624";"1";1970;920;1045;130;280;655;455;440;1335;390;155;90;1445;250;275;1440;85;105;165;170;;;;;1265;860;260;150;1,5;11305;1046;;121;;599;43;37;6;1;0;57;9;37;63;18;45;100;0;;;;;;;;;;;;;;;;;;;;;;;;;;;;;;;;;;;;;;;;;;;520;0;20;50;50;15;175;95;110;430;325;105;0,3;2471;50;0,4;0,6;0,3;0,8;27,9;19;17;1;"      3511";1;1;5594
"Lange Nieuwstraat en omgeving";"Utrecht                                 ";"Buurt     ";"BU03440625";"1";2660;1325;1335;125;470;1195;540;330;2020;465;145;30;1850;370;440;1850;105;175;270;260;;;;;1735;1150;430;150;1,5;12620;1474;;157;;615;27;24;3;1;0;73;12;36;64;15;49;98;2;;;;;;;;;;;;;;;;;;;;;;;;;;;;;;;;;;;;;;;;;;;680;0;20;100;80;35;200;125;120;520;380;140;0,3;2458;80;0,7;0,6;0,3;0,6;27;22;21;1;"      3512";3;1;5661
"Nieuwegracht-Oost";"Utrecht                                 ";"Buurt     ";"BU03440626";"1";1160;555;600;60;230;355;280;235;735;325;60;35;815;175;165;815;50;55;125;110;;;;;760;495;195;75;1,5;7890;626;;56;;724;32;27;4;1;0;68;11;48;52;12;40;100;0;;;;;;;;;;;;;;;;;;;;;;;;;;;;;;;;;;;;;;;;;;;345;0;15;30;20;30;130;65;50;290;200;90;0,4;1993;30;0,8;0,7;0,2;0,4;26,5;16;15;1;"      3512";1;1;5959
"Bleekstraat en omgeving";"Utrecht                                 ";"Buurt     ";"BU03440627";"1";515;240;280;35;105;200;120;55;380;90;35;10;320;45;155;320;15;55;30;100;;;;;345;235;65;45;1,5;12143;269;;24;;464;22;20;2;0;0;78;6;20;80;54;26;100;0;;;;;;;;;;;;;;;;;;;;;;;;;;;;;;;;;;;;;;;;;;;120;0;5;10;10;10;40;25;20;120;95;25;0,3;2790;10;0,3;0,4;0,3;0,8;33,1;5;4;1;"      3511";1;1;5720
"Hooch Boulandt";"Utrecht                                 ";"Buurt     ";"BU03440628";"1";2050;1015;1035;100;280;895;420;360;1425;455;115;55;1305;330;420;1305;85;130;245;285;;;;;1400;890;405;100;1,5;11512;1116;;50;;567;3;3;1;0;0;97;5;61;38;5;33;100;0;;;;;;;;;;;;;;;;;;;;;;;;;;;;;;;;;;;;;;;;;;;500;0;5;40;45;15;195;130;75;2180;520;1660;1,6;12236;25;0,3;0,8;0,3;0,8;30,1;19;18;1;"      3511";1;1;5410
"Wijk 07 Zuid";"Utrecht                                 ";"Wijk      ";"WK034407  ";"1";28760;14090;14670;4270;4315;10665;6035;3475;19320;7065;1690;690;17695;2720;8340;17695;1055;3655;1670;4690;;;;;15750;8840;3215;3695;1,8;6264;13712;;875;;422;37;29;7;0;0;63;3;42;58;43;14;91;9;;;;;;;;;;;;;;;;;;;;;;;;;;;;;;;;;;;;;;;;;;;3500;0;200;305;455;50;1085;865;535;8435;6675;1755;0,5;1837;625;0,8;0,7;0,5;0,8;17,1;473;459;14;"         .";;1;3343
"Lunetten-Noord";"Utrecht                                 ";"Buurt     ";"BU03440711";"1";4385;2185;2195;380;770;1640;955;635;3100;845;320;115;2680;460;1245;2680;180;500;280;745;;;;;2870;1975;510;380;1,5;6890;2215;;90;;388;15;12;2;1;0;85;2;38;62;55;7;99;1;;;;;;;;;;;;;;;;;;;;;;;;;;;;;;;;;;;;;;;;;;;605;0;30;50;80;10;180;150;105;1235;985;250;0,4;1940;85;0,6;0,7;0,5;1,2;11,4;69;64;6;"      3524";1;1;2584
"Lunetten-Zuid";"Utrecht                                 ";"Buurt     ";"BU03440712";"1";7000;3575;3425;1035;930;2215;1865;955;4380;2050;425;145;4545;630;1825;4545;290;830;335;995;;;;;3605;1790;790;1025;1,9;3424;3255;;93;;422;53;39;13;1;0;47;1;50;50;48;2;100;0;;;;;;;;;;;;;;;;;;;;;;;;;;;;;;;;;;;;;;;;;;;840;0;60;65;120;5;230;215;150;2335;1840;495;0,6;1143;160;0,7;1;0,5;0,7;9,6;207;204;3;"      3524";1;2;2044
"Tolsteeg en Rotsoord";"Utrecht                                 ";"Buurt     ";"BU03440721";"1";4220;1925;2300;325;830;2265;485;315;3425;555;195;55;2590;570;1060;2590;155;360;415;705;;;;;2910;1990;635;285;1,4;10862;2584;;448;;351;12;8;3;0;0;88;4;32;67;30;37;73;27;;;;;;;;;;;;;;;;;;;;;;;;;;;;;;;;;;;;;;;;;;;625;0;25;70;80;10;195;115;125;1040;875;165;0,4;2676;105;0,9;0,4;0,6;0,8;26,7;39;39;1;"      3523";1;1;4562
"Oud Hoograven-Noord";"Utrecht                                 ";"Buurt     ";"BU03440722";"1";3165;1540;1625;745;300;1180;635;300;2085;905;120;55;2540;260;360;2540;110;205;150;150;;;;;1380;495;350;525;2,3;12338;1205;;34;;592;83;72;10;0;0;17;3;80;19;5;14;98;2;;;;;;;;;;;;;;;;;;;;;;;;;;;;;;;;;;;;;;;;;;;390;0;25;40;40;15;140;80;45;855;655;200;0,6;3341;65;0,5;0,5;0,3;0,7;25,2;27;26;1;"      3523";1;1;4607
"Oud Hoograven-Zuid";"Utrecht                                 ";"Buurt     ";"BU03440723";"1";2515;1235;1285;505;240;920;490;365;1540;775;130;70;1965;215;340;1965;90;160;125;175;;;;;1215;530;285;395;2,1;12410;1194;;20;;479;56;49;6;1;0;44;6;57;43;23;20;83;17;;;;;;;;;;;;;;;;;;;;;;;;;;;;;;;;;;;;;;;;;;;285;0;15;15;25;5;110;75;35;805;630;170;0,7;3959;75;1;0,9;0,7;0,9;18;21;20;1;"      3525";1;1;3333
"Bokkenbuurt";"Utrecht                                 ";"Buurt     ";"BU03440731";"1";960;455;495;80;250;350;185;95;725;190;25;20;685;95;175;685;45;90;50;85;;;;;620;430;100;95;1,5;4867;443;;7;;447;37;28;8;1;0;63;4;42;58;53;6;93;7;;;;;;;;;;;;;;;;;;;;;;;;;;;;;;;;;;;;;;;;;;;120;0;10;15;10;0;40;20;20;245;205;45;0,4;1257;20;1,2;0,6;1;0,8;20,7;20;20;0;"      3523";1;1;3984
"Nieuw Hoograven-Noord";"Utrecht                                 ";"Buurt     ";"BU03440732";"1";2275;1070;1200;325;290;735;475;440;1375;570;185;145;1200;170;905;1195;55;380;110;525;;;;;1205;670;240;290;1,9;8888;1161;;95;;414;18;14;4;0;0;82;3;28;72;54;19;100;0;;;;;;;;;;;;;;;;;;;;;;;;;;;;;;;;;;;;;;;;;;;220;0;10;20;25;5;65;70;25;675;530;145;0,6;2646;40;0,4;0,4;0,4;0,4;21,3;26;26;0;"      3523";1;1;4357
"Nieuw Hoograven-Zuid";"Utrecht                                 ";"Buurt     ";"BU03440733";"1";4245;2105;2145;875;710;1350;950;365;2695;1175;280;95;1485;325;2435;1485;130;1130;195;1305;;;;;1950;950;305;695;2,2;6952;1655;;88;;414;40;32;8;0;0;60;2;21;79;71;8;82;18;;;;;;;;;;;;;;;;;;;;;;;;;;;;;;;;;;;;;;;;;;;420;0;30;35;75;0;120;130;30;1240;955;285;0,6;2028;70;1,1;0,9;0,5;0,9;16;64;61;3;"      3525";1;1;2951
"Wijk 08 Zuidwest";"Utrecht                                 ";"Wijk      ";"WK034408  ";"1";40960;20515;20450;5625;6210;17545;7610;3980;27655;9860;2340;1110;18675;4750;17540;18675;1230;7395;3520;10150;;;;;21885;11780;5185;4915;1,9;8098;19689;;1848;;395;22;19;3;0;0;78;4;32;68;37;31;88;12;;;;;;;;;;;;;;;;;;;;;;;;;;;;;;;;;;;;;;;;;;;6500;5;525;790;920;145;1905;1355;850;11540;8970;2570;0,5;2281;725;0,7;0,5;0,5;0,5;23,9;555;506;49;"         .";;1;3857
"Dichterswijk";"Utrecht                                 ";"Buurt     ";"BU03440811";"1";5760;2785;2975;715;750;2710;1125;450;4220;1240;215;90;4000;690;1070;4000;240;470;455;600;;;;;3080;1445;990;645;1,9;14411;2723;;85;;532;24;22;2;0;0;76;5;51;49;11;37;85;15;;;;;;;;;;;;;;;;;;;;;;;;;;;;;;;;;;;;;;;;;;;860;0;20;95;110;25;320;175;120;1530;1155;375;0,5;3824;95;0,4;0,5;0,4;0,5;30,2;44;40;4;"      3521";1;1;4377
"Rivierenwijk";"Utrecht                                 ";"Buurt     ";"BU03440812";"1";9155;4470;4685;1350;1130;3445;2135;1090;6090;2255;540;270;5860;925;2370;5860;375;1115;550;1255;;;;;4745;2315;1195;1240;1,9;12813;4286;;234;;487;48;43;4;0;0;52;4;46;54;36;17;99;1;;;;;;;;;;;;;;;;;;;;;;;;;;;;;;;;;;;;;;;;;;;1370;0;90;140;160;25;430;325;200;2755;2205;555;0,6;3858;210;0,6;0,5;0,4;0,4;27,7;77;71;6;"      3522";1;1;4815
"Bedrijvengebied Kanaleneiland";"Utrecht                                 ";"Buurt     ";"BU03440821";"1";530;270;260;20;80;405;20;15;480;35;15;5;185;110;240;185;5;25;100;210;;;;;390;310;70;5;1,2;489;372;;250;;251;3;1;0;1;2;97;7;3;97;0;97;100;0;;;;;;;;;;;;;;;;;;;;;;;;;;;;;;;;;;;;;;;;;;;535;0;50;115;100;40;145;50;35;235;120;120;0,6;218;35;1,5;1,1;1;1;19,6;131;109;22;"      3526";1;1;2885
"Transwijk-Zuid";"Utrecht                                 ";"Buurt     ";"BU03440822";"1";2905;1465;1440;210;260;1670;305;460;2090;485;170;155;1630;300;980;1630;75;445;225;525;;;;;1955;1410;360;185;1,4;3983;2001;;94;;306;15;10;4;0;0;85;4;13;87;64;23;81;19;;;;;;;;;;;;;;;;;;;;;;;;;;;;;;;;;;;;;;;;;;;840;0;55;85;170;15;255;130;125;875;700;175;0,4;1196;70;1,5;1,2;0,8;0,9;22;77;73;4;"      3526";1;1;3740
"Transwijk-Noord";"Utrecht                                 ";"Buurt     ";"BU03440823";"1";5095;2600;2490;580;705;2345;780;685;3325;1210;325;230;2550;620;1925;2550;155;710;465;1210;;;;;2850;1550;775;520;1,7;6188;2514;;334;;376;19;14;5;0;0;81;4;37;62;25;38;84;16;;;;;;;;;;;;;;;;;;;;;;;;;;;;;;;;;;;;;;;;;;;730;0;55;85;90;20;220;145;110;1370;1080;290;0,5;1665;90;1;0,9;0,4;0,5;24,2;84;82;2;"      3527";1;1;4039
"Kanaleneiland-Zuid";"Utrecht                                 ";"Buurt     ";"BU03440831";"1";8980;4625;4360;1610;1630;3225;1830;690;5720;2500;580;180;2260;920;5800;2260;195;2615;725;3185;;;;;4415;2315;820;1280;2;12871;3675;;577;;336;11;9;2;0;0;89;3;29;71;54;17;95;5;;;;;;;;;;;;;;;;;;;;;;;;;;;;;;;;;;;;;;;;;;;1105;0;150;130;145;15;275;270;120;2620;2040;580;0,6;3756;125;0,5;0,3;0,3;0,3;20,3;76;70;6;"      3526";1;1;3068
"Kanaleneiland-Noord";"Utrecht                                 ";"Buurt     ";"BU03440832";"1";8535;4295;4240;1140;1655;3740;1410;590;5745;2130;485;180;2190;1185;5155;2190;185;2000;1000;3160;;;;;4455;2440;975;1035;1,9;14078;4118;;274;;329;10;8;2;0;0;90;4;16;84;38;46;77;23;;;;;;;;;;;;;;;;;;;;;;;;;;;;;;;;;;;;;;;;;;;1055;0;105;145;140;5;255;265;140;2155;1670;485;0,5;3551;105;0,6;0,3;0,5;0,5;20,2;67;61;6;"      3527";1;1;3359
"Wijk 09 Leidsche Rijn";"Utrecht                                 ";"Wijk      ";"WK034409  ";"1";51080;25605;25475;11440;5575;19375;11160;3525;30615;17090;2565;810;27120;4905;19045;27125;1895;9845;3015;9210;;;;;21080;7140;4840;9095;2,4;4882;20364;;1039;;568;52;35;11;4;3;48;3;50;50;25;25;57;43;;;;;;;;;;;;;;;;;;;;;;;;;;;;;;;;;;;;;;;;;;;7720;5;515;925;1145;250;2395;1745;745;19410;13095;6315;0,9;1855;1160;1;1,1;0,5;0,6;15,8;1126;1046;79;"         .";;2;2419
"Bedrijventerrein De Wetering";"Utrecht                                 ";"Buurt     ";"BU03440911";"1";0;0;0;0;0;0;0;0;0;0;0;0;0;0;0;0;0;0;0;0;;;;;0;0;0;0;;;14;;206;;;;;;;;;;;;;;;;;;;;;;;;;;;;;;;;;;;;;;;;;;;;;;;;;;;;;;;;;;265;0;45;90;25;25;35;20;25;955;325;630;;;0;;;;;;106;99;8;"      3543";1;4;962
"Terwijde-West";"Utrecht                                 ";"Buurt     ";"BU03440912";"1";5300;2645;2650;1040;815;1435;1525;485;2915;1970;285;125;2680;565;2055;2680;230;985;335;1075;;;;;1985;495;445;1045;2,7;6035;1907;;22;;637;70;46;14;3;8;30;3;61;39;23;16;93;7;;;;;;;;;;;;;;;;;;;;;;;;;;;;;;;;;;;;;;;;;;;680;0;45;75;115;25;225;155;45;2030;1385;645;1;2311;155;1,2;1,7;0,8;0,7;11;96;88;8;"      3543";1;2;1619
"Terwijde-Oost";"Utrecht                                 ";"Buurt     ";"BU03440913";"1";6020;3020;3000;1225;585;2535;1245;430;3495;2070;345;110;2830;635;2560;2830;215;1245;420;1310;;;;;2590;920;655;1015;2,3;10495;2482;;104;;553;35;21;7;5;3;65;3;44;56;21;35;72;28;;;;;;;;;;;;;;;;;;;;;;;;;;;;;;;;;;;;;;;;;;;830;5;40;110;145;15;230;210;75;2190;1555;635;0,8;3816;130;1;0,5;0,4;0,4;13,1;63;57;6;"      3543";1;2;2189
"Het Zand-West";"Utrecht                                 ";"Buurt     ";"BU03440921";"1";6925;3465;3460;1620;770;2465;1640;430;4080;2450;295;100;4010;720;2205;4005;280;1075;440;1125;;;;;2655;695;640;1315;2,6;7911;2640;;45;;610;59;41;10;3;5;41;2;65;35;15;20;74;26;;;;;;;;;;;;;;;;;;;;;;;;;;;;;;;;;;;;;;;;;;;840;0;55;70;115;25;300;195;85;2425;1690;740;0,9;2771;145;0,8;1,2;0,7;0,8;18,3;91;88;3;"      3544";1;2;2085
"Het Zand-Oost";"Utrecht                                 ";"Buurt     ";"BU03440922";"1";5125;2635;2490;1360;555;1845;1120;250;3035;1815;235;40;2550;455;2125;2550;200;1125;255;995;;;;;1845;420;425;1005;2,8;7704;1813;;32;;623;67;41;17;3;6;33;3;53;47;28;19;48;52;;;;;;;;;;;;;;;;;;;;;;;;;;;;;;;;;;;;;;;;;;;645;0;30;55;100;20;200;180;60;1870;1280;590;1;2811;125;0,7;0,9;0,5;0,5;16,9;67;67;0;"      3544";1;1;3047
"Leidsche Rijn-Centrum";"Utrecht                                 ";"Buurt     ";"BU03440931";"1";4150;2195;1960;325;335;2685;465;335;2860;985;245;55;2050;555;1555;2050;115;695;440;855;;;;;2760;1690;775;290;1,5;8068;2884;;311;;419;0;0;0;0;0;100;8;20;80;21;59;0;100;;;;;;;;;;;;;;;;;;;;;;;;;;;;;;;;;;;;;;;;;;;865;0;25;145;120;25;265;175;105;1505;980;525;0,5;2920;95;0,8;0,8;0,4;0,5;19,1;52;51;0;"      3541";2;1;2835
"Grauwaart";"Utrecht                                 ";"Buurt     ";"BU03440932";"1";1815;900;920;580;170;655;355;60;1130;590;75;15;925;200;690;925;85;405;115;290;;;;;645;175;85;385;2,8;6951;598;;8;;615;62;52;9;0;1;38;1;45;55;40;15;69;31;;;;;;;;;;;;;;;;;;;;;;;;;;;;;;;;;;;;;;;;;;;215;0;10;15;40;5;75;45;20;530;370;155;0,8;2021;25;0,7;0,6;0,6;0,6;17,4;29;26;3;"      3541";1;1;3101
"Hoge Weide";"Utrecht                                 ";"Buurt     ";"BU03440933";"1";3920;1955;1965;1480;255;1635;505;50;2510;1295;100;15;2255;310;1360;2250;160;875;145;485;;;;;1225;205;180;845;3,2;10926;1193;;20;;673;85;63;18;2;1;15;1;63;36;15;21;11;89;;;;;;;;;;;;;;;;;;;;;;;;;;;;;;;;;;;;;;;;;;;455;0;30;30;80;10;160;120;30;1180;815;365;1;3288;70;1,5;1,5;0,4;0,5;15,2;36;36;1;"      3541";1;1;2950
"Leeuwesteyn";"Utrecht                                 ";"Buurt     ";"BU03440934";"1";3280;1660;1620;865;280;1645;415;85;2295;825;150;20;1835;300;1150;1830;120;675;180;480;;;;;1535;790;205;535;2,1;6453;1357;;12;;468;35;28;5;0;1;65;4;36;64;61;3;0;100;;;;;;;;;;;;;;;;;;;;;;;;;;;;;;;;;;;;;;;;;;;430;0;25;50;70;5;135;110;40;955;620;335;0,6;1875;60;1,9;1,9;0,8;1;13,5;60;51;9;"      3541";1;1;3051
"Parkwijk-Noord";"Utrecht                                 ";"Buurt     ";"BU03440941";"1";3350;1655;1695;650;515;855;1035;290;1820;1265;195;60;1860;305;1185;1860;145;610;165;575;;;;;1260;315;260;675;2,7;8104;1214;;15;;583;80;56;13;8;4;20;1;55;45;25;20;98;2;;;;;;;;;;;;;;;;;;;;;;;;;;;;;;;;;;;;;;;;;;;440;0;20;50;70;10;145;110;40;1255;915;340;1;3044;75;0,7;0,7;0,6;0,6;18,8;41;41;0;"      3544";1;1;2749
"Parkwijk-Zuid";"Utrecht                                 ";"Buurt     ";"BU03440942";"1";3765;1810;1950;600;515;1150;1090;410;2050;1345;270;95;1615;290;1855;1615;100;885;190;970;;;;;1620;570;395;650;2,3;9391;1534;;36;;513;67;53;13;1;0;33;3;52;48;35;14;100;0;;;;;;;;;;;;;;;;;;;;;;;;;;;;;;;;;;;;;;;;;;;445;0;45;55;50;5;120;140;30;1440;1110;330;0,9;3592;75;0,6;0,6;0,5;0,5;18,7;42;40;2;"      3544";1;1;3007
"Langerak";"Utrecht                                 ";"Buurt     ";"BU03440943";"1";4560;2240;2320;795;530;1215;1375;650;2510;1590;305;150;2940;390;1230;2940;170;590;225;645;;;;;2005;685;530;785;2,3;5283;1897;;25;;577;62;34;13;12;3;38;3;65;35;26;9;96;4;;;;;;;;;;;;;;;;;;;;;;;;;;;;;;;;;;;;;;;;;;;680;0;55;65;75;25;235;150;70;1830;1310;520;0,9;2121;135;1;1;0,5;0,7;16,6;90;86;4;"      3544";1;2;2017
"Rijnvliet";"Utrecht                                 ";"Buurt     ";"BU03440951";"1";2850;1410;1445;900;260;1255;385;55;1895;870;70;15;1585;185;1085;1585;80;680;95;400;;;;;965;175;235;555;3;3365;827;;89;;733;69;36;19;9;4;31;1;56;44;11;33;5;95;;;;;;;;;;;;;;;;;;;;;;;;;;;;;;;;;;;;;;;;;;;375;0;35;55;55;10;110;80;30;995;680;320;1;1177;70;1,2;2,4;0,4;0,7;11,1;99;85;15;"      3545";1;4;860
"Bedrijvengebied Strijkviertel";"Utrecht                                 ";"Buurt     ";"BU03440952";"1";0;0;0;0;0;0;0;0;0;0;0;0;0;5;0;0;0;0;0;0;;;;;0;0;0;0;1;;1;;2;;;;;;;;;;;;;;;;;;;;;;;;;;;;;;;;;;;;;;;;;;;;;;;;;;;;;;;;;;0;;;;;;;;;0;0;0;;;0;;;;;;67;66;1;"      3545";1;5;216
"Bedrijvengebied Papendorp";"Utrecht                                 ";"Buurt     ";"BU03440953";"1";10;5;5;0;0;0;0;0;5;0;0;0;0;0;0;5;0;5;0;5;;;;;10;5;0;0;1,5;;3;;112;;;;;;;;;;;;;;;;;;;;;;;;;;;;;;;;;;;;;;;;;;;;;;;;;;;;;;;;;;555;0;50;65;95;45;160;60;85;250;65;185;;;0;;;;;;186;165;21;"      3528";1;3;1080
"Wijk 10 Vleuten-De Meern";"Utrecht                                 ";"Wijk      ";"WK034410  ";"1";51245;25165;26080;10945;6870;12085;14805;6540;26970;19525;3125;1625;35825;3715;11705;35825;1845;6135;1865;5565;;;;;19205;4710;4565;9940;2,6;1478;19041;;1290;;616;83;50;17;8;8;17;2;71;29;18;11;92;8;;;;;;;;;;;;;;;;;;;;;;;;;;;;;;;;;;;;;;;;;;;7240;55;690;905;800;365;2345;1495;580;22400;16190;6210;1,2;646;1745;0,9;1,1;0,6;0,9;11;3685;3468;217;"         .";;2;1529
"Haarrijn";"Utrecht                                 ";"Buurt     ";"BU03441011";"1";40;20;25;0;5;10;10;15;15;20;5;5;40;5;0;40;0;0;0;0;;;;;15;5;10;5;2,4;35;20;;32;;;100;0;0;30;70;0;10;95;5;0;5;100;0;;;;;;;;;;;;;;;;;;;;;;;;;;;;;;;;;;;;;;;;;;;50;0;5;15;5;5;10;0;5;125;55;70;;;5;1,3;1,5;0,4;1,1;5;210;123;88;"      3543";5;4;678
"Haarzuilens en omgeving";"Utrecht                                 ";"Buurt     ";"BU03441012";"1";605;310;295;85;75;85;205;150;285;260;30;30;515;45;50;515;15;25;30;25;;;;;250;60;85;100;2,5;76;243;;21;;903;96;12;9;23;52;4;7;79;21;8;13;92;8;;;;;;;;;;;;;;;;;;;;;;;;;;;;;;;;;;;;;;;;;;;155;20;15;25;5;15;35;25;15;355;260;95;1,4;45;55;2,5;2,7;1;0,9;3,2;815;796;19;"      3455";3;5;119
"Vleuten";"Utrecht                                 ";"Buurt     ";"BU03441013";"1";8740;4275;4465;1725;1025;1980;2340;1670;4260;3445;595;440;6630;585;1520;6630;310;860;280;660;;;;;3490;975;950;1565;2,5;3931;3518;;188;;604;81;50;17;7;7;19;3;66;34;16;17;85;15;;;;;;;;;;;;;;;;;;;;;;;;;;;;;;;;;;;;;;;;;;;1195;10;110;125;120;65;380;280;100;3900;2885;1015;1,1;1753;310;0,9;1;0,4;0,7;7,5;226;222;4;"      3451";1;3;1275
"Máximapark";"Utrecht                                 ";"Buurt     ";"BU03441014";"1";990;505;485;260;140;185;300;105;545;400;35;20;745;75;165;745;45;105;30;65;;;;;315;45;70;205;3,2;529;295;;36;;1067;100;13;8;29;49;0;2;97;3;0;3;59;41;;;;;;;;;;;;;;;;;;;;;;;;;;;;;;;;;;;;;;;;;;;185;0;5;20;20;10;65;35;20;420;260;160;1,3;224;40;1,4;1,4;0,9;1;10,6;199;188;11;"      3451";1;2;1538
"Vleuterweide-West";"Utrecht                                 ";"Buurt     ";"BU03441021";"1";6000;2945;3055;1365;970;1395;1895;375;3335;2240;340;80;3830;420;1750;3830;220;940;205;805;;;;;2060;395;395;1275;2,9;7615;2015;;23;;631;87;52;24;7;5;13;1;69;31;22;10;100;0;;;;;;;;;;;;;;;;;;;;;;;;;;;;;;;;;;;;;;;;;;;735;0;40;75;105;30;270;165;50;2445;1755;690;1,2;3102;155;1,4;1,4;0,6;0,8;8,1;86;79;7;"      3452";2;2;1524
"Vleuterweide-Noord/Oost/Centrum";"Utrecht                                 ";"Buurt     ";"BU03441022";"1";7555;3665;3890;1910;885;2170;1840;750;4210;2705;455;190;4930;620;2005;4930;285;1090;330;910;;;;;2765;660;605;1500;2,7;7816;2785;;133;;598;71;50;12;6;3;29;1;64;36;21;15;92;8;;;;;;;;;;;;;;;;;;;;;;;;;;;;;;;;;;;;;;;;;;;910;0;70;125;115;25;310;200;70;2870;2070;795;1;2968;175;0,8;1,3;1,1;1,4;10,5;99;97;3;"      3452";3;2;1827
"Vleuterweide-Zuid";"Utrecht                                 ";"Buurt     ";"BU03441023";"1";5000;2440;2560;1405;685;1300;1350;260;2975;1735;225;65;3335;335;1330;3330;185;740;150;595;;;;;1595;260;255;1080;3,1;6154;1577;;21;;699;87;44;20;13;10;13;1;72;28;18;11;87;13;;;;;;;;;;;;;;;;;;;;;;;;;;;;;;;;;;;;;;;;;;;585;0;40;50;65;30;220;130;55;1985;1415;570;1,2;2443;130;1;0,9;0,3;0,5;10,9;83;81;2;"      3452";1;2;1630
"Veldhuizen";"Utrecht                                 ";"Buurt     ";"BU03441024";"1";9225;4560;4670;1665;1435;2075;3100;945;4720;3645;625;230;5750;685;2795;5745;310;1340;375;1455;;;;;3495;850;825;1815;2,6;5591;3412;;49;;548;85;64;17;2;2;15;1;75;25;20;5;100;0;;;;;;;;;;;;;;;;;;;;;;;;;;;;;;;;;;;;;;;;;;;1025;0;80;105;115;45;345;245;90;3950;2885;1065;1,1;2395;275;0,8;0,8;0,4;0,7;10,1;189;165;24;"      3453";1;2;1542
"De Meern-Noord";"Utrecht                                 ";"Buurt     ";"BU03441031";"1";6015;3005;3015;1210;840;1195;1935;840;3125;2370;330;190;4560;445;1010;4560;240;515;205;495;;;;;2255;530;570;1155;2,6;4118;2240;;69;;670;86;46;14;12;14;14;2;80;20;16;4;87;13;;;;;;;;;;;;;;;;;;;;;;;;;;;;;;;;;;;;;;;;;;;780;5;75;70;80;50;290;150;55;2535;1825;710;1,1;1734;190;0,9;1,2;0,7;1,2;20;148;146;2;"      3454";1;2;1869
"De Meern-Zuid";"Utrecht                                 ";"Buurt     ";"BU03441032";"1";6545;3175;3370;1245;735;1570;1645;1350;3220;2505;470;350;5060;470;1015;5060;230;490;240;520;;;;;2735;835;750;1155;2,4;1702;2737;;249;;531;85;51;23;7;5;15;3;70;30;17;13;98;2;;;;;;;;;;;;;;;;;;;;;;;;;;;;;;;;;;;;;;;;;;;840;10;120;90;70;45;225;195;90;2905;2335;565;1,1;755;345;0,6;0,7;0,5;0,5;13;389;385;5;"      3454";1;2;1508
"Bedrijvengebied Oudenrijn";"Utrecht                                 ";"Buurt     ";"BU03441033";"1";255;125;130;40;25;70;90;30;135;100;10;5;195;15;45;195;5;20;10;25;;;;;110;35;30;40;2,3;160;111;;464;;810;93;26;2;28;37;7;13;85;15;0;15;70;30;;;;;;;;;;;;;;;;;;;;;;;;;;;;;;;;;;;;;;;;;;;710;0;115;195;95;40;175;60;25;750;330;420;;;40;0,8;1,2;0,9;1,1;14,6;163;158;5;"      3454";1;3;1008
"Rijnenburg";"Utrecht                                 ";"Buurt     ";"BU03441041";"1";270;150;120;30;40;55;95;50;140;105;15;15;235;10;30;230;5;15;5;10;;;;;130;65;25;40;2,1;26;88;;5;;1093;89;1;2;15;68;11;9;75;25;0;25;91;9;;;;;;;;;;;;;;;;;;;;;;;;;;;;;;;;;;;;;;;;;;;75;10;10;5;5;10;25;5;10;170;125;45;1,3;16;20;2,3;2,4;2,2;2,1;4,2;1078;1029;49;"      3546";2;5;207
