"Populatie";"Geslacht";"Persoonskenmerken";"Vervoerwijzen";"Marges";"Perioden";"Regio's";"Gemiddeld per persoon per dag /Verplaatsingen  (aantal)";"Gemiddeld per persoon per dag /Afstand  (reizigerskilometers)";"Gemiddeld per persoon per dag /Reisduur (minuten)"
"Populatie: 6 jaar of ouder";"Totaal mannen en vrouwen";"Totaal personen";"Totaal";"Waarde";"2018";"Nederland";2,78;36,16;74,6
"Populatie: 6 jaar of ouder";"Totaal mannen en vrouwen";"Totaal personen";"Totaal";"Waarde";"2019";"Nederland";2,71;36;74,39
"Populatie: 6 jaar of ouder";"Totaal mannen en vrouwen";"Totaal personen";"Totaal";"Waarde";"2020";"Nederland";2,35;24,88;61,96
"Populatie: 6 jaar of ouder";"Totaal mannen en vrouwen";"Totaal personen";"Totaal";"Waarde";"2021";"Nederland";2,51;27,24;69,85
"Populatie: 6 jaar of ouder";"Totaal mannen en vrouwen";"Totaal personen";"Totaal";"Waarde";"2022";"Nederland";2,7;30,21;72,69
"Populatie: 6 jaar of ouder";"Totaal mannen en vrouwen";"Totaal personen";"Totaal";"Waarde";"2023";"Nederland";2,72;31,97;73,51
"Populatie: 6 jaar of ouder";"Totaal mannen en vrouwen";"Totaal personen";"Totaal";"Waarde";"2024*";"Nederland";2,71;32,35;74,23
"Populatie: 6 jaar of ouder";"Totaal mannen en vrouwen";"Totaal personen";"Personenauto (bestuurder)";"Waarde";"2018";"Nederland";0,96;18,16;24,52
"Populatie: 6 jaar of ouder";"Totaal mannen en vrouwen";"Totaal personen";"Personenauto (bestuurder)";"Waarde";"2019";"Nederland";0,95;18,02;24,52
"Populatie: 6 jaar of ouder";"Totaal mannen en vrouwen";"Totaal personen";"Personenauto (bestuurder)";"Waarde";"2020";"Nederland";0,81;13,14;18,63
"Populatie: 6 jaar of ouder";"Totaal mannen en vrouwen";"Totaal personen";"Personenauto (bestuurder)";"Waarde";"2021";"Nederland";0,82;14,05;19,99
"Populatie: 6 jaar of ouder";"Totaal mannen en vrouwen";"Totaal personen";"Personenauto (bestuurder)";"Waarde";"2022";"Nederland";0,87;15,13;21,44
"Populatie: 6 jaar of ouder";"Totaal mannen en vrouwen";"Totaal personen";"Personenauto (bestuurder)";"Waarde";"2023";"Nederland";0,91;16,12;22,72
"Populatie: 6 jaar of ouder";"Totaal mannen en vrouwen";"Totaal personen";"Personenauto (bestuurder)";"Waarde";"2024*";"Nederland";0,9;16,31;23,04
"Populatie: 6 jaar of ouder";"Totaal mannen en vrouwen";"Totaal personen";"Personenauto  (passagier)";"Waarde";"2018";"Nederland";0,32;6,66;9,28
"Populatie: 6 jaar of ouder";"Totaal mannen en vrouwen";"Totaal personen";"Personenauto  (passagier)";"Waarde";"2019";"Nederland";0,31;6,65;9,38
"Populatie: 6 jaar of ouder";"Totaal mannen en vrouwen";"Totaal personen";"Personenauto  (passagier)";"Waarde";"2020";"Nederland";0,24;4,37;6,66
"Populatie: 6 jaar of ouder";"Totaal mannen en vrouwen";"Totaal personen";"Personenauto  (passagier)";"Waarde";"2021";"Nederland";0,26;5,1;7,81
"Populatie: 6 jaar of ouder";"Totaal mannen en vrouwen";"Totaal personen";"Personenauto  (passagier)";"Waarde";"2022";"Nederland";0,28;5,46;8,12
"Populatie: 6 jaar of ouder";"Totaal mannen en vrouwen";"Totaal personen";"Personenauto  (passagier)";"Waarde";"2023";"Nederland";0,3;6,04;8,72
"Populatie: 6 jaar of ouder";"Totaal mannen en vrouwen";"Totaal personen";"Personenauto  (passagier)";"Waarde";"2024*";"Nederland";0,29;5,95;8,73
"Populatie: 6 jaar of ouder";"Totaal mannen en vrouwen";"Totaal personen";"Trein";"Waarde";"2018";"Nederland";0,08;3,88;6,11
"Populatie: 6 jaar of ouder";"Totaal mannen en vrouwen";"Totaal personen";"Trein";"Waarde";"2019";"Nederland";0,08;4,08;6,39
"Populatie: 6 jaar of ouder";"Totaal mannen en vrouwen";"Totaal personen";"Trein";"Waarde";"2020";"Nederland";0,03;1,6;2,53
"Populatie: 6 jaar of ouder";"Totaal mannen en vrouwen";"Totaal personen";"Trein";"Waarde";"2021";"Nederland";0,03;1,67;2,77
"Populatie: 6 jaar of ouder";"Totaal mannen en vrouwen";"Totaal personen";"Trein";"Waarde";"2022";"Nederland";0,05;2,62;4,25
"Populatie: 6 jaar of ouder";"Totaal mannen en vrouwen";"Totaal personen";"Trein";"Waarde";"2023";"Nederland";0,07;3,26;5,3
"Populatie: 6 jaar of ouder";"Totaal mannen en vrouwen";"Totaal personen";"Trein";"Waarde";"2024*";"Nederland";0,07;3,3;5,33
"Populatie: 6 jaar of ouder";"Totaal mannen en vrouwen";"Totaal personen";"Fiets";"Waarde";"2018";"Nederland";0,79;3,16;16,46
"Populatie: 6 jaar of ouder";"Totaal mannen en vrouwen";"Totaal personen";"Fiets";"Waarde";"2019";"Nederland";0,76;3,01;16,26
"Populatie: 6 jaar of ouder";"Totaal mannen en vrouwen";"Totaal personen";"Fiets";"Waarde";"2020";"Nederland";0,63;2,61;14,74
"Populatie: 6 jaar of ouder";"Totaal mannen en vrouwen";"Totaal personen";"Fiets";"Waarde";"2021";"Nederland";0,64;2,68;15,18
"Populatie: 6 jaar of ouder";"Totaal mannen en vrouwen";"Totaal personen";"Fiets";"Waarde";"2022";"Nederland";0,75;3,04;16,72
"Populatie: 6 jaar of ouder";"Totaal mannen en vrouwen";"Totaal personen";"Fiets";"Waarde";"2023";"Nederland";0,73;2,92;15,81
"Populatie: 6 jaar of ouder";"Totaal mannen en vrouwen";"Totaal personen";"Fiets";"Waarde";"2024*";"Nederland";0,75;3,04;16,29
"Populatie: 6 jaar of ouder";"Totaal mannen en vrouwen";"Leeftijd:6 tot 12 jaar";"Totaal";"Waarde";"2018";"Nederland";3,16;17,89;60,34
"Populatie: 6 jaar of ouder";"Totaal mannen en vrouwen";"Leeftijd:6 tot 12 jaar";"Totaal";"Waarde";"2019";"Nederland";3,12;17,08;58,72
"Populatie: 6 jaar of ouder";"Totaal mannen en vrouwen";"Leeftijd:6 tot 12 jaar";"Totaal";"Waarde";"2020";"Nederland";2,58;13,5;58,51
"Populatie: 6 jaar of ouder";"Totaal mannen en vrouwen";"Leeftijd:6 tot 12 jaar";"Totaal";"Waarde";"2021";"Nederland";2,8;14,99;66,82
"Populatie: 6 jaar of ouder";"Totaal mannen en vrouwen";"Leeftijd:6 tot 12 jaar";"Totaal";"Waarde";"2022";"Nederland";2,88;15,56;60,71
"Populatie: 6 jaar of ouder";"Totaal mannen en vrouwen";"Leeftijd:6 tot 12 jaar";"Totaal";"Waarde";"2023";"Nederland";2,84;16,8;60,47
"Populatie: 6 jaar of ouder";"Totaal mannen en vrouwen";"Leeftijd:6 tot 12 jaar";"Totaal";"Waarde";"2024*";"Nederland";2,92;17,36;61,53
"Populatie: 6 jaar of ouder";"Totaal mannen en vrouwen";"Leeftijd:6 tot 12 jaar";"Personenauto (bestuurder)";"Waarde";"2018";"Nederland";;;
"Populatie: 6 jaar of ouder";"Totaal mannen en vrouwen";"Leeftijd:6 tot 12 jaar";"Personenauto (bestuurder)";"Waarde";"2019";"Nederland";;;
"Populatie: 6 jaar of ouder";"Totaal mannen en vrouwen";"Leeftijd:6 tot 12 jaar";"Personenauto (bestuurder)";"Waarde";"2020";"Nederland";;;
"Populatie: 6 jaar of ouder";"Totaal mannen en vrouwen";"Leeftijd:6 tot 12 jaar";"Personenauto (bestuurder)";"Waarde";"2021";"Nederland";;;
"Populatie: 6 jaar of ouder";"Totaal mannen en vrouwen";"Leeftijd:6 tot 12 jaar";"Personenauto (bestuurder)";"Waarde";"2022";"Nederland";;;
"Populatie: 6 jaar of ouder";"Totaal mannen en vrouwen";"Leeftijd:6 tot 12 jaar";"Personenauto (bestuurder)";"Waarde";"2023";"Nederland";;;
"Populatie: 6 jaar of ouder";"Totaal mannen en vrouwen";"Leeftijd:6 tot 12 jaar";"Personenauto (bestuurder)";"Waarde";"2024*";"Nederland";;;
"Populatie: 6 jaar of ouder";"Totaal mannen en vrouwen";"Leeftijd:6 tot 12 jaar";"Personenauto  (passagier)";"Waarde";"2018";"Nederland";1,03;12,97;20,63
"Populatie: 6 jaar of ouder";"Totaal mannen en vrouwen";"Leeftijd:6 tot 12 jaar";"Personenauto  (passagier)";"Waarde";"2019";"Nederland";1,04;12,3;20,62
"Populatie: 6 jaar of ouder";"Totaal mannen en vrouwen";"Leeftijd:6 tot 12 jaar";"Personenauto  (passagier)";"Waarde";"2020";"Nederland";0,78;9,38;16,58
"Populatie: 6 jaar of ouder";"Totaal mannen en vrouwen";"Leeftijd:6 tot 12 jaar";"Personenauto  (passagier)";"Waarde";"2021";"Nederland";0,82;10,51;18,07
"Populatie: 6 jaar of ouder";"Totaal mannen en vrouwen";"Leeftijd:6 tot 12 jaar";"Personenauto  (passagier)";"Waarde";"2022";"Nederland";0,88;10,95;19,13
"Populatie: 6 jaar of ouder";"Totaal mannen en vrouwen";"Leeftijd:6 tot 12 jaar";"Personenauto  (passagier)";"Waarde";"2023";"Nederland";0,93;11,95;20,45
"Populatie: 6 jaar of ouder";"Totaal mannen en vrouwen";"Leeftijd:6 tot 12 jaar";"Personenauto  (passagier)";"Waarde";"2024*";"Nederland";0,91;12,78;21,29
"Populatie: 6 jaar of ouder";"Totaal mannen en vrouwen";"Leeftijd:6 tot 12 jaar";"Trein";"Waarde";"2018";"Nederland";;;
"Populatie: 6 jaar of ouder";"Totaal mannen en vrouwen";"Leeftijd:6 tot 12 jaar";"Trein";"Waarde";"2019";"Nederland";;;
"Populatie: 6 jaar of ouder";"Totaal mannen en vrouwen";"Leeftijd:6 tot 12 jaar";"Trein";"Waarde";"2020";"Nederland";;;
"Populatie: 6 jaar of ouder";"Totaal mannen en vrouwen";"Leeftijd:6 tot 12 jaar";"Trein";"Waarde";"2021";"Nederland";;;
"Populatie: 6 jaar of ouder";"Totaal mannen en vrouwen";"Leeftijd:6 tot 12 jaar";"Trein";"Waarde";"2022";"Nederland";;;
"Populatie: 6 jaar of ouder";"Totaal mannen en vrouwen";"Leeftijd:6 tot 12 jaar";"Trein";"Waarde";"2023";"Nederland";;;
"Populatie: 6 jaar of ouder";"Totaal mannen en vrouwen";"Leeftijd:6 tot 12 jaar";"Trein";"Waarde";"2024*";"Nederland";;;
"Populatie: 6 jaar of ouder";"Totaal mannen en vrouwen";"Leeftijd:6 tot 12 jaar";"Fiets";"Waarde";"2018";"Nederland";1,27;2,55;19,28
"Populatie: 6 jaar of ouder";"Totaal mannen en vrouwen";"Leeftijd:6 tot 12 jaar";"Fiets";"Waarde";"2019";"Nederland";1,19;2,49;19,85
"Populatie: 6 jaar of ouder";"Totaal mannen en vrouwen";"Leeftijd:6 tot 12 jaar";"Fiets";"Waarde";"2020";"Nederland";0,99;2,18;18,76
"Populatie: 6 jaar of ouder";"Totaal mannen en vrouwen";"Leeftijd:6 tot 12 jaar";"Fiets";"Waarde";"2021";"Nederland";1,01;2,35;21,1
"Populatie: 6 jaar of ouder";"Totaal mannen en vrouwen";"Leeftijd:6 tot 12 jaar";"Fiets";"Waarde";"2022";"Nederland";1,09;2,34;19,43
"Populatie: 6 jaar of ouder";"Totaal mannen en vrouwen";"Leeftijd:6 tot 12 jaar";"Fiets";"Waarde";"2023";"Nederland";1,08;2,34;19,33
"Populatie: 6 jaar of ouder";"Totaal mannen en vrouwen";"Leeftijd:6 tot 12 jaar";"Fiets";"Waarde";"2024*";"Nederland";1,14;2,45;20
"Populatie: 6 jaar of ouder";"Totaal mannen en vrouwen";"Leeftijd: 12 tot 18 jaar";"Totaal";"Waarde";"2018";"Nederland";2,73;23,27;69,02
"Populatie: 6 jaar of ouder";"Totaal mannen en vrouwen";"Leeftijd: 12 tot 18 jaar";"Totaal";"Waarde";"2019";"Nederland";2,64;23,59;69,31
"Populatie: 6 jaar of ouder";"Totaal mannen en vrouwen";"Leeftijd: 12 tot 18 jaar";"Totaal";"Waarde";"2020";"Nederland";2,11;15,58;53,97
"Populatie: 6 jaar of ouder";"Totaal mannen en vrouwen";"Leeftijd: 12 tot 18 jaar";"Totaal";"Waarde";"2021";"Nederland";2,35;17,91;65,39
"Populatie: 6 jaar of ouder";"Totaal mannen en vrouwen";"Leeftijd: 12 tot 18 jaar";"Totaal";"Waarde";"2022";"Nederland";2,61;20,17;67,06
"Populatie: 6 jaar of ouder";"Totaal mannen en vrouwen";"Leeftijd: 12 tot 18 jaar";"Totaal";"Waarde";"2023";"Nederland";2,65;22,1;68,62
"Populatie: 6 jaar of ouder";"Totaal mannen en vrouwen";"Leeftijd: 12 tot 18 jaar";"Totaal";"Waarde";"2024*";"Nederland";2,69;21,62;70,09
"Populatie: 6 jaar of ouder";"Totaal mannen en vrouwen";"Leeftijd: 12 tot 18 jaar";"Personenauto (bestuurder)";"Waarde";"2018";"Nederland";;;
"Populatie: 6 jaar of ouder";"Totaal mannen en vrouwen";"Leeftijd: 12 tot 18 jaar";"Personenauto (bestuurder)";"Waarde";"2019";"Nederland";;;
"Populatie: 6 jaar of ouder";"Totaal mannen en vrouwen";"Leeftijd: 12 tot 18 jaar";"Personenauto (bestuurder)";"Waarde";"2020";"Nederland";;;
"Populatie: 6 jaar of ouder";"Totaal mannen en vrouwen";"Leeftijd: 12 tot 18 jaar";"Personenauto (bestuurder)";"Waarde";"2021";"Nederland";;;
"Populatie: 6 jaar of ouder";"Totaal mannen en vrouwen";"Leeftijd: 12 tot 18 jaar";"Personenauto (bestuurder)";"Waarde";"2022";"Nederland";;;
"Populatie: 6 jaar of ouder";"Totaal mannen en vrouwen";"Leeftijd: 12 tot 18 jaar";"Personenauto (bestuurder)";"Waarde";"2023";"Nederland";;;
"Populatie: 6 jaar of ouder";"Totaal mannen en vrouwen";"Leeftijd: 12 tot 18 jaar";"Personenauto (bestuurder)";"Waarde";"2024*";"Nederland";;;
"Populatie: 6 jaar of ouder";"Totaal mannen en vrouwen";"Leeftijd: 12 tot 18 jaar";"Personenauto  (passagier)";"Waarde";"2018";"Nederland";0,53;9,67;14,57
"Populatie: 6 jaar of ouder";"Totaal mannen en vrouwen";"Leeftijd: 12 tot 18 jaar";"Personenauto  (passagier)";"Waarde";"2019";"Nederland";0,51;10,95;15,46
"Populatie: 6 jaar of ouder";"Totaal mannen en vrouwen";"Leeftijd: 12 tot 18 jaar";"Personenauto  (passagier)";"Waarde";"2020";"Nederland";0,41;7,12;10,5
"Populatie: 6 jaar of ouder";"Totaal mannen en vrouwen";"Leeftijd: 12 tot 18 jaar";"Personenauto  (passagier)";"Waarde";"2021";"Nederland";0,47;8,57;13,65
"Populatie: 6 jaar of ouder";"Totaal mannen en vrouwen";"Leeftijd: 12 tot 18 jaar";"Personenauto  (passagier)";"Waarde";"2022";"Nederland";0,46;8,45;12,66
"Populatie: 6 jaar of ouder";"Totaal mannen en vrouwen";"Leeftijd: 12 tot 18 jaar";"Personenauto  (passagier)";"Waarde";"2023";"Nederland";0,5;10,26;14,2
"Populatie: 6 jaar of ouder";"Totaal mannen en vrouwen";"Leeftijd: 12 tot 18 jaar";"Personenauto  (passagier)";"Waarde";"2024*";"Nederland";0,5;9,24;14,14
"Populatie: 6 jaar of ouder";"Totaal mannen en vrouwen";"Leeftijd: 12 tot 18 jaar";"Trein";"Waarde";"2018";"Nederland";0,07;2,9;5,12
"Populatie: 6 jaar of ouder";"Totaal mannen en vrouwen";"Leeftijd: 12 tot 18 jaar";"Trein";"Waarde";"2019";"Nederland";0,06;2,46;4,29
"Populatie: 6 jaar of ouder";"Totaal mannen en vrouwen";"Leeftijd: 12 tot 18 jaar";"Trein";"Waarde";"2020";"Nederland";0,03;1,03;2,05
"Populatie: 6 jaar of ouder";"Totaal mannen en vrouwen";"Leeftijd: 12 tot 18 jaar";"Trein";"Waarde";"2021";"Nederland";0,04;1,2;2,35
"Populatie: 6 jaar of ouder";"Totaal mannen en vrouwen";"Leeftijd: 12 tot 18 jaar";"Trein";"Waarde";"2022";"Nederland";0,06;1,99;3,63
"Populatie: 6 jaar of ouder";"Totaal mannen en vrouwen";"Leeftijd: 12 tot 18 jaar";"Trein";"Waarde";"2023";"Nederland";0,05;2,27;4,14
"Populatie: 6 jaar of ouder";"Totaal mannen en vrouwen";"Leeftijd: 12 tot 18 jaar";"Trein";"Waarde";"2024*";"Nederland";0,05;2,11;3,89
"Populatie: 6 jaar of ouder";"Totaal mannen en vrouwen";"Leeftijd: 12 tot 18 jaar";"Fiets";"Waarde";"2018";"Nederland";1,59;6,42;32,9
"Populatie: 6 jaar of ouder";"Totaal mannen en vrouwen";"Leeftijd: 12 tot 18 jaar";"Fiets";"Waarde";"2019";"Nederland";1,57;6,22;33,4
"Populatie: 6 jaar of ouder";"Totaal mannen en vrouwen";"Leeftijd: 12 tot 18 jaar";"Fiets";"Waarde";"2020";"Nederland";1,2;4,71;26,42
"Populatie: 6 jaar of ouder";"Totaal mannen en vrouwen";"Leeftijd: 12 tot 18 jaar";"Fiets";"Waarde";"2021";"Nederland";1,29;5,15;29,51
"Populatie: 6 jaar of ouder";"Totaal mannen en vrouwen";"Leeftijd: 12 tot 18 jaar";"Fiets";"Waarde";"2022";"Nederland";1,54;6,1;33,01
"Populatie: 6 jaar of ouder";"Totaal mannen en vrouwen";"Leeftijd: 12 tot 18 jaar";"Fiets";"Waarde";"2023";"Nederland";1,54;6,21;32,52
"Populatie: 6 jaar of ouder";"Totaal mannen en vrouwen";"Leeftijd: 12 tot 18 jaar";"Fiets";"Waarde";"2024*";"Nederland";1,55;6,3;33,23
"Populatie: 6 jaar of ouder";"Totaal mannen en vrouwen";"Leeftijd: 18 tot 25 jaar";"Totaal";"Waarde";"2018";"Nederland";2,74;42,52;84,38
"Populatie: 6 jaar of ouder";"Totaal mannen en vrouwen";"Leeftijd: 18 tot 25 jaar";"Totaal";"Waarde";"2019";"Nederland";2,63;41,57;81,05
"Populatie: 6 jaar of ouder";"Totaal mannen en vrouwen";"Leeftijd: 18 tot 25 jaar";"Totaal";"Waarde";"2020";"Nederland";2,23;26,8;61,92
"Populatie: 6 jaar of ouder";"Totaal mannen en vrouwen";"Leeftijd: 18 tot 25 jaar";"Totaal";"Waarde";"2021";"Nederland";2,36;31,46;71,67
"Populatie: 6 jaar of ouder";"Totaal mannen en vrouwen";"Leeftijd: 18 tot 25 jaar";"Totaal";"Waarde";"2022";"Nederland";2,56;34,18;77,49
"Populatie: 6 jaar of ouder";"Totaal mannen en vrouwen";"Leeftijd: 18 tot 25 jaar";"Totaal";"Waarde";"2023";"Nederland";2,55;35,41;77,76
"Populatie: 6 jaar of ouder";"Totaal mannen en vrouwen";"Leeftijd: 18 tot 25 jaar";"Totaal";"Waarde";"2024*";"Nederland";2,53;35,72;77,43
"Populatie: 6 jaar of ouder";"Totaal mannen en vrouwen";"Leeftijd: 18 tot 25 jaar";"Personenauto (bestuurder)";"Waarde";"2018";"Nederland";0,75;14,63;20,49
"Populatie: 6 jaar of ouder";"Totaal mannen en vrouwen";"Leeftijd: 18 tot 25 jaar";"Personenauto (bestuurder)";"Waarde";"2019";"Nederland";0,75;14,82;20,77
"Populatie: 6 jaar of ouder";"Totaal mannen en vrouwen";"Leeftijd: 18 tot 25 jaar";"Personenauto (bestuurder)";"Waarde";"2020";"Nederland";0,62;10,14;14,72
"Populatie: 6 jaar of ouder";"Totaal mannen en vrouwen";"Leeftijd: 18 tot 25 jaar";"Personenauto (bestuurder)";"Waarde";"2021";"Nederland";0,65;11,58;17
"Populatie: 6 jaar of ouder";"Totaal mannen en vrouwen";"Leeftijd: 18 tot 25 jaar";"Personenauto (bestuurder)";"Waarde";"2022";"Nederland";0,66;12,08;17,49
"Populatie: 6 jaar of ouder";"Totaal mannen en vrouwen";"Leeftijd: 18 tot 25 jaar";"Personenauto (bestuurder)";"Waarde";"2023";"Nederland";0,65;11,96;17,25
"Populatie: 6 jaar of ouder";"Totaal mannen en vrouwen";"Leeftijd: 18 tot 25 jaar";"Personenauto (bestuurder)";"Waarde";"2024*";"Nederland";0,65;11,97;17,04
"Populatie: 6 jaar of ouder";"Totaal mannen en vrouwen";"Leeftijd: 18 tot 25 jaar";"Personenauto  (passagier)";"Waarde";"2018";"Nederland";0,3;7,23;10,17
"Populatie: 6 jaar of ouder";"Totaal mannen en vrouwen";"Leeftijd: 18 tot 25 jaar";"Personenauto  (passagier)";"Waarde";"2019";"Nederland";0,28;6,51;9,02
"Populatie: 6 jaar of ouder";"Totaal mannen en vrouwen";"Leeftijd: 18 tot 25 jaar";"Personenauto  (passagier)";"Waarde";"2020";"Nederland";0,27;5,38;8,24
"Populatie: 6 jaar of ouder";"Totaal mannen en vrouwen";"Leeftijd: 18 tot 25 jaar";"Personenauto  (passagier)";"Waarde";"2021";"Nederland";0,27;6,08;9,1
"Populatie: 6 jaar of ouder";"Totaal mannen en vrouwen";"Leeftijd: 18 tot 25 jaar";"Personenauto  (passagier)";"Waarde";"2022";"Nederland";0,28;5,42;8,59
"Populatie: 6 jaar of ouder";"Totaal mannen en vrouwen";"Leeftijd: 18 tot 25 jaar";"Personenauto  (passagier)";"Waarde";"2023";"Nederland";0,3;6,37;9,56
"Populatie: 6 jaar of ouder";"Totaal mannen en vrouwen";"Leeftijd: 18 tot 25 jaar";"Personenauto  (passagier)";"Waarde";"2024*";"Nederland";0,29;6,86;9,42
"Populatie: 6 jaar of ouder";"Totaal mannen en vrouwen";"Leeftijd: 18 tot 25 jaar";"Trein";"Waarde";"2018";"Nederland";0,23;11,32;18,01
"Populatie: 6 jaar of ouder";"Totaal mannen en vrouwen";"Leeftijd: 18 tot 25 jaar";"Trein";"Waarde";"2019";"Nederland";0,24;11,08;17,91
"Populatie: 6 jaar of ouder";"Totaal mannen en vrouwen";"Leeftijd: 18 tot 25 jaar";"Trein";"Waarde";"2020";"Nederland";0,11;5,31;8,39
"Populatie: 6 jaar of ouder";"Totaal mannen en vrouwen";"Leeftijd: 18 tot 25 jaar";"Trein";"Waarde";"2021";"Nederland";0,13;6,5;10,75
"Populatie: 6 jaar of ouder";"Totaal mannen en vrouwen";"Leeftijd: 18 tot 25 jaar";"Trein";"Waarde";"2022";"Nederland";0,18;8,63;14,76
"Populatie: 6 jaar of ouder";"Totaal mannen en vrouwen";"Leeftijd: 18 tot 25 jaar";"Trein";"Waarde";"2023";"Nederland";0,21;9,62;16,94
"Populatie: 6 jaar of ouder";"Totaal mannen en vrouwen";"Leeftijd: 18 tot 25 jaar";"Trein";"Waarde";"2024*";"Nederland";0,19;9,03;15,08
"Populatie: 6 jaar of ouder";"Totaal mannen en vrouwen";"Leeftijd: 18 tot 25 jaar";"Fiets";"Waarde";"2018";"Nederland";0,77;2,99;14,76
"Populatie: 6 jaar of ouder";"Totaal mannen en vrouwen";"Leeftijd: 18 tot 25 jaar";"Fiets";"Waarde";"2019";"Nederland";0,74;2,85;13,64
"Populatie: 6 jaar of ouder";"Totaal mannen en vrouwen";"Leeftijd: 18 tot 25 jaar";"Fiets";"Waarde";"2020";"Nederland";0,63;2,4;12,85
"Populatie: 6 jaar of ouder";"Totaal mannen en vrouwen";"Leeftijd: 18 tot 25 jaar";"Fiets";"Waarde";"2021";"Nederland";0,6;2,27;12,06
"Populatie: 6 jaar of ouder";"Totaal mannen en vrouwen";"Leeftijd: 18 tot 25 jaar";"Fiets";"Waarde";"2022";"Nederland";0,69;2,52;13,68
"Populatie: 6 jaar of ouder";"Totaal mannen en vrouwen";"Leeftijd: 18 tot 25 jaar";"Fiets";"Waarde";"2023";"Nederland";0,69;2,62;13,26
"Populatie: 6 jaar of ouder";"Totaal mannen en vrouwen";"Leeftijd: 18 tot 25 jaar";"Fiets";"Waarde";"2024*";"Nederland";0,71;2,72;13,52
"Populatie: 6 jaar of ouder";"Totaal mannen en vrouwen";"Leeftijd: 25 tot 35 jaar";"Totaal";"Waarde";"2018";"Nederland";2,99;46,08;82,99
"Populatie: 6 jaar of ouder";"Totaal mannen en vrouwen";"Leeftijd: 25 tot 35 jaar";"Totaal";"Waarde";"2019";"Nederland";2,84;45,45;82,41
"Populatie: 6 jaar of ouder";"Totaal mannen en vrouwen";"Leeftijd: 25 tot 35 jaar";"Totaal";"Waarde";"2020";"Nederland";2,43;30;65,74
"Populatie: 6 jaar of ouder";"Totaal mannen en vrouwen";"Leeftijd: 25 tot 35 jaar";"Totaal";"Waarde";"2021";"Nederland";2,57;32,83;72,54
"Populatie: 6 jaar of ouder";"Totaal mannen en vrouwen";"Leeftijd: 25 tot 35 jaar";"Totaal";"Waarde";"2022";"Nederland";2,72;36,51;76,4
"Populatie: 6 jaar of ouder";"Totaal mannen en vrouwen";"Leeftijd: 25 tot 35 jaar";"Totaal";"Waarde";"2023";"Nederland";2,74;38,98;78,88
"Populatie: 6 jaar of ouder";"Totaal mannen en vrouwen";"Leeftijd: 25 tot 35 jaar";"Totaal";"Waarde";"2024*";"Nederland";2,76;40,49;81,54
"Populatie: 6 jaar of ouder";"Totaal mannen en vrouwen";"Leeftijd: 25 tot 35 jaar";"Personenauto (bestuurder)";"Waarde";"2018";"Nederland";1,26;25,07;32,59
"Populatie: 6 jaar of ouder";"Totaal mannen en vrouwen";"Leeftijd: 25 tot 35 jaar";"Personenauto (bestuurder)";"Waarde";"2019";"Nederland";1,18;24,36;31,82
"Populatie: 6 jaar of ouder";"Totaal mannen en vrouwen";"Leeftijd: 25 tot 35 jaar";"Personenauto (bestuurder)";"Waarde";"2020";"Nederland";1;18,08;24,6
"Populatie: 6 jaar of ouder";"Totaal mannen en vrouwen";"Leeftijd: 25 tot 35 jaar";"Personenauto (bestuurder)";"Waarde";"2021";"Nederland";1,02;18,48;25,04
"Populatie: 6 jaar of ouder";"Totaal mannen en vrouwen";"Leeftijd: 25 tot 35 jaar";"Personenauto (bestuurder)";"Waarde";"2022";"Nederland";1,06;19,71;27,07
"Populatie: 6 jaar of ouder";"Totaal mannen en vrouwen";"Leeftijd: 25 tot 35 jaar";"Personenauto (bestuurder)";"Waarde";"2023";"Nederland";1,09;21,14;28,65
"Populatie: 6 jaar of ouder";"Totaal mannen en vrouwen";"Leeftijd: 25 tot 35 jaar";"Personenauto (bestuurder)";"Waarde";"2024*";"Nederland";1,07;21,85;29,68
"Populatie: 6 jaar of ouder";"Totaal mannen en vrouwen";"Leeftijd: 25 tot 35 jaar";"Personenauto  (passagier)";"Waarde";"2018";"Nederland";0,26;6,52;8,48
"Populatie: 6 jaar of ouder";"Totaal mannen en vrouwen";"Leeftijd: 25 tot 35 jaar";"Personenauto  (passagier)";"Waarde";"2019";"Nederland";0,24;5,95;7,95
"Populatie: 6 jaar of ouder";"Totaal mannen en vrouwen";"Leeftijd: 25 tot 35 jaar";"Personenauto  (passagier)";"Waarde";"2020";"Nederland";0,18;3,79;5,54
"Populatie: 6 jaar of ouder";"Totaal mannen en vrouwen";"Leeftijd: 25 tot 35 jaar";"Personenauto  (passagier)";"Waarde";"2021";"Nederland";0,22;5,39;7,43
"Populatie: 6 jaar of ouder";"Totaal mannen en vrouwen";"Leeftijd: 25 tot 35 jaar";"Personenauto  (passagier)";"Waarde";"2022";"Nederland";0,23;5,85;7,68
"Populatie: 6 jaar of ouder";"Totaal mannen en vrouwen";"Leeftijd: 25 tot 35 jaar";"Personenauto  (passagier)";"Waarde";"2023";"Nederland";0,24;5,76;7,83
"Populatie: 6 jaar of ouder";"Totaal mannen en vrouwen";"Leeftijd: 25 tot 35 jaar";"Personenauto  (passagier)";"Waarde";"2024*";"Nederland";0,23;5,28;7,48
"Populatie: 6 jaar of ouder";"Totaal mannen en vrouwen";"Leeftijd: 25 tot 35 jaar";"Trein";"Waarde";"2018";"Nederland";0,15;7,05;11,3
"Populatie: 6 jaar of ouder";"Totaal mannen en vrouwen";"Leeftijd: 25 tot 35 jaar";"Trein";"Waarde";"2019";"Nederland";0,16;7,41;11,29
"Populatie: 6 jaar of ouder";"Totaal mannen en vrouwen";"Leeftijd: 25 tot 35 jaar";"Trein";"Waarde";"2020";"Nederland";0,06;2,98;4,92
"Populatie: 6 jaar of ouder";"Totaal mannen en vrouwen";"Leeftijd: 25 tot 35 jaar";"Trein";"Waarde";"2021";"Nederland";0,06;2,91;4,86
"Populatie: 6 jaar of ouder";"Totaal mannen en vrouwen";"Leeftijd: 25 tot 35 jaar";"Trein";"Waarde";"2022";"Nederland";0,09;4,73;7,25
"Populatie: 6 jaar of ouder";"Totaal mannen en vrouwen";"Leeftijd: 25 tot 35 jaar";"Trein";"Waarde";"2023";"Nederland";0,12;5,88;9,2
"Populatie: 6 jaar of ouder";"Totaal mannen en vrouwen";"Leeftijd: 25 tot 35 jaar";"Trein";"Waarde";"2024*";"Nederland";0,14;6,62;10,54
"Populatie: 6 jaar of ouder";"Totaal mannen en vrouwen";"Leeftijd: 25 tot 35 jaar";"Fiets";"Waarde";"2018";"Nederland";0,65;2,5;11,75
"Populatie: 6 jaar of ouder";"Totaal mannen en vrouwen";"Leeftijd: 25 tot 35 jaar";"Fiets";"Waarde";"2019";"Nederland";0,65;2,53;12,84
"Populatie: 6 jaar of ouder";"Totaal mannen en vrouwen";"Leeftijd: 25 tot 35 jaar";"Fiets";"Waarde";"2020";"Nederland";0,5;2;11,61
"Populatie: 6 jaar of ouder";"Totaal mannen en vrouwen";"Leeftijd: 25 tot 35 jaar";"Fiets";"Waarde";"2021";"Nederland";0,49;1,97;11,38
"Populatie: 6 jaar of ouder";"Totaal mannen en vrouwen";"Leeftijd: 25 tot 35 jaar";"Fiets";"Waarde";"2022";"Nederland";0,58;2,35;12,39
"Populatie: 6 jaar of ouder";"Totaal mannen en vrouwen";"Leeftijd: 25 tot 35 jaar";"Fiets";"Waarde";"2023";"Nederland";0,58;2,42;13,21
"Populatie: 6 jaar of ouder";"Totaal mannen en vrouwen";"Leeftijd: 25 tot 35 jaar";"Fiets";"Waarde";"2024*";"Nederland";0,59;2,54;12,83
"Populatie: 6 jaar of ouder";"Totaal mannen en vrouwen";"Leeftijd: 35 tot 50 jaar";"Totaal";"Waarde";"2018";"Nederland";3,2;43,59;79,45
"Populatie: 6 jaar of ouder";"Totaal mannen en vrouwen";"Leeftijd: 35 tot 50 jaar";"Totaal";"Waarde";"2019";"Nederland";3,15;44,1;80,7
"Populatie: 6 jaar of ouder";"Totaal mannen en vrouwen";"Leeftijd: 35 tot 50 jaar";"Totaal";"Waarde";"2020";"Nederland";2,77;30,84;66,76
"Populatie: 6 jaar of ouder";"Totaal mannen en vrouwen";"Leeftijd: 35 tot 50 jaar";"Totaal";"Waarde";"2021";"Nederland";2,85;30,84;71,68
"Populatie: 6 jaar of ouder";"Totaal mannen en vrouwen";"Leeftijd: 35 tot 50 jaar";"Totaal";"Waarde";"2022";"Nederland";3,07;35,37;75,66
"Populatie: 6 jaar of ouder";"Totaal mannen en vrouwen";"Leeftijd: 35 tot 50 jaar";"Totaal";"Waarde";"2023";"Nederland";3,15;37,26;78,13
"Populatie: 6 jaar of ouder";"Totaal mannen en vrouwen";"Leeftijd: 35 tot 50 jaar";"Totaal";"Waarde";"2024*";"Nederland";3,14;38,05;79,69
"Populatie: 6 jaar of ouder";"Totaal mannen en vrouwen";"Leeftijd: 35 tot 50 jaar";"Personenauto (bestuurder)";"Waarde";"2018";"Nederland";1,5;27,57;36,64
"Populatie: 6 jaar of ouder";"Totaal mannen en vrouwen";"Leeftijd: 35 tot 50 jaar";"Personenauto (bestuurder)";"Waarde";"2019";"Nederland";1,5;27,48;36,24
"Populatie: 6 jaar of ouder";"Totaal mannen en vrouwen";"Leeftijd: 35 tot 50 jaar";"Personenauto (bestuurder)";"Waarde";"2020";"Nederland";1,27;19,94;27,67
"Populatie: 6 jaar of ouder";"Totaal mannen en vrouwen";"Leeftijd: 35 tot 50 jaar";"Personenauto (bestuurder)";"Waarde";"2021";"Nederland";1,23;19,41;27,69
"Populatie: 6 jaar of ouder";"Totaal mannen en vrouwen";"Leeftijd: 35 tot 50 jaar";"Personenauto (bestuurder)";"Waarde";"2022";"Nederland";1,33;22,15;30,78
"Populatie: 6 jaar of ouder";"Totaal mannen en vrouwen";"Leeftijd: 35 tot 50 jaar";"Personenauto (bestuurder)";"Waarde";"2023";"Nederland";1,39;23,27;32,31
"Populatie: 6 jaar of ouder";"Totaal mannen en vrouwen";"Leeftijd: 35 tot 50 jaar";"Personenauto (bestuurder)";"Waarde";"2024*";"Nederland";1,37;23,9;33,13
"Populatie: 6 jaar of ouder";"Totaal mannen en vrouwen";"Leeftijd: 35 tot 50 jaar";"Personenauto  (passagier)";"Waarde";"2018";"Nederland";0,21;4,99;6,41
"Populatie: 6 jaar of ouder";"Totaal mannen en vrouwen";"Leeftijd: 35 tot 50 jaar";"Personenauto  (passagier)";"Waarde";"2019";"Nederland";0,22;5,55;6,98
"Populatie: 6 jaar of ouder";"Totaal mannen en vrouwen";"Leeftijd: 35 tot 50 jaar";"Personenauto  (passagier)";"Waarde";"2020";"Nederland";0,16;3,67;5,02
"Populatie: 6 jaar of ouder";"Totaal mannen en vrouwen";"Leeftijd: 35 tot 50 jaar";"Personenauto  (passagier)";"Waarde";"2021";"Nederland";0,17;3,89;5,62
"Populatie: 6 jaar of ouder";"Totaal mannen en vrouwen";"Leeftijd: 35 tot 50 jaar";"Personenauto  (passagier)";"Waarde";"2022";"Nederland";0,18;3,94;5,49
"Populatie: 6 jaar of ouder";"Totaal mannen en vrouwen";"Leeftijd: 35 tot 50 jaar";"Personenauto  (passagier)";"Waarde";"2023";"Nederland";0,21;4,45;6,25
"Populatie: 6 jaar of ouder";"Totaal mannen en vrouwen";"Leeftijd: 35 tot 50 jaar";"Personenauto  (passagier)";"Waarde";"2024*";"Nederland";0,2;4,52;6,21
"Populatie: 6 jaar of ouder";"Totaal mannen en vrouwen";"Leeftijd: 35 tot 50 jaar";"Trein";"Waarde";"2018";"Nederland";0,07;3,09;4,82
"Populatie: 6 jaar of ouder";"Totaal mannen en vrouwen";"Leeftijd: 35 tot 50 jaar";"Trein";"Waarde";"2019";"Nederland";0,08;3,65;5,72
"Populatie: 6 jaar of ouder";"Totaal mannen en vrouwen";"Leeftijd: 35 tot 50 jaar";"Trein";"Waarde";"2020";"Nederland";0,03;1,27;1,9
"Populatie: 6 jaar of ouder";"Totaal mannen en vrouwen";"Leeftijd: 35 tot 50 jaar";"Trein";"Waarde";"2021";"Nederland";0,03;1,11;1,87
"Populatie: 6 jaar of ouder";"Totaal mannen en vrouwen";"Leeftijd: 35 tot 50 jaar";"Trein";"Waarde";"2022";"Nederland";0,04;2,21;3,49
"Populatie: 6 jaar of ouder";"Totaal mannen en vrouwen";"Leeftijd: 35 tot 50 jaar";"Trein";"Waarde";"2023";"Nederland";0,06;2,92;4,54
"Populatie: 6 jaar of ouder";"Totaal mannen en vrouwen";"Leeftijd: 35 tot 50 jaar";"Trein";"Waarde";"2024*";"Nederland";0,06;3,07;5
"Populatie: 6 jaar of ouder";"Totaal mannen en vrouwen";"Leeftijd: 35 tot 50 jaar";"Fiets";"Waarde";"2018";"Nederland";0,75;2,69;13,25
"Populatie: 6 jaar of ouder";"Totaal mannen en vrouwen";"Leeftijd: 35 tot 50 jaar";"Fiets";"Waarde";"2019";"Nederland";0,71;2,52;13,48
"Populatie: 6 jaar of ouder";"Totaal mannen en vrouwen";"Leeftijd: 35 tot 50 jaar";"Fiets";"Waarde";"2020";"Nederland";0,61;2,22;12,28
"Populatie: 6 jaar of ouder";"Totaal mannen en vrouwen";"Leeftijd: 35 tot 50 jaar";"Fiets";"Waarde";"2021";"Nederland";0,6;2,17;12,06
"Populatie: 6 jaar of ouder";"Totaal mannen en vrouwen";"Leeftijd: 35 tot 50 jaar";"Fiets";"Waarde";"2022";"Nederland";0,72;2,55;13,57
"Populatie: 6 jaar of ouder";"Totaal mannen en vrouwen";"Leeftijd: 35 tot 50 jaar";"Fiets";"Waarde";"2023";"Nederland";0,73;2,58;13,38
"Populatie: 6 jaar of ouder";"Totaal mannen en vrouwen";"Leeftijd: 35 tot 50 jaar";"Fiets";"Waarde";"2024*";"Nederland";0,76;2,67;14,18
"Populatie: 6 jaar of ouder";"Totaal mannen en vrouwen";"Leeftijd: 50 tot 65 jaar";"Totaal";"Waarde";"2018";"Nederland";2,8;40,62;78,1
"Populatie: 6 jaar of ouder";"Totaal mannen en vrouwen";"Leeftijd: 50 tot 65 jaar";"Totaal";"Waarde";"2019";"Nederland";2,76;40,47;78,06
"Populatie: 6 jaar of ouder";"Totaal mannen en vrouwen";"Leeftijd: 50 tot 65 jaar";"Totaal";"Waarde";"2020";"Nederland";2,5;29,72;67,96
"Populatie: 6 jaar of ouder";"Totaal mannen en vrouwen";"Leeftijd: 50 tot 65 jaar";"Totaal";"Waarde";"2021";"Nederland";2,64;32,18;75,12
"Populatie: 6 jaar of ouder";"Totaal mannen en vrouwen";"Leeftijd: 50 tot 65 jaar";"Totaal";"Waarde";"2022";"Nederland";2,84;35,18;78,15
"Populatie: 6 jaar of ouder";"Totaal mannen en vrouwen";"Leeftijd: 50 tot 65 jaar";"Totaal";"Waarde";"2023";"Nederland";2,82;37,53;78,67
"Populatie: 6 jaar of ouder";"Totaal mannen en vrouwen";"Leeftijd: 50 tot 65 jaar";"Totaal";"Waarde";"2024*";"Nederland";2,79;37,77;78,98
"Populatie: 6 jaar of ouder";"Totaal mannen en vrouwen";"Leeftijd: 50 tot 65 jaar";"Personenauto (bestuurder)";"Waarde";"2018";"Nederland";1,21;23,81;31,44
"Populatie: 6 jaar of ouder";"Totaal mannen en vrouwen";"Leeftijd: 50 tot 65 jaar";"Personenauto (bestuurder)";"Waarde";"2019";"Nederland";1,22;24,12;31,9
"Populatie: 6 jaar of ouder";"Totaal mannen en vrouwen";"Leeftijd: 50 tot 65 jaar";"Personenauto (bestuurder)";"Waarde";"2020";"Nederland";1,04;18,03;24,96
"Populatie: 6 jaar of ouder";"Totaal mannen en vrouwen";"Leeftijd: 50 tot 65 jaar";"Personenauto (bestuurder)";"Waarde";"2021";"Nederland";1,08;19,96;27,18
"Populatie: 6 jaar of ouder";"Totaal mannen en vrouwen";"Leeftijd: 50 tot 65 jaar";"Personenauto (bestuurder)";"Waarde";"2022";"Nederland";1,14;21,01;28,63
"Populatie: 6 jaar of ouder";"Totaal mannen en vrouwen";"Leeftijd: 50 tot 65 jaar";"Personenauto (bestuurder)";"Waarde";"2023";"Nederland";1,21;22,75;31,07
"Populatie: 6 jaar of ouder";"Totaal mannen en vrouwen";"Leeftijd: 50 tot 65 jaar";"Personenauto (bestuurder)";"Waarde";"2024*";"Nederland";1,19;22,89;31,2
"Populatie: 6 jaar of ouder";"Totaal mannen en vrouwen";"Leeftijd: 50 tot 65 jaar";"Personenauto  (passagier)";"Waarde";"2018";"Nederland";0,24;6,14;7,91
"Populatie: 6 jaar of ouder";"Totaal mannen en vrouwen";"Leeftijd: 50 tot 65 jaar";"Personenauto  (passagier)";"Waarde";"2019";"Nederland";0,22;5,63;7,81
"Populatie: 6 jaar of ouder";"Totaal mannen en vrouwen";"Leeftijd: 50 tot 65 jaar";"Personenauto  (passagier)";"Waarde";"2020";"Nederland";0,17;3,78;5,57
"Populatie: 6 jaar of ouder";"Totaal mannen en vrouwen";"Leeftijd: 50 tot 65 jaar";"Personenauto  (passagier)";"Waarde";"2021";"Nederland";0,17;4,01;5,93
"Populatie: 6 jaar of ouder";"Totaal mannen en vrouwen";"Leeftijd: 50 tot 65 jaar";"Personenauto  (passagier)";"Waarde";"2022";"Nederland";0,2;4,51;6,33
"Populatie: 6 jaar of ouder";"Totaal mannen en vrouwen";"Leeftijd: 50 tot 65 jaar";"Personenauto  (passagier)";"Waarde";"2023";"Nederland";0,21;5,27;7,03
"Populatie: 6 jaar of ouder";"Totaal mannen en vrouwen";"Leeftijd: 50 tot 65 jaar";"Personenauto  (passagier)";"Waarde";"2024*";"Nederland";0,22;5,17;7,22
"Populatie: 6 jaar of ouder";"Totaal mannen en vrouwen";"Leeftijd: 50 tot 65 jaar";"Trein";"Waarde";"2018";"Nederland";0,06;2,91;4,57
"Populatie: 6 jaar of ouder";"Totaal mannen en vrouwen";"Leeftijd: 50 tot 65 jaar";"Trein";"Waarde";"2019";"Nederland";0,06;2,92;4,51
"Populatie: 6 jaar of ouder";"Totaal mannen en vrouwen";"Leeftijd: 50 tot 65 jaar";"Trein";"Waarde";"2020";"Nederland";0,02;1,09;1,62
"Populatie: 6 jaar of ouder";"Totaal mannen en vrouwen";"Leeftijd: 50 tot 65 jaar";"Trein";"Waarde";"2021";"Nederland";0,02;0,99;1,65
"Populatie: 6 jaar of ouder";"Totaal mannen en vrouwen";"Leeftijd: 50 tot 65 jaar";"Trein";"Waarde";"2022";"Nederland";0,03;1,71;2,76
"Populatie: 6 jaar of ouder";"Totaal mannen en vrouwen";"Leeftijd: 50 tot 65 jaar";"Trein";"Waarde";"2023";"Nederland";0,04;2,42;3,68
"Populatie: 6 jaar of ouder";"Totaal mannen en vrouwen";"Leeftijd: 50 tot 65 jaar";"Trein";"Waarde";"2024*";"Nederland";0,04;2,2;3,4
"Populatie: 6 jaar of ouder";"Totaal mannen en vrouwen";"Leeftijd: 50 tot 65 jaar";"Fiets";"Waarde";"2018";"Nederland";0,69;3,17;15,46
"Populatie: 6 jaar of ouder";"Totaal mannen en vrouwen";"Leeftijd: 50 tot 65 jaar";"Fiets";"Waarde";"2019";"Nederland";0,66;3,07;15,14
"Populatie: 6 jaar of ouder";"Totaal mannen en vrouwen";"Leeftijd: 50 tot 65 jaar";"Fiets";"Waarde";"2020";"Nederland";0,57;2,72;14,08
"Populatie: 6 jaar of ouder";"Totaal mannen en vrouwen";"Leeftijd: 50 tot 65 jaar";"Fiets";"Waarde";"2021";"Nederland";0,58;2,82;14,42
"Populatie: 6 jaar of ouder";"Totaal mannen en vrouwen";"Leeftijd: 50 tot 65 jaar";"Fiets";"Waarde";"2022";"Nederland";0,67;3,07;15,71
"Populatie: 6 jaar of ouder";"Totaal mannen en vrouwen";"Leeftijd: 50 tot 65 jaar";"Fiets";"Waarde";"2023";"Nederland";0,63;2,81;14,03
"Populatie: 6 jaar of ouder";"Totaal mannen en vrouwen";"Leeftijd: 50 tot 65 jaar";"Fiets";"Waarde";"2024*";"Nederland";0,63;3,03;15,03
"Populatie: 6 jaar of ouder";"Totaal mannen en vrouwen";"Leeftijd: 65 tot 75 jaar";"Totaal";"Waarde";"2018";"Nederland";2,38;30,5;73,16
"Populatie: 6 jaar of ouder";"Totaal mannen en vrouwen";"Leeftijd: 65 tot 75 jaar";"Totaal";"Waarde";"2019";"Nederland";2,31;29,66;72,79
"Populatie: 6 jaar of ouder";"Totaal mannen en vrouwen";"Leeftijd: 65 tot 75 jaar";"Totaal";"Waarde";"2020";"Nederland";2,11;20,6;61,8
"Populatie: 6 jaar of ouder";"Totaal mannen en vrouwen";"Leeftijd: 65 tot 75 jaar";"Totaal";"Waarde";"2021";"Nederland";2,31;24,23;72,46
"Populatie: 6 jaar of ouder";"Totaal mannen en vrouwen";"Leeftijd: 65 tot 75 jaar";"Totaal";"Waarde";"2022";"Nederland";2,53;26,74;75,3
"Populatie: 6 jaar of ouder";"Totaal mannen en vrouwen";"Leeftijd: 65 tot 75 jaar";"Totaal";"Waarde";"2023";"Nederland";2,6;27,69;74,18
"Populatie: 6 jaar of ouder";"Totaal mannen en vrouwen";"Leeftijd: 65 tot 75 jaar";"Totaal";"Waarde";"2024*";"Nederland";2,55;27,63;73,6
"Populatie: 6 jaar of ouder";"Totaal mannen en vrouwen";"Leeftijd: 65 tot 75 jaar";"Personenauto (bestuurder)";"Waarde";"2018";"Nederland";0,83;14,91;21,92
"Populatie: 6 jaar of ouder";"Totaal mannen en vrouwen";"Leeftijd: 65 tot 75 jaar";"Personenauto (bestuurder)";"Waarde";"2019";"Nederland";0,81;14,18;22,24
"Populatie: 6 jaar of ouder";"Totaal mannen en vrouwen";"Leeftijd: 65 tot 75 jaar";"Personenauto (bestuurder)";"Waarde";"2020";"Nederland";0,72;10,32;16,14
"Populatie: 6 jaar of ouder";"Totaal mannen en vrouwen";"Leeftijd: 65 tot 75 jaar";"Personenauto (bestuurder)";"Waarde";"2021";"Nederland";0,76;12,48;19,29
"Populatie: 6 jaar of ouder";"Totaal mannen en vrouwen";"Leeftijd: 65 tot 75 jaar";"Personenauto (bestuurder)";"Waarde";"2022";"Nederland";0,81;12,96;20,18
"Populatie: 6 jaar of ouder";"Totaal mannen en vrouwen";"Leeftijd: 65 tot 75 jaar";"Personenauto (bestuurder)";"Waarde";"2023";"Nederland";0,89;14,09;21,76
"Populatie: 6 jaar of ouder";"Totaal mannen en vrouwen";"Leeftijd: 65 tot 75 jaar";"Personenauto (bestuurder)";"Waarde";"2024*";"Nederland";0,87;14,13;21,87
"Populatie: 6 jaar of ouder";"Totaal mannen en vrouwen";"Leeftijd: 65 tot 75 jaar";"Personenauto  (passagier)";"Waarde";"2018";"Nederland";0,27;6,24;8,75
"Populatie: 6 jaar of ouder";"Totaal mannen en vrouwen";"Leeftijd: 65 tot 75 jaar";"Personenauto  (passagier)";"Waarde";"2019";"Nederland";0,27;6,81;9,6
"Populatie: 6 jaar of ouder";"Totaal mannen en vrouwen";"Leeftijd: 65 tot 75 jaar";"Personenauto  (passagier)";"Waarde";"2020";"Nederland";0,19;3,63;5,71
"Populatie: 6 jaar of ouder";"Totaal mannen en vrouwen";"Leeftijd: 65 tot 75 jaar";"Personenauto  (passagier)";"Waarde";"2021";"Nederland";0,21;4,16;6,67
"Populatie: 6 jaar of ouder";"Totaal mannen en vrouwen";"Leeftijd: 65 tot 75 jaar";"Personenauto  (passagier)";"Waarde";"2022";"Nederland";0,24;5,71;8,16
"Populatie: 6 jaar of ouder";"Totaal mannen en vrouwen";"Leeftijd: 65 tot 75 jaar";"Personenauto  (passagier)";"Waarde";"2023";"Nederland";0,27;5,67;8,13
"Populatie: 6 jaar of ouder";"Totaal mannen en vrouwen";"Leeftijd: 65 tot 75 jaar";"Personenauto  (passagier)";"Waarde";"2024*";"Nederland";0,25;5,21;7,94
"Populatie: 6 jaar of ouder";"Totaal mannen en vrouwen";"Leeftijd: 65 tot 75 jaar";"Trein";"Waarde";"2018";"Nederland";0,03;2,29;3,09
"Populatie: 6 jaar of ouder";"Totaal mannen en vrouwen";"Leeftijd: 65 tot 75 jaar";"Trein";"Waarde";"2019";"Nederland";0,03;2,57;3,76
"Populatie: 6 jaar of ouder";"Totaal mannen en vrouwen";"Leeftijd: 65 tot 75 jaar";"Trein";"Waarde";"2020";"Nederland";;;
"Populatie: 6 jaar of ouder";"Totaal mannen en vrouwen";"Leeftijd: 65 tot 75 jaar";"Trein";"Waarde";"2021";"Nederland";;;
"Populatie: 6 jaar of ouder";"Totaal mannen en vrouwen";"Leeftijd: 65 tot 75 jaar";"Trein";"Waarde";"2022";"Nederland";0,01;0,8;1,29
"Populatie: 6 jaar of ouder";"Totaal mannen en vrouwen";"Leeftijd: 65 tot 75 jaar";"Trein";"Waarde";"2023";"Nederland";0,02;1,31;2,08
"Populatie: 6 jaar of ouder";"Totaal mannen en vrouwen";"Leeftijd: 65 tot 75 jaar";"Trein";"Waarde";"2024*";"Nederland";0,03;1,55;2,36
"Populatie: 6 jaar of ouder";"Totaal mannen en vrouwen";"Leeftijd: 65 tot 75 jaar";"Fiets";"Waarde";"2018";"Nederland";0,71;3,89;21,59
"Populatie: 6 jaar of ouder";"Totaal mannen en vrouwen";"Leeftijd: 65 tot 75 jaar";"Fiets";"Waarde";"2019";"Nederland";0,67;3,48;19,73
"Populatie: 6 jaar of ouder";"Totaal mannen en vrouwen";"Leeftijd: 65 tot 75 jaar";"Fiets";"Waarde";"2020";"Nederland";0,56;3,35;18,27
"Populatie: 6 jaar of ouder";"Totaal mannen en vrouwen";"Leeftijd: 65 tot 75 jaar";"Fiets";"Waarde";"2021";"Nederland";0,61;3,41;18,69
"Populatie: 6 jaar of ouder";"Totaal mannen en vrouwen";"Leeftijd: 65 tot 75 jaar";"Fiets";"Waarde";"2022";"Nederland";0,76;3,99;21,95
"Populatie: 6 jaar of ouder";"Totaal mannen en vrouwen";"Leeftijd: 65 tot 75 jaar";"Fiets";"Waarde";"2023";"Nederland";0,69;3,42;18,64
"Populatie: 6 jaar of ouder";"Totaal mannen en vrouwen";"Leeftijd: 65 tot 75 jaar";"Fiets";"Waarde";"2024*";"Nederland";0,71;3,47;19,05
"Populatie: 6 jaar of ouder";"Totaal mannen en vrouwen";"Leeftijd: 75 jaar of ouder";"Totaal";"Waarde";"2018";"Nederland";1,67;17,02;46,87
"Populatie: 6 jaar of ouder";"Totaal mannen en vrouwen";"Leeftijd: 75 jaar of ouder";"Totaal";"Waarde";"2019";"Nederland";1,63;18,19;48,24
"Populatie: 6 jaar of ouder";"Totaal mannen en vrouwen";"Leeftijd: 75 jaar of ouder";"Totaal";"Waarde";"2020";"Nederland";1,37;10,85;38,62
"Populatie: 6 jaar of ouder";"Totaal mannen en vrouwen";"Leeftijd: 75 jaar of ouder";"Totaal";"Waarde";"2021";"Nederland";1,62;14,31;48,37
"Populatie: 6 jaar of ouder";"Totaal mannen en vrouwen";"Leeftijd: 75 jaar of ouder";"Totaal";"Waarde";"2022";"Nederland";1,8;16,32;52,08
"Populatie: 6 jaar of ouder";"Totaal mannen en vrouwen";"Leeftijd: 75 jaar of ouder";"Totaal";"Waarde";"2023";"Nederland";1,83;17,3;51,46
"Populatie: 6 jaar of ouder";"Totaal mannen en vrouwen";"Leeftijd: 75 jaar of ouder";"Totaal";"Waarde";"2024*";"Nederland";1,81;17,05;51,04
"Populatie: 6 jaar of ouder";"Totaal mannen en vrouwen";"Leeftijd: 75 jaar of ouder";"Personenauto (bestuurder)";"Waarde";"2018";"Nederland";0,51;8,06;12,98
"Populatie: 6 jaar of ouder";"Totaal mannen en vrouwen";"Leeftijd: 75 jaar of ouder";"Personenauto (bestuurder)";"Waarde";"2019";"Nederland";0,54;7,92;13,18
"Populatie: 6 jaar of ouder";"Totaal mannen en vrouwen";"Leeftijd: 75 jaar of ouder";"Personenauto (bestuurder)";"Waarde";"2020";"Nederland";0,42;5,22;9,4
"Populatie: 6 jaar of ouder";"Totaal mannen en vrouwen";"Leeftijd: 75 jaar of ouder";"Personenauto (bestuurder)";"Waarde";"2021";"Nederland";0,48;6,87;11,9
"Populatie: 6 jaar of ouder";"Totaal mannen en vrouwen";"Leeftijd: 75 jaar of ouder";"Personenauto (bestuurder)";"Waarde";"2022";"Nederland";0,52;7,5;13,13
"Populatie: 6 jaar of ouder";"Totaal mannen en vrouwen";"Leeftijd: 75 jaar of ouder";"Personenauto (bestuurder)";"Waarde";"2023";"Nederland";0,56;8,13;13,68
"Populatie: 6 jaar of ouder";"Totaal mannen en vrouwen";"Leeftijd: 75 jaar of ouder";"Personenauto (bestuurder)";"Waarde";"2024*";"Nederland";0,58;7,54;13,59
"Populatie: 6 jaar of ouder";"Totaal mannen en vrouwen";"Leeftijd: 75 jaar of ouder";"Personenauto  (passagier)";"Waarde";"2018";"Nederland";0,24;4,23;6,68
"Populatie: 6 jaar of ouder";"Totaal mannen en vrouwen";"Leeftijd: 75 jaar of ouder";"Personenauto  (passagier)";"Waarde";"2019";"Nederland";0,21;4,68;7,11
"Populatie: 6 jaar of ouder";"Totaal mannen en vrouwen";"Leeftijd: 75 jaar of ouder";"Personenauto  (passagier)";"Waarde";"2020";"Nederland";0,15;2,01;3,45
"Populatie: 6 jaar of ouder";"Totaal mannen en vrouwen";"Leeftijd: 75 jaar of ouder";"Personenauto  (passagier)";"Waarde";"2021";"Nederland";0,19;3,34;5,61
"Populatie: 6 jaar of ouder";"Totaal mannen en vrouwen";"Leeftijd: 75 jaar of ouder";"Personenauto  (passagier)";"Waarde";"2022";"Nederland";0,23;3,78;6,6
"Populatie: 6 jaar of ouder";"Totaal mannen en vrouwen";"Leeftijd: 75 jaar of ouder";"Personenauto  (passagier)";"Waarde";"2023";"Nederland";0,23;4,37;6,75
"Populatie: 6 jaar of ouder";"Totaal mannen en vrouwen";"Leeftijd: 75 jaar of ouder";"Personenauto  (passagier)";"Waarde";"2024*";"Nederland";0,22;4,6;6,95
"Populatie: 6 jaar of ouder";"Totaal mannen en vrouwen";"Leeftijd: 75 jaar of ouder";"Trein";"Waarde";"2018";"Nederland";;;
"Populatie: 6 jaar of ouder";"Totaal mannen en vrouwen";"Leeftijd: 75 jaar of ouder";"Trein";"Waarde";"2019";"Nederland";0,02;1,52;2,59
"Populatie: 6 jaar of ouder";"Totaal mannen en vrouwen";"Leeftijd: 75 jaar of ouder";"Trein";"Waarde";"2020";"Nederland";;;
"Populatie: 6 jaar of ouder";"Totaal mannen en vrouwen";"Leeftijd: 75 jaar of ouder";"Trein";"Waarde";"2021";"Nederland";;;
"Populatie: 6 jaar of ouder";"Totaal mannen en vrouwen";"Leeftijd: 75 jaar of ouder";"Trein";"Waarde";"2022";"Nederland";;;
"Populatie: 6 jaar of ouder";"Totaal mannen en vrouwen";"Leeftijd: 75 jaar of ouder";"Trein";"Waarde";"2023";"Nederland";0,01;0,54;0,92
"Populatie: 6 jaar of ouder";"Totaal mannen en vrouwen";"Leeftijd: 75 jaar of ouder";"Trein";"Waarde";"2024*";"Nederland";;;
"Populatie: 6 jaar of ouder";"Totaal mannen en vrouwen";"Leeftijd: 75 jaar of ouder";"Fiets";"Waarde";"2018";"Nederland";0,39;2,09;11,96
"Populatie: 6 jaar of ouder";"Totaal mannen en vrouwen";"Leeftijd: 75 jaar of ouder";"Fiets";"Waarde";"2019";"Nederland";0,36;1,92;11,46
"Populatie: 6 jaar of ouder";"Totaal mannen en vrouwen";"Leeftijd: 75 jaar of ouder";"Fiets";"Waarde";"2020";"Nederland";0,34;1,95;11,23
"Populatie: 6 jaar of ouder";"Totaal mannen en vrouwen";"Leeftijd: 75 jaar of ouder";"Fiets";"Waarde";"2021";"Nederland";0,37;2,27;12,3
"Populatie: 6 jaar of ouder";"Totaal mannen en vrouwen";"Leeftijd: 75 jaar of ouder";"Fiets";"Waarde";"2022";"Nederland";0,47;2,47;14,3
"Populatie: 6 jaar of ouder";"Totaal mannen en vrouwen";"Leeftijd: 75 jaar of ouder";"Fiets";"Waarde";"2023";"Nederland";0,44;2,24;13
"Populatie: 6 jaar of ouder";"Totaal mannen en vrouwen";"Leeftijd: 75 jaar of ouder";"Fiets";"Waarde";"2024*";"Nederland";0,46;2,34;13,12
"Populatie: 6 jaar of ouder";"Totaal mannen en vrouwen";"Migratieachtergrond: Nederland";"Totaal";"Waarde";"2018";"Nederland";2,9;38,58;76,42
"Populatie: 6 jaar of ouder";"Totaal mannen en vrouwen";"Migratieachtergrond: Nederland";"Totaal";"Waarde";"2019";"Nederland";2,84;38,4;75,75
"Populatie: 6 jaar of ouder";"Totaal mannen en vrouwen";"Migratieachtergrond: Nederland";"Totaal";"Waarde";"2020";"Nederland";2,52;26,97;64,62
"Populatie: 6 jaar of ouder";"Totaal mannen en vrouwen";"Migratieachtergrond: Nederland";"Totaal";"Waarde";"2021";"Nederland";2,66;29,12;71,62
"Populatie: 6 jaar of ouder";"Totaal mannen en vrouwen";"Migratieachtergrond: Nederland";"Totaal";"Waarde";"2022";"Nederland";2,87;32,55;74,56
"Populatie: 6 jaar of ouder";"Totaal mannen en vrouwen";"Migratieachtergrond: Nederland";"Totaal";"Waarde";"2023";"Nederland";;;
"Populatie: 6 jaar of ouder";"Totaal mannen en vrouwen";"Migratieachtergrond: Nederland";"Totaal";"Waarde";"2024*";"Nederland";;;
"Populatie: 6 jaar of ouder";"Totaal mannen en vrouwen";"Migratieachtergrond: Nederland";"Personenauto (bestuurder)";"Waarde";"2018";"Nederland";1,04;19,88;26,46
"Populatie: 6 jaar of ouder";"Totaal mannen en vrouwen";"Migratieachtergrond: Nederland";"Personenauto (bestuurder)";"Waarde";"2019";"Nederland";1,04;19,86;26,61
"Populatie: 6 jaar of ouder";"Totaal mannen en vrouwen";"Migratieachtergrond: Nederland";"Personenauto (bestuurder)";"Waarde";"2020";"Nederland";0,89;14,44;20,11
"Populatie: 6 jaar of ouder";"Totaal mannen en vrouwen";"Migratieachtergrond: Nederland";"Personenauto (bestuurder)";"Waarde";"2021";"Nederland";0,9;15,44;21,57
"Populatie: 6 jaar of ouder";"Totaal mannen en vrouwen";"Migratieachtergrond: Nederland";"Personenauto (bestuurder)";"Waarde";"2022";"Nederland";0,96;16,77;23,28
"Populatie: 6 jaar of ouder";"Totaal mannen en vrouwen";"Migratieachtergrond: Nederland";"Personenauto (bestuurder)";"Waarde";"2023";"Nederland";;;
"Populatie: 6 jaar of ouder";"Totaal mannen en vrouwen";"Migratieachtergrond: Nederland";"Personenauto (bestuurder)";"Waarde";"2024*";"Nederland";;;
"Populatie: 6 jaar of ouder";"Totaal mannen en vrouwen";"Migratieachtergrond: Nederland";"Personenauto  (passagier)";"Waarde";"2018";"Nederland";0,34;7,2;9,82
"Populatie: 6 jaar of ouder";"Totaal mannen en vrouwen";"Migratieachtergrond: Nederland";"Personenauto  (passagier)";"Waarde";"2019";"Nederland";0,33;7,14;9,8
"Populatie: 6 jaar of ouder";"Totaal mannen en vrouwen";"Migratieachtergrond: Nederland";"Personenauto  (passagier)";"Waarde";"2020";"Nederland";0,26;4,74;7,06
"Populatie: 6 jaar of ouder";"Totaal mannen en vrouwen";"Migratieachtergrond: Nederland";"Personenauto  (passagier)";"Waarde";"2021";"Nederland";0,27;5,41;8,09
"Populatie: 6 jaar of ouder";"Totaal mannen en vrouwen";"Migratieachtergrond: Nederland";"Personenauto  (passagier)";"Waarde";"2022";"Nederland";0,3;6,01;8,64
"Populatie: 6 jaar of ouder";"Totaal mannen en vrouwen";"Migratieachtergrond: Nederland";"Personenauto  (passagier)";"Waarde";"2023";"Nederland";;;
"Populatie: 6 jaar of ouder";"Totaal mannen en vrouwen";"Migratieachtergrond: Nederland";"Personenauto  (passagier)";"Waarde";"2024*";"Nederland";;;
"Populatie: 6 jaar of ouder";"Totaal mannen en vrouwen";"Migratieachtergrond: Nederland";"Trein";"Waarde";"2018";"Nederland";0,07;3,73;5,74
"Populatie: 6 jaar of ouder";"Totaal mannen en vrouwen";"Migratieachtergrond: Nederland";"Trein";"Waarde";"2019";"Nederland";0,08;3,93;6
"Populatie: 6 jaar of ouder";"Totaal mannen en vrouwen";"Migratieachtergrond: Nederland";"Trein";"Waarde";"2020";"Nederland";0,03;1,58;2,39
"Populatie: 6 jaar of ouder";"Totaal mannen en vrouwen";"Migratieachtergrond: Nederland";"Trein";"Waarde";"2021";"Nederland";0,03;1,48;2,44
"Populatie: 6 jaar of ouder";"Totaal mannen en vrouwen";"Migratieachtergrond: Nederland";"Trein";"Waarde";"2022";"Nederland";0,05;2,33;3,79
"Populatie: 6 jaar of ouder";"Totaal mannen en vrouwen";"Migratieachtergrond: Nederland";"Trein";"Waarde";"2023";"Nederland";;;
"Populatie: 6 jaar of ouder";"Totaal mannen en vrouwen";"Migratieachtergrond: Nederland";"Trein";"Waarde";"2024*";"Nederland";;;
"Populatie: 6 jaar of ouder";"Totaal mannen en vrouwen";"Migratieachtergrond: Nederland";"Fiets";"Waarde";"2018";"Nederland";0,84;3,4;17,11
"Populatie: 6 jaar of ouder";"Totaal mannen en vrouwen";"Migratieachtergrond: Nederland";"Fiets";"Waarde";"2019";"Nederland";0,8;3,22;16,65
"Populatie: 6 jaar of ouder";"Totaal mannen en vrouwen";"Migratieachtergrond: Nederland";"Fiets";"Waarde";"2020";"Nederland";0,68;2,9;15,68
"Populatie: 6 jaar of ouder";"Totaal mannen en vrouwen";"Migratieachtergrond: Nederland";"Fiets";"Waarde";"2021";"Nederland";0,69;2,95;15,74
"Populatie: 6 jaar of ouder";"Totaal mannen en vrouwen";"Migratieachtergrond: Nederland";"Fiets";"Waarde";"2022";"Nederland";0,81;3,33;17,4
"Populatie: 6 jaar of ouder";"Totaal mannen en vrouwen";"Migratieachtergrond: Nederland";"Fiets";"Waarde";"2023";"Nederland";;;
"Populatie: 6 jaar of ouder";"Totaal mannen en vrouwen";"Migratieachtergrond: Nederland";"Fiets";"Waarde";"2024*";"Nederland";;;
"Populatie: 6 jaar of ouder";"Totaal mannen en vrouwen";"Migratieachtergrond: westers";"Totaal";"Waarde";"2018";"Nederland";2,57;31,63;72,66
"Populatie: 6 jaar of ouder";"Totaal mannen en vrouwen";"Migratieachtergrond: westers";"Totaal";"Waarde";"2019";"Nederland";2,5;31,42;73,25
"Populatie: 6 jaar of ouder";"Totaal mannen en vrouwen";"Migratieachtergrond: westers";"Totaal";"Waarde";"2020";"Nederland";2,02;20,1;57,53
"Populatie: 6 jaar of ouder";"Totaal mannen en vrouwen";"Migratieachtergrond: westers";"Totaal";"Waarde";"2021";"Nederland";2,24;23,49;66,57
"Populatie: 6 jaar of ouder";"Totaal mannen en vrouwen";"Migratieachtergrond: westers";"Totaal";"Waarde";"2022";"Nederland";2,33;25,64;69,29
"Populatie: 6 jaar of ouder";"Totaal mannen en vrouwen";"Migratieachtergrond: westers";"Totaal";"Waarde";"2023";"Nederland";;;
"Populatie: 6 jaar of ouder";"Totaal mannen en vrouwen";"Migratieachtergrond: westers";"Totaal";"Waarde";"2024*";"Nederland";;;
"Populatie: 6 jaar of ouder";"Totaal mannen en vrouwen";"Migratieachtergrond: westers";"Personenauto (bestuurder)";"Waarde";"2018";"Nederland";0,8;14,56;20,38
"Populatie: 6 jaar of ouder";"Totaal mannen en vrouwen";"Migratieachtergrond: westers";"Personenauto (bestuurder)";"Waarde";"2019";"Nederland";0,75;14,17;20,07
"Populatie: 6 jaar of ouder";"Totaal mannen en vrouwen";"Migratieachtergrond: westers";"Personenauto (bestuurder)";"Waarde";"2020";"Nederland";0,61;9,95;14,97
"Populatie: 6 jaar of ouder";"Totaal mannen en vrouwen";"Migratieachtergrond: westers";"Personenauto (bestuurder)";"Waarde";"2021";"Nederland";0,67;11,33;16,64
"Populatie: 6 jaar of ouder";"Totaal mannen en vrouwen";"Migratieachtergrond: westers";"Personenauto (bestuurder)";"Waarde";"2022";"Nederland";0,62;11,32;16,63
"Populatie: 6 jaar of ouder";"Totaal mannen en vrouwen";"Migratieachtergrond: westers";"Personenauto (bestuurder)";"Waarde";"2023";"Nederland";;;
"Populatie: 6 jaar of ouder";"Totaal mannen en vrouwen";"Migratieachtergrond: westers";"Personenauto (bestuurder)";"Waarde";"2024*";"Nederland";;;
"Populatie: 6 jaar of ouder";"Totaal mannen en vrouwen";"Migratieachtergrond: westers";"Personenauto  (passagier)";"Waarde";"2018";"Nederland";0,29;5,88;8,26
"Populatie: 6 jaar of ouder";"Totaal mannen en vrouwen";"Migratieachtergrond: westers";"Personenauto  (passagier)";"Waarde";"2019";"Nederland";0,27;5,72;8,47
"Populatie: 6 jaar of ouder";"Totaal mannen en vrouwen";"Migratieachtergrond: westers";"Personenauto  (passagier)";"Waarde";"2020";"Nederland";0,19;3,45;5,4
"Populatie: 6 jaar of ouder";"Totaal mannen en vrouwen";"Migratieachtergrond: westers";"Personenauto  (passagier)";"Waarde";"2021";"Nederland";0,23;4,45;7,15
"Populatie: 6 jaar of ouder";"Totaal mannen en vrouwen";"Migratieachtergrond: westers";"Personenauto  (passagier)";"Waarde";"2022";"Nederland";0,23;4,34;6,78
"Populatie: 6 jaar of ouder";"Totaal mannen en vrouwen";"Migratieachtergrond: westers";"Personenauto  (passagier)";"Waarde";"2023";"Nederland";;;
"Populatie: 6 jaar of ouder";"Totaal mannen en vrouwen";"Migratieachtergrond: westers";"Personenauto  (passagier)";"Waarde";"2024*";"Nederland";;;
"Populatie: 6 jaar of ouder";"Totaal mannen en vrouwen";"Migratieachtergrond: westers";"Trein";"Waarde";"2018";"Nederland";0,09;4,56;7,68
"Populatie: 6 jaar of ouder";"Totaal mannen en vrouwen";"Migratieachtergrond: westers";"Trein";"Waarde";"2019";"Nederland";0,11;4,82;7,88
"Populatie: 6 jaar of ouder";"Totaal mannen en vrouwen";"Migratieachtergrond: westers";"Trein";"Waarde";"2020";"Nederland";0,04;1,89;3,41
"Populatie: 6 jaar of ouder";"Totaal mannen en vrouwen";"Migratieachtergrond: westers";"Trein";"Waarde";"2021";"Nederland";0,04;2,15;3,46
"Populatie: 6 jaar of ouder";"Totaal mannen en vrouwen";"Migratieachtergrond: westers";"Trein";"Waarde";"2022";"Nederland";0,07;4,13;6,03
"Populatie: 6 jaar of ouder";"Totaal mannen en vrouwen";"Migratieachtergrond: westers";"Trein";"Waarde";"2023";"Nederland";;;
"Populatie: 6 jaar of ouder";"Totaal mannen en vrouwen";"Migratieachtergrond: westers";"Trein";"Waarde";"2024*";"Nederland";;;
"Populatie: 6 jaar of ouder";"Totaal mannen en vrouwen";"Migratieachtergrond: westers";"Fiets";"Waarde";"2018";"Nederland";0,74;2,88;16,14
"Populatie: 6 jaar of ouder";"Totaal mannen en vrouwen";"Migratieachtergrond: westers";"Fiets";"Waarde";"2019";"Nederland";0,71;2,82;16,75
"Populatie: 6 jaar of ouder";"Totaal mannen en vrouwen";"Migratieachtergrond: westers";"Fiets";"Waarde";"2020";"Nederland";0,55;2,17;14,17
"Populatie: 6 jaar of ouder";"Totaal mannen en vrouwen";"Migratieachtergrond: westers";"Fiets";"Waarde";"2021";"Nederland";0,56;2,32;14,91
"Populatie: 6 jaar of ouder";"Totaal mannen en vrouwen";"Migratieachtergrond: westers";"Fiets";"Waarde";"2022";"Nederland";0,68;2,67;16,5
"Populatie: 6 jaar of ouder";"Totaal mannen en vrouwen";"Migratieachtergrond: westers";"Fiets";"Waarde";"2023";"Nederland";;;
"Populatie: 6 jaar of ouder";"Totaal mannen en vrouwen";"Migratieachtergrond: westers";"Fiets";"Waarde";"2024*";"Nederland";;;
"Populatie: 6 jaar of ouder";"Totaal mannen en vrouwen";"Migratieachtergrond: niet-westers";"Totaal";"Waarde";"2018";"Nederland";2,22;25,35;65,3
"Populatie: 6 jaar of ouder";"Totaal mannen en vrouwen";"Migratieachtergrond: niet-westers";"Totaal";"Waarde";"2019";"Nederland";2,1;25,78;67,46
"Populatie: 6 jaar of ouder";"Totaal mannen en vrouwen";"Migratieachtergrond: niet-westers";"Totaal";"Waarde";"2020";"Nederland";1,65;16,94;50,56
"Populatie: 6 jaar of ouder";"Totaal mannen en vrouwen";"Migratieachtergrond: niet-westers";"Totaal";"Waarde";"2021";"Nederland";1,89;19,93;62,76
"Populatie: 6 jaar of ouder";"Totaal mannen en vrouwen";"Migratieachtergrond: niet-westers";"Totaal";"Waarde";"2022";"Nederland";2,06;21,7;65,66
"Populatie: 6 jaar of ouder";"Totaal mannen en vrouwen";"Migratieachtergrond: niet-westers";"Totaal";"Waarde";"2023";"Nederland";;;
"Populatie: 6 jaar of ouder";"Totaal mannen en vrouwen";"Migratieachtergrond: niet-westers";"Totaal";"Waarde";"2024*";"Nederland";;;
"Populatie: 6 jaar of ouder";"Totaal mannen en vrouwen";"Migratieachtergrond: niet-westers";"Personenauto (bestuurder)";"Waarde";"2018";"Nederland";0,58;10,76;16,25
"Populatie: 6 jaar of ouder";"Totaal mannen en vrouwen";"Migratieachtergrond: niet-westers";"Personenauto (bestuurder)";"Waarde";"2019";"Nederland";0,57;10,45;15,93
"Populatie: 6 jaar of ouder";"Totaal mannen en vrouwen";"Migratieachtergrond: niet-westers";"Personenauto (bestuurder)";"Waarde";"2020";"Nederland";0,49;8,41;13,25
"Populatie: 6 jaar of ouder";"Totaal mannen en vrouwen";"Migratieachtergrond: niet-westers";"Personenauto (bestuurder)";"Waarde";"2021";"Nederland";0,51;8,61;14,03
"Populatie: 6 jaar of ouder";"Totaal mannen en vrouwen";"Migratieachtergrond: niet-westers";"Personenauto (bestuurder)";"Waarde";"2022";"Nederland";0,58;9,66;15,7
"Populatie: 6 jaar of ouder";"Totaal mannen en vrouwen";"Migratieachtergrond: niet-westers";"Personenauto (bestuurder)";"Waarde";"2023";"Nederland";;;
"Populatie: 6 jaar of ouder";"Totaal mannen en vrouwen";"Migratieachtergrond: niet-westers";"Personenauto (bestuurder)";"Waarde";"2024*";"Nederland";;;
"Populatie: 6 jaar of ouder";"Totaal mannen en vrouwen";"Migratieachtergrond: niet-westers";"Personenauto  (passagier)";"Waarde";"2018";"Nederland";0,24;4,07;6,88
"Populatie: 6 jaar of ouder";"Totaal mannen en vrouwen";"Migratieachtergrond: niet-westers";"Personenauto  (passagier)";"Waarde";"2019";"Nederland";0,25;4,59;7,66
"Populatie: 6 jaar of ouder";"Totaal mannen en vrouwen";"Migratieachtergrond: niet-westers";"Personenauto  (passagier)";"Waarde";"2020";"Nederland";0,17;3,02;5,37
"Populatie: 6 jaar of ouder";"Totaal mannen en vrouwen";"Migratieachtergrond: niet-westers";"Personenauto  (passagier)";"Waarde";"2021";"Nederland";0,22;3,87;6,75
"Populatie: 6 jaar of ouder";"Totaal mannen en vrouwen";"Migratieachtergrond: niet-westers";"Personenauto  (passagier)";"Waarde";"2022";"Nederland";0,21;3,49;6,43
"Populatie: 6 jaar of ouder";"Totaal mannen en vrouwen";"Migratieachtergrond: niet-westers";"Personenauto  (passagier)";"Waarde";"2023";"Nederland";;;
"Populatie: 6 jaar of ouder";"Totaal mannen en vrouwen";"Migratieachtergrond: niet-westers";"Personenauto  (passagier)";"Waarde";"2024*";"Nederland";;;
"Populatie: 6 jaar of ouder";"Totaal mannen en vrouwen";"Migratieachtergrond: niet-westers";"Trein";"Waarde";"2018";"Nederland";0,1;4,23;7,06
"Populatie: 6 jaar of ouder";"Totaal mannen en vrouwen";"Migratieachtergrond: niet-westers";"Trein";"Waarde";"2019";"Nederland";0,1;4,33;7,46
"Populatie: 6 jaar of ouder";"Totaal mannen en vrouwen";"Migratieachtergrond: niet-westers";"Trein";"Waarde";"2020";"Nederland";0,03;1,52;2,61
"Populatie: 6 jaar of ouder";"Totaal mannen en vrouwen";"Migratieachtergrond: niet-westers";"Trein";"Waarde";"2021";"Nederland";0,05;2,33;4,05
"Populatie: 6 jaar of ouder";"Totaal mannen en vrouwen";"Migratieachtergrond: niet-westers";"Trein";"Waarde";"2022";"Nederland";0,06;2,92;5,2
"Populatie: 6 jaar of ouder";"Totaal mannen en vrouwen";"Migratieachtergrond: niet-westers";"Trein";"Waarde";"2023";"Nederland";;;
"Populatie: 6 jaar of ouder";"Totaal mannen en vrouwen";"Migratieachtergrond: niet-westers";"Trein";"Waarde";"2024*";"Nederland";;;
"Populatie: 6 jaar of ouder";"Totaal mannen en vrouwen";"Migratieachtergrond: niet-westers";"Fiets";"Waarde";"2018";"Nederland";0,57;2;12,77
"Populatie: 6 jaar of ouder";"Totaal mannen en vrouwen";"Migratieachtergrond: niet-westers";"Fiets";"Waarde";"2019";"Nederland";0,53;1,94;13,65
"Populatie: 6 jaar of ouder";"Totaal mannen en vrouwen";"Migratieachtergrond: niet-westers";"Fiets";"Waarde";"2020";"Nederland";0,38;1,34;9,98
"Populatie: 6 jaar of ouder";"Totaal mannen en vrouwen";"Migratieachtergrond: niet-westers";"Fiets";"Waarde";"2021";"Nederland";0,42;1,5;12,33
"Populatie: 6 jaar of ouder";"Totaal mannen en vrouwen";"Migratieachtergrond: niet-westers";"Fiets";"Waarde";"2022";"Nederland";0,49;1,82;13,37
"Populatie: 6 jaar of ouder";"Totaal mannen en vrouwen";"Migratieachtergrond: niet-westers";"Fiets";"Waarde";"2023";"Nederland";;;
"Populatie: 6 jaar of ouder";"Totaal mannen en vrouwen";"Migratieachtergrond: niet-westers";"Fiets";"Waarde";"2024*";"Nederland";;;
"Populatie: 6 jaar of ouder";"Totaal mannen en vrouwen";"Gestandaardiseerd inkomen: 1e 20%-groep";"Totaal";"Waarde";"2018";"Nederland";2,45;26,4;67,79
"Populatie: 6 jaar of ouder";"Totaal mannen en vrouwen";"Gestandaardiseerd inkomen: 1e 20%-groep";"Totaal";"Waarde";"2019";"Nederland";2,3;25,09;67
"Populatie: 6 jaar of ouder";"Totaal mannen en vrouwen";"Gestandaardiseerd inkomen: 1e 20%-groep";"Totaal";"Waarde";"2020";"Nederland";1,88;16,47;51,82
"Populatie: 6 jaar of ouder";"Totaal mannen en vrouwen";"Gestandaardiseerd inkomen: 1e 20%-groep";"Totaal";"Waarde";"2021";"Nederland";2,07;18,8;61,56
"Populatie: 6 jaar of ouder";"Totaal mannen en vrouwen";"Gestandaardiseerd inkomen: 1e 20%-groep";"Totaal";"Waarde";"2022";"Nederland";2,25;21,94;68,58
"Populatie: 6 jaar of ouder";"Totaal mannen en vrouwen";"Gestandaardiseerd inkomen: 1e 20%-groep";"Totaal";"Waarde";"2023";"Nederland";2,26;22,72;67,08
"Populatie: 6 jaar of ouder";"Totaal mannen en vrouwen";"Gestandaardiseerd inkomen: 1e 20%-groep";"Totaal";"Waarde";"2024*";"Nederland";2,16;20,41;64,39
"Populatie: 6 jaar of ouder";"Totaal mannen en vrouwen";"Gestandaardiseerd inkomen: 1e 20%-groep";"Personenauto (bestuurder)";"Waarde";"2018";"Nederland";0,55;9,24;13,7
"Populatie: 6 jaar of ouder";"Totaal mannen en vrouwen";"Gestandaardiseerd inkomen: 1e 20%-groep";"Personenauto (bestuurder)";"Waarde";"2019";"Nederland";0,47;7,96;12,15
"Populatie: 6 jaar of ouder";"Totaal mannen en vrouwen";"Gestandaardiseerd inkomen: 1e 20%-groep";"Personenauto (bestuurder)";"Waarde";"2020";"Nederland";0,4;6,17;9,63
"Populatie: 6 jaar of ouder";"Totaal mannen en vrouwen";"Gestandaardiseerd inkomen: 1e 20%-groep";"Personenauto (bestuurder)";"Waarde";"2021";"Nederland";0,42;6,28;9,77
"Populatie: 6 jaar of ouder";"Totaal mannen en vrouwen";"Gestandaardiseerd inkomen: 1e 20%-groep";"Personenauto (bestuurder)";"Waarde";"2022";"Nederland";0,46;7,1;12,07
"Populatie: 6 jaar of ouder";"Totaal mannen en vrouwen";"Gestandaardiseerd inkomen: 1e 20%-groep";"Personenauto (bestuurder)";"Waarde";"2023";"Nederland";0,5;7,64;12,19
"Populatie: 6 jaar of ouder";"Totaal mannen en vrouwen";"Gestandaardiseerd inkomen: 1e 20%-groep";"Personenauto (bestuurder)";"Waarde";"2024*";"Nederland";0,45;6,59;10,87
"Populatie: 6 jaar of ouder";"Totaal mannen en vrouwen";"Gestandaardiseerd inkomen: 1e 20%-groep";"Personenauto  (passagier)";"Waarde";"2018";"Nederland";0,24;5,04;7,42
"Populatie: 6 jaar of ouder";"Totaal mannen en vrouwen";"Gestandaardiseerd inkomen: 1e 20%-groep";"Personenauto  (passagier)";"Waarde";"2019";"Nederland";0,25;5,18;8,07
"Populatie: 6 jaar of ouder";"Totaal mannen en vrouwen";"Gestandaardiseerd inkomen: 1e 20%-groep";"Personenauto  (passagier)";"Waarde";"2020";"Nederland";0,18;3,12;5,21
"Populatie: 6 jaar of ouder";"Totaal mannen en vrouwen";"Gestandaardiseerd inkomen: 1e 20%-groep";"Personenauto  (passagier)";"Waarde";"2021";"Nederland";0,2;3,8;6,36
"Populatie: 6 jaar of ouder";"Totaal mannen en vrouwen";"Gestandaardiseerd inkomen: 1e 20%-groep";"Personenauto  (passagier)";"Waarde";"2022";"Nederland";0,23;4,77;7,4
"Populatie: 6 jaar of ouder";"Totaal mannen en vrouwen";"Gestandaardiseerd inkomen: 1e 20%-groep";"Personenauto  (passagier)";"Waarde";"2023";"Nederland";0,22;4,41;6,86
"Populatie: 6 jaar of ouder";"Totaal mannen en vrouwen";"Gestandaardiseerd inkomen: 1e 20%-groep";"Personenauto  (passagier)";"Waarde";"2024*";"Nederland";0,21;4,15;7,25
"Populatie: 6 jaar of ouder";"Totaal mannen en vrouwen";"Gestandaardiseerd inkomen: 1e 20%-groep";"Trein";"Waarde";"2018";"Nederland";0,09;5,02;7,64
"Populatie: 6 jaar of ouder";"Totaal mannen en vrouwen";"Gestandaardiseerd inkomen: 1e 20%-groep";"Trein";"Waarde";"2019";"Nederland";0,1;4,95;7,77
"Populatie: 6 jaar of ouder";"Totaal mannen en vrouwen";"Gestandaardiseerd inkomen: 1e 20%-groep";"Trein";"Waarde";"2020";"Nederland";0,04;2,19;3,36
"Populatie: 6 jaar of ouder";"Totaal mannen en vrouwen";"Gestandaardiseerd inkomen: 1e 20%-groep";"Trein";"Waarde";"2021";"Nederland";0,05;2,69;4,23
"Populatie: 6 jaar of ouder";"Totaal mannen en vrouwen";"Gestandaardiseerd inkomen: 1e 20%-groep";"Trein";"Waarde";"2022";"Nederland";0,07;3,57;5,86
"Populatie: 6 jaar of ouder";"Totaal mannen en vrouwen";"Gestandaardiseerd inkomen: 1e 20%-groep";"Trein";"Waarde";"2023";"Nederland";0,09;4,45;7,28
"Populatie: 6 jaar of ouder";"Totaal mannen en vrouwen";"Gestandaardiseerd inkomen: 1e 20%-groep";"Trein";"Waarde";"2024*";"Nederland";0,07;3,43;5,69
"Populatie: 6 jaar of ouder";"Totaal mannen en vrouwen";"Gestandaardiseerd inkomen: 1e 20%-groep";"Fiets";"Waarde";"2018";"Nederland";0,78;2,87;16,75
"Populatie: 6 jaar of ouder";"Totaal mannen en vrouwen";"Gestandaardiseerd inkomen: 1e 20%-groep";"Fiets";"Waarde";"2019";"Nederland";0,75;2,76;17,69
"Populatie: 6 jaar of ouder";"Totaal mannen en vrouwen";"Gestandaardiseerd inkomen: 1e 20%-groep";"Fiets";"Waarde";"2020";"Nederland";0,57;2,14;13,66
"Populatie: 6 jaar of ouder";"Totaal mannen en vrouwen";"Gestandaardiseerd inkomen: 1e 20%-groep";"Fiets";"Waarde";"2021";"Nederland";0,6;2,36;15,51
"Populatie: 6 jaar of ouder";"Totaal mannen en vrouwen";"Gestandaardiseerd inkomen: 1e 20%-groep";"Fiets";"Waarde";"2022";"Nederland";0,66;2,6;17,05
"Populatie: 6 jaar of ouder";"Totaal mannen en vrouwen";"Gestandaardiseerd inkomen: 1e 20%-groep";"Fiets";"Waarde";"2023";"Nederland";0,64;2,6;16
"Populatie: 6 jaar of ouder";"Totaal mannen en vrouwen";"Gestandaardiseerd inkomen: 1e 20%-groep";"Fiets";"Waarde";"2024*";"Nederland";0,66;2,61;16,58
"Populatie: 6 jaar of ouder";"Totaal mannen en vrouwen";"Gestandaardiseerd inkomen: 2e 20%-groep";"Totaal";"Waarde";"2018";"Nederland";2,46;26,94;65,22
"Populatie: 6 jaar of ouder";"Totaal mannen en vrouwen";"Gestandaardiseerd inkomen: 2e 20%-groep";"Totaal";"Waarde";"2019";"Nederland";2,41;26,71;64,04
"Populatie: 6 jaar of ouder";"Totaal mannen en vrouwen";"Gestandaardiseerd inkomen: 2e 20%-groep";"Totaal";"Waarde";"2020";"Nederland";2,08;18,41;53,7
"Populatie: 6 jaar of ouder";"Totaal mannen en vrouwen";"Gestandaardiseerd inkomen: 2e 20%-groep";"Totaal";"Waarde";"2021";"Nederland";2,28;21,98;64,02
"Populatie: 6 jaar of ouder";"Totaal mannen en vrouwen";"Gestandaardiseerd inkomen: 2e 20%-groep";"Totaal";"Waarde";"2022";"Nederland";2,44;23,93;66,27
"Populatie: 6 jaar of ouder";"Totaal mannen en vrouwen";"Gestandaardiseerd inkomen: 2e 20%-groep";"Totaal";"Waarde";"2023";"Nederland";2,43;24,73;65,25
"Populatie: 6 jaar of ouder";"Totaal mannen en vrouwen";"Gestandaardiseerd inkomen: 2e 20%-groep";"Totaal";"Waarde";"2024*";"Nederland";2,4;24,85;67,27
"Populatie: 6 jaar of ouder";"Totaal mannen en vrouwen";"Gestandaardiseerd inkomen: 2e 20%-groep";"Personenauto (bestuurder)";"Waarde";"2018";"Nederland";0,76;12,24;18,34
"Populatie: 6 jaar of ouder";"Totaal mannen en vrouwen";"Gestandaardiseerd inkomen: 2e 20%-groep";"Personenauto (bestuurder)";"Waarde";"2019";"Nederland";0,73;11,34;17
"Populatie: 6 jaar of ouder";"Totaal mannen en vrouwen";"Gestandaardiseerd inkomen: 2e 20%-groep";"Personenauto (bestuurder)";"Waarde";"2020";"Nederland";0,64;8,72;13,94
"Populatie: 6 jaar of ouder";"Totaal mannen en vrouwen";"Gestandaardiseerd inkomen: 2e 20%-groep";"Personenauto (bestuurder)";"Waarde";"2021";"Nederland";0,68;9,9;15,6
"Populatie: 6 jaar of ouder";"Totaal mannen en vrouwen";"Gestandaardiseerd inkomen: 2e 20%-groep";"Personenauto (bestuurder)";"Waarde";"2022";"Nederland";0,69;10,44;16,13
"Populatie: 6 jaar of ouder";"Totaal mannen en vrouwen";"Gestandaardiseerd inkomen: 2e 20%-groep";"Personenauto (bestuurder)";"Waarde";"2023";"Nederland";0,72;10,88;17,16
"Populatie: 6 jaar of ouder";"Totaal mannen en vrouwen";"Gestandaardiseerd inkomen: 2e 20%-groep";"Personenauto (bestuurder)";"Waarde";"2024*";"Nederland";0,71;11,23;17,72
"Populatie: 6 jaar of ouder";"Totaal mannen en vrouwen";"Gestandaardiseerd inkomen: 2e 20%-groep";"Personenauto  (passagier)";"Waarde";"2018";"Nederland";0,31;5,65;8,85
"Populatie: 6 jaar of ouder";"Totaal mannen en vrouwen";"Gestandaardiseerd inkomen: 2e 20%-groep";"Personenauto  (passagier)";"Waarde";"2019";"Nederland";0,28;5,45;8,41
"Populatie: 6 jaar of ouder";"Totaal mannen en vrouwen";"Gestandaardiseerd inkomen: 2e 20%-groep";"Personenauto  (passagier)";"Waarde";"2020";"Nederland";0,21;3,42;5,47
"Populatie: 6 jaar of ouder";"Totaal mannen en vrouwen";"Gestandaardiseerd inkomen: 2e 20%-groep";"Personenauto  (passagier)";"Waarde";"2021";"Nederland";0,25;4,33;7,11
"Populatie: 6 jaar of ouder";"Totaal mannen en vrouwen";"Gestandaardiseerd inkomen: 2e 20%-groep";"Personenauto  (passagier)";"Waarde";"2022";"Nederland";0,27;4,47;7,46
"Populatie: 6 jaar of ouder";"Totaal mannen en vrouwen";"Gestandaardiseerd inkomen: 2e 20%-groep";"Personenauto  (passagier)";"Waarde";"2023";"Nederland";0,28;4,97;7,56
"Populatie: 6 jaar of ouder";"Totaal mannen en vrouwen";"Gestandaardiseerd inkomen: 2e 20%-groep";"Personenauto  (passagier)";"Waarde";"2024*";"Nederland";0,28;5,01;7,9
"Populatie: 6 jaar of ouder";"Totaal mannen en vrouwen";"Gestandaardiseerd inkomen: 2e 20%-groep";"Trein";"Waarde";"2018";"Nederland";0,06;2,61;4,16
"Populatie: 6 jaar of ouder";"Totaal mannen en vrouwen";"Gestandaardiseerd inkomen: 2e 20%-groep";"Trein";"Waarde";"2019";"Nederland";0,06;3,1;4,89
"Populatie: 6 jaar of ouder";"Totaal mannen en vrouwen";"Gestandaardiseerd inkomen: 2e 20%-groep";"Trein";"Waarde";"2020";"Nederland";0,02;1,07;1,75
"Populatie: 6 jaar of ouder";"Totaal mannen en vrouwen";"Gestandaardiseerd inkomen: 2e 20%-groep";"Trein";"Waarde";"2021";"Nederland";0,03;1,47;2,49
"Populatie: 6 jaar of ouder";"Totaal mannen en vrouwen";"Gestandaardiseerd inkomen: 2e 20%-groep";"Trein";"Waarde";"2022";"Nederland";0,04;2,18;3,54
"Populatie: 6 jaar of ouder";"Totaal mannen en vrouwen";"Gestandaardiseerd inkomen: 2e 20%-groep";"Trein";"Waarde";"2023";"Nederland";0,05;2,44;3,97
"Populatie: 6 jaar of ouder";"Totaal mannen en vrouwen";"Gestandaardiseerd inkomen: 2e 20%-groep";"Trein";"Waarde";"2024*";"Nederland";0,04;2,12;3,57
"Populatie: 6 jaar of ouder";"Totaal mannen en vrouwen";"Gestandaardiseerd inkomen: 2e 20%-groep";"Fiets";"Waarde";"2018";"Nederland";0,71;2,92;16,17
"Populatie: 6 jaar of ouder";"Totaal mannen en vrouwen";"Gestandaardiseerd inkomen: 2e 20%-groep";"Fiets";"Waarde";"2019";"Nederland";0,71;2,7;15,49
"Populatie: 6 jaar of ouder";"Totaal mannen en vrouwen";"Gestandaardiseerd inkomen: 2e 20%-groep";"Fiets";"Waarde";"2020";"Nederland";0,58;2,37;14,13
"Populatie: 6 jaar of ouder";"Totaal mannen en vrouwen";"Gestandaardiseerd inkomen: 2e 20%-groep";"Fiets";"Waarde";"2021";"Nederland";0,57;2,49;14,72
"Populatie: 6 jaar of ouder";"Totaal mannen en vrouwen";"Gestandaardiseerd inkomen: 2e 20%-groep";"Fiets";"Waarde";"2022";"Nederland";0,69;2,83;16,43
"Populatie: 6 jaar of ouder";"Totaal mannen en vrouwen";"Gestandaardiseerd inkomen: 2e 20%-groep";"Fiets";"Waarde";"2023";"Nederland";0,66;2,73;15,41
"Populatie: 6 jaar of ouder";"Totaal mannen en vrouwen";"Gestandaardiseerd inkomen: 2e 20%-groep";"Fiets";"Waarde";"2024*";"Nederland";0,67;2,94;16,92
"Populatie: 6 jaar of ouder";"Totaal mannen en vrouwen";"Gestandaardiseerd inkomen: 3e 20%-groep";"Totaal";"Waarde";"2018";"Nederland";2,88;35,91;75,49
"Populatie: 6 jaar of ouder";"Totaal mannen en vrouwen";"Gestandaardiseerd inkomen: 3e 20%-groep";"Totaal";"Waarde";"2019";"Nederland";2,8;35,74;74,16
"Populatie: 6 jaar of ouder";"Totaal mannen en vrouwen";"Gestandaardiseerd inkomen: 3e 20%-groep";"Totaal";"Waarde";"2020";"Nederland";2,43;24,06;61,88
"Populatie: 6 jaar of ouder";"Totaal mannen en vrouwen";"Gestandaardiseerd inkomen: 3e 20%-groep";"Totaal";"Waarde";"2021";"Nederland";2,59;27,18;70,39
"Populatie: 6 jaar of ouder";"Totaal mannen en vrouwen";"Gestandaardiseerd inkomen: 3e 20%-groep";"Totaal";"Waarde";"2022";"Nederland";2,82;29,18;72,04
"Populatie: 6 jaar of ouder";"Totaal mannen en vrouwen";"Gestandaardiseerd inkomen: 3e 20%-groep";"Totaal";"Waarde";"2023";"Nederland";2,85;30,83;72,38
"Populatie: 6 jaar of ouder";"Totaal mannen en vrouwen";"Gestandaardiseerd inkomen: 3e 20%-groep";"Totaal";"Waarde";"2024*";"Nederland";2,83;31,61;73,52
"Populatie: 6 jaar of ouder";"Totaal mannen en vrouwen";"Gestandaardiseerd inkomen: 3e 20%-groep";"Personenauto (bestuurder)";"Waarde";"2018";"Nederland";0,98;17,1;23,84
"Populatie: 6 jaar of ouder";"Totaal mannen en vrouwen";"Gestandaardiseerd inkomen: 3e 20%-groep";"Personenauto (bestuurder)";"Waarde";"2019";"Nederland";0,99;17,32;24,33
"Populatie: 6 jaar of ouder";"Totaal mannen en vrouwen";"Gestandaardiseerd inkomen: 3e 20%-groep";"Personenauto (bestuurder)";"Waarde";"2020";"Nederland";0,84;12,32;18,44
"Populatie: 6 jaar of ouder";"Totaal mannen en vrouwen";"Gestandaardiseerd inkomen: 3e 20%-groep";"Personenauto (bestuurder)";"Waarde";"2021";"Nederland";0,86;14,17;20,78
"Populatie: 6 jaar of ouder";"Totaal mannen en vrouwen";"Gestandaardiseerd inkomen: 3e 20%-groep";"Personenauto (bestuurder)";"Waarde";"2022";"Nederland";0,92;14,32;21,31
"Populatie: 6 jaar of ouder";"Totaal mannen en vrouwen";"Gestandaardiseerd inkomen: 3e 20%-groep";"Personenauto (bestuurder)";"Waarde";"2023";"Nederland";0,99;15,85;23,12
"Populatie: 6 jaar of ouder";"Totaal mannen en vrouwen";"Gestandaardiseerd inkomen: 3e 20%-groep";"Personenauto (bestuurder)";"Waarde";"2024*";"Nederland";0,96;15,76;23,02
"Populatie: 6 jaar of ouder";"Totaal mannen en vrouwen";"Gestandaardiseerd inkomen: 3e 20%-groep";"Personenauto  (passagier)";"Waarde";"2018";"Nederland";0,36;7,27;10,01
"Populatie: 6 jaar of ouder";"Totaal mannen en vrouwen";"Gestandaardiseerd inkomen: 3e 20%-groep";"Personenauto  (passagier)";"Waarde";"2019";"Nederland";0,34;6,77;9,73
"Populatie: 6 jaar of ouder";"Totaal mannen en vrouwen";"Gestandaardiseerd inkomen: 3e 20%-groep";"Personenauto  (passagier)";"Waarde";"2020";"Nederland";0,27;4,6;7,06
"Populatie: 6 jaar of ouder";"Totaal mannen en vrouwen";"Gestandaardiseerd inkomen: 3e 20%-groep";"Personenauto  (passagier)";"Waarde";"2021";"Nederland";0,28;5,19;8,14
"Populatie: 6 jaar of ouder";"Totaal mannen en vrouwen";"Gestandaardiseerd inkomen: 3e 20%-groep";"Personenauto  (passagier)";"Waarde";"2022";"Nederland";0,3;5,42;8,39
"Populatie: 6 jaar of ouder";"Totaal mannen en vrouwen";"Gestandaardiseerd inkomen: 3e 20%-groep";"Personenauto  (passagier)";"Waarde";"2023";"Nederland";0,32;6,01;9,02
"Populatie: 6 jaar of ouder";"Totaal mannen en vrouwen";"Gestandaardiseerd inkomen: 3e 20%-groep";"Personenauto  (passagier)";"Waarde";"2024*";"Nederland";0,33;6,05;9,13
"Populatie: 6 jaar of ouder";"Totaal mannen en vrouwen";"Gestandaardiseerd inkomen: 3e 20%-groep";"Trein";"Waarde";"2018";"Nederland";0,07;3,56;5,29
"Populatie: 6 jaar of ouder";"Totaal mannen en vrouwen";"Gestandaardiseerd inkomen: 3e 20%-groep";"Trein";"Waarde";"2019";"Nederland";0,08;3,82;6,31
"Populatie: 6 jaar of ouder";"Totaal mannen en vrouwen";"Gestandaardiseerd inkomen: 3e 20%-groep";"Trein";"Waarde";"2020";"Nederland";0,03;1,32;2,24
"Populatie: 6 jaar of ouder";"Totaal mannen en vrouwen";"Gestandaardiseerd inkomen: 3e 20%-groep";"Trein";"Waarde";"2021";"Nederland";0,03;1,28;2,31
"Populatie: 6 jaar of ouder";"Totaal mannen en vrouwen";"Gestandaardiseerd inkomen: 3e 20%-groep";"Trein";"Waarde";"2022";"Nederland";0,04;2,13;3,58
"Populatie: 6 jaar of ouder";"Totaal mannen en vrouwen";"Gestandaardiseerd inkomen: 3e 20%-groep";"Trein";"Waarde";"2023";"Nederland";0,05;2,41;3,98
"Populatie: 6 jaar of ouder";"Totaal mannen en vrouwen";"Gestandaardiseerd inkomen: 3e 20%-groep";"Trein";"Waarde";"2024*";"Nederland";0,06;2,8;4,73
"Populatie: 6 jaar of ouder";"Totaal mannen en vrouwen";"Gestandaardiseerd inkomen: 3e 20%-groep";"Fiets";"Waarde";"2018";"Nederland";0,82;3,33;17,78
"Populatie: 6 jaar of ouder";"Totaal mannen en vrouwen";"Gestandaardiseerd inkomen: 3e 20%-groep";"Fiets";"Waarde";"2019";"Nederland";0,78;3,09;16,39
"Populatie: 6 jaar of ouder";"Totaal mannen en vrouwen";"Gestandaardiseerd inkomen: 3e 20%-groep";"Fiets";"Waarde";"2020";"Nederland";0,63;2,54;14,34
"Populatie: 6 jaar of ouder";"Totaal mannen en vrouwen";"Gestandaardiseerd inkomen: 3e 20%-groep";"Fiets";"Waarde";"2021";"Nederland";0,65;2,71;15,36
"Populatie: 6 jaar of ouder";"Totaal mannen en vrouwen";"Gestandaardiseerd inkomen: 3e 20%-groep";"Fiets";"Waarde";"2022";"Nederland";0,8;3,22;17,31
"Populatie: 6 jaar of ouder";"Totaal mannen en vrouwen";"Gestandaardiseerd inkomen: 3e 20%-groep";"Fiets";"Waarde";"2023";"Nederland";0,77;3,01;16,13
"Populatie: 6 jaar of ouder";"Totaal mannen en vrouwen";"Gestandaardiseerd inkomen: 3e 20%-groep";"Fiets";"Waarde";"2024*";"Nederland";0,77;3,11;16,39
"Populatie: 6 jaar of ouder";"Totaal mannen en vrouwen";"Gestandaardiseerd inkomen: 4e 20%-groep";"Totaal";"Waarde";"2018";"Nederland";3,01;40,05;77,78
"Populatie: 6 jaar of ouder";"Totaal mannen en vrouwen";"Gestandaardiseerd inkomen: 4e 20%-groep";"Totaal";"Waarde";"2019";"Nederland";2,95;39,61;78,23
"Populatie: 6 jaar of ouder";"Totaal mannen en vrouwen";"Gestandaardiseerd inkomen: 4e 20%-groep";"Totaal";"Waarde";"2020";"Nederland";2,59;28,29;66,79
"Populatie: 6 jaar of ouder";"Totaal mannen en vrouwen";"Gestandaardiseerd inkomen: 4e 20%-groep";"Totaal";"Waarde";"2021";"Nederland";2,73;30,2;73,14
"Populatie: 6 jaar of ouder";"Totaal mannen en vrouwen";"Gestandaardiseerd inkomen: 4e 20%-groep";"Totaal";"Waarde";"2022";"Nederland";2,92;33,8;75,35
"Populatie: 6 jaar of ouder";"Totaal mannen en vrouwen";"Gestandaardiseerd inkomen: 4e 20%-groep";"Totaal";"Waarde";"2023";"Nederland";2,98;35,64;76,68
"Populatie: 6 jaar of ouder";"Totaal mannen en vrouwen";"Gestandaardiseerd inkomen: 4e 20%-groep";"Totaal";"Waarde";"2024*";"Nederland";3;37,21;77,93
"Populatie: 6 jaar of ouder";"Totaal mannen en vrouwen";"Gestandaardiseerd inkomen: 4e 20%-groep";"Personenauto (bestuurder)";"Waarde";"2018";"Nederland";1,12;21,12;28,07
"Populatie: 6 jaar of ouder";"Totaal mannen en vrouwen";"Gestandaardiseerd inkomen: 4e 20%-groep";"Personenauto (bestuurder)";"Waarde";"2019";"Nederland";1,13;20,85;28,42
"Populatie: 6 jaar of ouder";"Totaal mannen en vrouwen";"Gestandaardiseerd inkomen: 4e 20%-groep";"Personenauto (bestuurder)";"Waarde";"2020";"Nederland";0,97;15,68;22,06
"Populatie: 6 jaar of ouder";"Totaal mannen en vrouwen";"Gestandaardiseerd inkomen: 4e 20%-groep";"Personenauto (bestuurder)";"Waarde";"2021";"Nederland";0,99;16,77;23,38
"Populatie: 6 jaar of ouder";"Totaal mannen en vrouwen";"Gestandaardiseerd inkomen: 4e 20%-groep";"Personenauto (bestuurder)";"Waarde";"2022";"Nederland";1,04;18,14;25,29
"Populatie: 6 jaar of ouder";"Totaal mannen en vrouwen";"Gestandaardiseerd inkomen: 4e 20%-groep";"Personenauto (bestuurder)";"Waarde";"2023";"Nederland";1,08;19,18;26,6
"Populatie: 6 jaar of ouder";"Totaal mannen en vrouwen";"Gestandaardiseerd inkomen: 4e 20%-groep";"Personenauto (bestuurder)";"Waarde";"2024*";"Nederland";1,1;19,98;27,61
"Populatie: 6 jaar of ouder";"Totaal mannen en vrouwen";"Gestandaardiseerd inkomen: 4e 20%-groep";"Personenauto  (passagier)";"Waarde";"2018";"Nederland";0,37;7,3;10,19
"Populatie: 6 jaar of ouder";"Totaal mannen en vrouwen";"Gestandaardiseerd inkomen: 4e 20%-groep";"Personenauto  (passagier)";"Waarde";"2019";"Nederland";0,35;7;9,85
"Populatie: 6 jaar of ouder";"Totaal mannen en vrouwen";"Gestandaardiseerd inkomen: 4e 20%-groep";"Personenauto  (passagier)";"Waarde";"2020";"Nederland";0,27;4,9;7,52
"Populatie: 6 jaar of ouder";"Totaal mannen en vrouwen";"Gestandaardiseerd inkomen: 4e 20%-groep";"Personenauto  (passagier)";"Waarde";"2021";"Nederland";0,27;5,38;8,14
"Populatie: 6 jaar of ouder";"Totaal mannen en vrouwen";"Gestandaardiseerd inkomen: 4e 20%-groep";"Personenauto  (passagier)";"Waarde";"2022";"Nederland";0,31;5,98;8,45
"Populatie: 6 jaar of ouder";"Totaal mannen en vrouwen";"Gestandaardiseerd inkomen: 4e 20%-groep";"Personenauto  (passagier)";"Waarde";"2023";"Nederland";0,35;6,57;9,58
"Populatie: 6 jaar of ouder";"Totaal mannen en vrouwen";"Gestandaardiseerd inkomen: 4e 20%-groep";"Personenauto  (passagier)";"Waarde";"2024*";"Nederland";0,32;6,46;9,32
"Populatie: 6 jaar of ouder";"Totaal mannen en vrouwen";"Gestandaardiseerd inkomen: 4e 20%-groep";"Trein";"Waarde";"2018";"Nederland";0,08;3,76;6,1
"Populatie: 6 jaar of ouder";"Totaal mannen en vrouwen";"Gestandaardiseerd inkomen: 4e 20%-groep";"Trein";"Waarde";"2019";"Nederland";0,08;3,99;6,1
"Populatie: 6 jaar of ouder";"Totaal mannen en vrouwen";"Gestandaardiseerd inkomen: 4e 20%-groep";"Trein";"Waarde";"2020";"Nederland";0,03;1,56;2,48
"Populatie: 6 jaar of ouder";"Totaal mannen en vrouwen";"Gestandaardiseerd inkomen: 4e 20%-groep";"Trein";"Waarde";"2021";"Nederland";0,03;1,39;2,38
"Populatie: 6 jaar of ouder";"Totaal mannen en vrouwen";"Gestandaardiseerd inkomen: 4e 20%-groep";"Trein";"Waarde";"2022";"Nederland";0,05;2,43;4,1
"Populatie: 6 jaar of ouder";"Totaal mannen en vrouwen";"Gestandaardiseerd inkomen: 4e 20%-groep";"Trein";"Waarde";"2023";"Nederland";0,06;3,01;4,72
"Populatie: 6 jaar of ouder";"Totaal mannen en vrouwen";"Gestandaardiseerd inkomen: 4e 20%-groep";"Trein";"Waarde";"2024*";"Nederland";0,07;3,37;5,28
"Populatie: 6 jaar of ouder";"Totaal mannen en vrouwen";"Gestandaardiseerd inkomen: 4e 20%-groep";"Fiets";"Waarde";"2018";"Nederland";0,84;3,28;15,91
"Populatie: 6 jaar of ouder";"Totaal mannen en vrouwen";"Gestandaardiseerd inkomen: 4e 20%-groep";"Fiets";"Waarde";"2019";"Nederland";0,8;3,26;16,59
"Populatie: 6 jaar of ouder";"Totaal mannen en vrouwen";"Gestandaardiseerd inkomen: 4e 20%-groep";"Fiets";"Waarde";"2020";"Nederland";0,67;2,9;15,83
"Populatie: 6 jaar of ouder";"Totaal mannen en vrouwen";"Gestandaardiseerd inkomen: 4e 20%-groep";"Fiets";"Waarde";"2021";"Nederland";0,69;2,86;15,45
"Populatie: 6 jaar of ouder";"Totaal mannen en vrouwen";"Gestandaardiseerd inkomen: 4e 20%-groep";"Fiets";"Waarde";"2022";"Nederland";0,81;3,18;16,4
"Populatie: 6 jaar of ouder";"Totaal mannen en vrouwen";"Gestandaardiseerd inkomen: 4e 20%-groep";"Fiets";"Waarde";"2023";"Nederland";0,8;3,06;15,76
"Populatie: 6 jaar of ouder";"Totaal mannen en vrouwen";"Gestandaardiseerd inkomen: 4e 20%-groep";"Fiets";"Waarde";"2024*";"Nederland";0,84;3,24;16,16
"Populatie: 6 jaar of ouder";"Totaal mannen en vrouwen";"Gestandaardiseerd inkomen: 5e 20%-groep";"Totaal";"Waarde";"2018";"Nederland";3;46,89;82,55
"Populatie: 6 jaar of ouder";"Totaal mannen en vrouwen";"Gestandaardiseerd inkomen: 5e 20%-groep";"Totaal";"Waarde";"2019";"Nederland";2,95;47,61;83,58
"Populatie: 6 jaar of ouder";"Totaal mannen en vrouwen";"Gestandaardiseerd inkomen: 5e 20%-groep";"Totaal";"Waarde";"2020";"Nederland";2,64;33,14;70,45
"Populatie: 6 jaar of ouder";"Totaal mannen en vrouwen";"Gestandaardiseerd inkomen: 5e 20%-groep";"Totaal";"Waarde";"2021";"Nederland";2,71;34,11;75,67
"Populatie: 6 jaar of ouder";"Totaal mannen en vrouwen";"Gestandaardiseerd inkomen: 5e 20%-groep";"Totaal";"Waarde";"2022";"Nederland";2,93;38,33;77,91
"Populatie: 6 jaar of ouder";"Totaal mannen en vrouwen";"Gestandaardiseerd inkomen: 5e 20%-groep";"Totaal";"Waarde";"2023";"Nederland";2,95;41,66;80,92
"Populatie: 6 jaar of ouder";"Totaal mannen en vrouwen";"Gestandaardiseerd inkomen: 5e 20%-groep";"Totaal";"Waarde";"2024*";"Nederland";2,95;41,5;81,35
"Populatie: 6 jaar of ouder";"Totaal mannen en vrouwen";"Gestandaardiseerd inkomen: 5e 20%-groep";"Personenauto (bestuurder)";"Waarde";"2018";"Nederland";1,25;27,33;34,37
"Populatie: 6 jaar of ouder";"Totaal mannen en vrouwen";"Gestandaardiseerd inkomen: 5e 20%-groep";"Personenauto (bestuurder)";"Waarde";"2019";"Nederland";1,26;28,14;35,58
"Populatie: 6 jaar of ouder";"Totaal mannen en vrouwen";"Gestandaardiseerd inkomen: 5e 20%-groep";"Personenauto (bestuurder)";"Waarde";"2020";"Nederland";1,04;19,7;25,6
"Populatie: 6 jaar of ouder";"Totaal mannen en vrouwen";"Gestandaardiseerd inkomen: 5e 20%-groep";"Personenauto (bestuurder)";"Waarde";"2021";"Nederland";1,03;19,86;26,49
"Populatie: 6 jaar of ouder";"Totaal mannen en vrouwen";"Gestandaardiseerd inkomen: 5e 20%-groep";"Personenauto (bestuurder)";"Waarde";"2022";"Nederland";1,11;22,35;28,95
"Populatie: 6 jaar of ouder";"Totaal mannen en vrouwen";"Gestandaardiseerd inkomen: 5e 20%-groep";"Personenauto (bestuurder)";"Waarde";"2023";"Nederland";1,17;23,78;31,06
"Populatie: 6 jaar of ouder";"Totaal mannen en vrouwen";"Gestandaardiseerd inkomen: 5e 20%-groep";"Personenauto (bestuurder)";"Waarde";"2024*";"Nederland";1,15;23,84;31,2
"Populatie: 6 jaar of ouder";"Totaal mannen en vrouwen";"Gestandaardiseerd inkomen: 5e 20%-groep";"Personenauto  (passagier)";"Waarde";"2018";"Nederland";0,32;7,49;9,53
"Populatie: 6 jaar of ouder";"Totaal mannen en vrouwen";"Gestandaardiseerd inkomen: 5e 20%-groep";"Personenauto  (passagier)";"Waarde";"2019";"Nederland";0,33;8,25;10,5
"Populatie: 6 jaar of ouder";"Totaal mannen en vrouwen";"Gestandaardiseerd inkomen: 5e 20%-groep";"Personenauto  (passagier)";"Waarde";"2020";"Nederland";0,25;5,23;7,4
"Populatie: 6 jaar of ouder";"Totaal mannen en vrouwen";"Gestandaardiseerd inkomen: 5e 20%-groep";"Personenauto  (passagier)";"Waarde";"2021";"Nederland";0,28;6,21;8,72
"Populatie: 6 jaar of ouder";"Totaal mannen en vrouwen";"Gestandaardiseerd inkomen: 5e 20%-groep";"Personenauto  (passagier)";"Waarde";"2022";"Nederland";0,28;6,3;8,62
"Populatie: 6 jaar of ouder";"Totaal mannen en vrouwen";"Gestandaardiseerd inkomen: 5e 20%-groep";"Personenauto  (passagier)";"Waarde";"2023";"Nederland";0,31;7,5;9,87
"Populatie: 6 jaar of ouder";"Totaal mannen en vrouwen";"Gestandaardiseerd inkomen: 5e 20%-groep";"Personenauto  (passagier)";"Waarde";"2024*";"Nederland";0,31;7,2;9,48
"Populatie: 6 jaar of ouder";"Totaal mannen en vrouwen";"Gestandaardiseerd inkomen: 5e 20%-groep";"Trein";"Waarde";"2018";"Nederland";0,09;4,45;6,91
"Populatie: 6 jaar of ouder";"Totaal mannen en vrouwen";"Gestandaardiseerd inkomen: 5e 20%-groep";"Trein";"Waarde";"2019";"Nederland";0,09;4,43;6,72
"Populatie: 6 jaar of ouder";"Totaal mannen en vrouwen";"Gestandaardiseerd inkomen: 5e 20%-groep";"Trein";"Waarde";"2020";"Nederland";0,04;1,81;2,64
"Populatie: 6 jaar of ouder";"Totaal mannen en vrouwen";"Gestandaardiseerd inkomen: 5e 20%-groep";"Trein";"Waarde";"2021";"Nederland";0,03;1,61;2,56
"Populatie: 6 jaar of ouder";"Totaal mannen en vrouwen";"Gestandaardiseerd inkomen: 5e 20%-groep";"Trein";"Waarde";"2022";"Nederland";0,05;2,64;3,96
"Populatie: 6 jaar of ouder";"Totaal mannen en vrouwen";"Gestandaardiseerd inkomen: 5e 20%-groep";"Trein";"Waarde";"2023";"Nederland";0,08;3,85;6,11
"Populatie: 6 jaar of ouder";"Totaal mannen en vrouwen";"Gestandaardiseerd inkomen: 5e 20%-groep";"Trein";"Waarde";"2024*";"Nederland";0,08;3,88;5,98
"Populatie: 6 jaar of ouder";"Totaal mannen en vrouwen";"Gestandaardiseerd inkomen: 5e 20%-groep";"Fiets";"Waarde";"2018";"Nederland";0,8;3,29;15,65
"Populatie: 6 jaar of ouder";"Totaal mannen en vrouwen";"Gestandaardiseerd inkomen: 5e 20%-groep";"Fiets";"Waarde";"2019";"Nederland";0,75;3,09;15,17
"Populatie: 6 jaar of ouder";"Totaal mannen en vrouwen";"Gestandaardiseerd inkomen: 5e 20%-groep";"Fiets";"Waarde";"2020";"Nederland";0,66;2,91;15,15
"Populatie: 6 jaar of ouder";"Totaal mannen en vrouwen";"Gestandaardiseerd inkomen: 5e 20%-groep";"Fiets";"Waarde";"2021";"Nederland";0,65;2,85;14,57
"Populatie: 6 jaar of ouder";"Totaal mannen en vrouwen";"Gestandaardiseerd inkomen: 5e 20%-groep";"Fiets";"Waarde";"2022";"Nederland";0,78;3,2;16,11
"Populatie: 6 jaar of ouder";"Totaal mannen en vrouwen";"Gestandaardiseerd inkomen: 5e 20%-groep";"Fiets";"Waarde";"2023";"Nederland";0,75;3,03;14,9
"Populatie: 6 jaar of ouder";"Totaal mannen en vrouwen";"Gestandaardiseerd inkomen: 5e 20%-groep";"Fiets";"Waarde";"2024*";"Nederland";0,77;3,16;15,37
"Populatie: 6 jaar of ouder";"Totaal mannen en vrouwen";"OV-Studentenkaart: weekabonnement";"Totaal";"Waarde";"2018";"Nederland";2,76;45,89;94,29
"Populatie: 6 jaar of ouder";"Totaal mannen en vrouwen";"OV-Studentenkaart: weekabonnement";"Totaal";"Waarde";"2019";"Nederland";2,68;45,89;93,42
"Populatie: 6 jaar of ouder";"Totaal mannen en vrouwen";"OV-Studentenkaart: weekabonnement";"Totaal";"Waarde";"2020";"Nederland";2,14;26,55;62,44
"Populatie: 6 jaar of ouder";"Totaal mannen en vrouwen";"OV-Studentenkaart: weekabonnement";"Totaal";"Waarde";"2021";"Nederland";2,34;32,2;78,38
"Populatie: 6 jaar of ouder";"Totaal mannen en vrouwen";"OV-Studentenkaart: weekabonnement";"Totaal";"Waarde";"2022";"Nederland";2,63;37,25;86,02
"Populatie: 6 jaar of ouder";"Totaal mannen en vrouwen";"OV-Studentenkaart: weekabonnement";"Totaal";"Waarde";"2023";"Nederland";2,64;40,6;88,75
"Populatie: 6 jaar of ouder";"Totaal mannen en vrouwen";"OV-Studentenkaart: weekabonnement";"Totaal";"Waarde";"2024*";"Nederland";2,65;42,86;89,46
"Populatie: 6 jaar of ouder";"Totaal mannen en vrouwen";"OV-Studentenkaart: weekabonnement";"Personenauto (bestuurder)";"Waarde";"2018";"Nederland";0,47;7,82;12,19
"Populatie: 6 jaar of ouder";"Totaal mannen en vrouwen";"OV-Studentenkaart: weekabonnement";"Personenauto (bestuurder)";"Waarde";"2019";"Nederland";0,44;7,77;12,08
"Populatie: 6 jaar of ouder";"Totaal mannen en vrouwen";"OV-Studentenkaart: weekabonnement";"Personenauto (bestuurder)";"Waarde";"2020";"Nederland";0,4;6,35;9,76
"Populatie: 6 jaar of ouder";"Totaal mannen en vrouwen";"OV-Studentenkaart: weekabonnement";"Personenauto (bestuurder)";"Waarde";"2021";"Nederland";0,45;7,46;11,85
"Populatie: 6 jaar of ouder";"Totaal mannen en vrouwen";"OV-Studentenkaart: weekabonnement";"Personenauto (bestuurder)";"Waarde";"2022";"Nederland";0,44;8,06;11,85
"Populatie: 6 jaar of ouder";"Totaal mannen en vrouwen";"OV-Studentenkaart: weekabonnement";"Personenauto (bestuurder)";"Waarde";"2023";"Nederland";0,47;8,22;12,44
"Populatie: 6 jaar of ouder";"Totaal mannen en vrouwen";"OV-Studentenkaart: weekabonnement";"Personenauto (bestuurder)";"Waarde";"2024*";"Nederland";0,49;8,74;12,71
"Populatie: 6 jaar of ouder";"Totaal mannen en vrouwen";"OV-Studentenkaart: weekabonnement";"Personenauto  (passagier)";"Waarde";"2018";"Nederland";0,33;7,41;10,86
"Populatie: 6 jaar of ouder";"Totaal mannen en vrouwen";"OV-Studentenkaart: weekabonnement";"Personenauto  (passagier)";"Waarde";"2019";"Nederland";0,31;6,7;10,35
"Populatie: 6 jaar of ouder";"Totaal mannen en vrouwen";"OV-Studentenkaart: weekabonnement";"Personenauto  (passagier)";"Waarde";"2020";"Nederland";0,29;5,03;8,3
"Populatie: 6 jaar of ouder";"Totaal mannen en vrouwen";"OV-Studentenkaart: weekabonnement";"Personenauto  (passagier)";"Waarde";"2021";"Nederland";0,29;6,45;10,21
"Populatie: 6 jaar of ouder";"Totaal mannen en vrouwen";"OV-Studentenkaart: weekabonnement";"Personenauto  (passagier)";"Waarde";"2022";"Nederland";0,32;5,83;9,04
"Populatie: 6 jaar of ouder";"Totaal mannen en vrouwen";"OV-Studentenkaart: weekabonnement";"Personenauto  (passagier)";"Waarde";"2023";"Nederland";0,32;7,21;10,08
"Populatie: 6 jaar of ouder";"Totaal mannen en vrouwen";"OV-Studentenkaart: weekabonnement";"Personenauto  (passagier)";"Waarde";"2024*";"Nederland";0,33;8,41;10,52
"Populatie: 6 jaar of ouder";"Totaal mannen en vrouwen";"OV-Studentenkaart: weekabonnement";"Trein";"Waarde";"2018";"Nederland";0,41;19,05;31,22
"Populatie: 6 jaar of ouder";"Totaal mannen en vrouwen";"OV-Studentenkaart: weekabonnement";"Trein";"Waarde";"2019";"Nederland";0,43;19,37;31,84
"Populatie: 6 jaar of ouder";"Totaal mannen en vrouwen";"OV-Studentenkaart: weekabonnement";"Trein";"Waarde";"2020";"Nederland";0,18;8,64;14,14
"Populatie: 6 jaar of ouder";"Totaal mannen en vrouwen";"OV-Studentenkaart: weekabonnement";"Trein";"Waarde";"2021";"Nederland";0,23;10,35;18,3
"Populatie: 6 jaar of ouder";"Totaal mannen en vrouwen";"OV-Studentenkaart: weekabonnement";"Trein";"Waarde";"2022";"Nederland";0,3;13,47;23,79
"Populatie: 6 jaar of ouder";"Totaal mannen en vrouwen";"OV-Studentenkaart: weekabonnement";"Trein";"Waarde";"2023";"Nederland";0,36;15,66;28,19
"Populatie: 6 jaar of ouder";"Totaal mannen en vrouwen";"OV-Studentenkaart: weekabonnement";"Trein";"Waarde";"2024*";"Nederland";0,34;15,45;26,76
"Populatie: 6 jaar of ouder";"Totaal mannen en vrouwen";"OV-Studentenkaart: weekabonnement";"Fiets";"Waarde";"2018";"Nederland";0,72;2,85;12,47
"Populatie: 6 jaar of ouder";"Totaal mannen en vrouwen";"OV-Studentenkaart: weekabonnement";"Fiets";"Waarde";"2019";"Nederland";0,74;2,96;13,24
"Populatie: 6 jaar of ouder";"Totaal mannen en vrouwen";"OV-Studentenkaart: weekabonnement";"Fiets";"Waarde";"2020";"Nederland";0,64;2,31;11,8
"Populatie: 6 jaar of ouder";"Totaal mannen en vrouwen";"OV-Studentenkaart: weekabonnement";"Fiets";"Waarde";"2021";"Nederland";0,6;2,31;11,65
"Populatie: 6 jaar of ouder";"Totaal mannen en vrouwen";"OV-Studentenkaart: weekabonnement";"Fiets";"Waarde";"2022";"Nederland";0,7;2,6;13,44
"Populatie: 6 jaar of ouder";"Totaal mannen en vrouwen";"OV-Studentenkaart: weekabonnement";"Fiets";"Waarde";"2023";"Nederland";0,68;2,65;12,03
"Populatie: 6 jaar of ouder";"Totaal mannen en vrouwen";"OV-Studentenkaart: weekabonnement";"Fiets";"Waarde";"2024*";"Nederland";0,71;2,87;12,73
"Populatie: 6 jaar of ouder";"Totaal mannen en vrouwen";"OV-Studentenkaart: weekendabonnement";"Totaal";"Waarde";"2018";"Nederland";3,28;36,22;81,59
"Populatie: 6 jaar of ouder";"Totaal mannen en vrouwen";"OV-Studentenkaart: weekendabonnement";"Totaal";"Waarde";"2019";"Nederland";2,97;33,35;72,41
"Populatie: 6 jaar of ouder";"Totaal mannen en vrouwen";"OV-Studentenkaart: weekendabonnement";"Totaal";"Waarde";"2020";"Nederland";2,73;33,85;72,25
"Populatie: 6 jaar of ouder";"Totaal mannen en vrouwen";"OV-Studentenkaart: weekendabonnement";"Totaal";"Waarde";"2021";"Nederland";2,64;28,04;69,57
"Populatie: 6 jaar of ouder";"Totaal mannen en vrouwen";"OV-Studentenkaart: weekendabonnement";"Totaal";"Waarde";"2022";"Nederland";3,11;30,47;77,93
"Populatie: 6 jaar of ouder";"Totaal mannen en vrouwen";"OV-Studentenkaart: weekendabonnement";"Totaal";"Waarde";"2023";"Nederland";3,32;29,97;72,47
"Populatie: 6 jaar of ouder";"Totaal mannen en vrouwen";"OV-Studentenkaart: weekendabonnement";"Totaal";"Waarde";"2024*";"Nederland";3,36;44,79;89,02
"Populatie: 6 jaar of ouder";"Totaal mannen en vrouwen";"OV-Studentenkaart: weekendabonnement";"Personenauto (bestuurder)";"Waarde";"2018";"Nederland";;;
"Populatie: 6 jaar of ouder";"Totaal mannen en vrouwen";"OV-Studentenkaart: weekendabonnement";"Personenauto (bestuurder)";"Waarde";"2019";"Nederland";;;
"Populatie: 6 jaar of ouder";"Totaal mannen en vrouwen";"OV-Studentenkaart: weekendabonnement";"Personenauto (bestuurder)";"Waarde";"2020";"Nederland";;;
"Populatie: 6 jaar of ouder";"Totaal mannen en vrouwen";"OV-Studentenkaart: weekendabonnement";"Personenauto (bestuurder)";"Waarde";"2021";"Nederland";;;
"Populatie: 6 jaar of ouder";"Totaal mannen en vrouwen";"OV-Studentenkaart: weekendabonnement";"Personenauto (bestuurder)";"Waarde";"2022";"Nederland";;;
"Populatie: 6 jaar of ouder";"Totaal mannen en vrouwen";"OV-Studentenkaart: weekendabonnement";"Personenauto (bestuurder)";"Waarde";"2023";"Nederland";;;
"Populatie: 6 jaar of ouder";"Totaal mannen en vrouwen";"OV-Studentenkaart: weekendabonnement";"Personenauto (bestuurder)";"Waarde";"2024*";"Nederland";;;
"Populatie: 6 jaar of ouder";"Totaal mannen en vrouwen";"OV-Studentenkaart: weekendabonnement";"Personenauto  (passagier)";"Waarde";"2018";"Nederland";;;
"Populatie: 6 jaar of ouder";"Totaal mannen en vrouwen";"OV-Studentenkaart: weekendabonnement";"Personenauto  (passagier)";"Waarde";"2019";"Nederland";;;
"Populatie: 6 jaar of ouder";"Totaal mannen en vrouwen";"OV-Studentenkaart: weekendabonnement";"Personenauto  (passagier)";"Waarde";"2020";"Nederland";;;
"Populatie: 6 jaar of ouder";"Totaal mannen en vrouwen";"OV-Studentenkaart: weekendabonnement";"Personenauto  (passagier)";"Waarde";"2021";"Nederland";;;
"Populatie: 6 jaar of ouder";"Totaal mannen en vrouwen";"OV-Studentenkaart: weekendabonnement";"Personenauto  (passagier)";"Waarde";"2022";"Nederland";;;
"Populatie: 6 jaar of ouder";"Totaal mannen en vrouwen";"OV-Studentenkaart: weekendabonnement";"Personenauto  (passagier)";"Waarde";"2023";"Nederland";;;
"Populatie: 6 jaar of ouder";"Totaal mannen en vrouwen";"OV-Studentenkaart: weekendabonnement";"Personenauto  (passagier)";"Waarde";"2024*";"Nederland";;;
"Populatie: 6 jaar of ouder";"Totaal mannen en vrouwen";"OV-Studentenkaart: weekendabonnement";"Trein";"Waarde";"2018";"Nederland";;;
"Populatie: 6 jaar of ouder";"Totaal mannen en vrouwen";"OV-Studentenkaart: weekendabonnement";"Trein";"Waarde";"2019";"Nederland";0,18;;19,55
"Populatie: 6 jaar of ouder";"Totaal mannen en vrouwen";"OV-Studentenkaart: weekendabonnement";"Trein";"Waarde";"2020";"Nederland";;;
"Populatie: 6 jaar of ouder";"Totaal mannen en vrouwen";"OV-Studentenkaart: weekendabonnement";"Trein";"Waarde";"2021";"Nederland";;;
"Populatie: 6 jaar of ouder";"Totaal mannen en vrouwen";"OV-Studentenkaart: weekendabonnement";"Trein";"Waarde";"2022";"Nederland";;;
"Populatie: 6 jaar of ouder";"Totaal mannen en vrouwen";"OV-Studentenkaart: weekendabonnement";"Trein";"Waarde";"2023";"Nederland";;;
"Populatie: 6 jaar of ouder";"Totaal mannen en vrouwen";"OV-Studentenkaart: weekendabonnement";"Trein";"Waarde";"2024*";"Nederland";0,23;20,36;25,77
"Populatie: 6 jaar of ouder";"Totaal mannen en vrouwen";"OV-Studentenkaart: weekendabonnement";"Fiets";"Waarde";"2018";"Nederland";2,03;5,88;30,47
"Populatie: 6 jaar of ouder";"Totaal mannen en vrouwen";"OV-Studentenkaart: weekendabonnement";"Fiets";"Waarde";"2019";"Nederland";1,96;5,02;25,94
"Populatie: 6 jaar of ouder";"Totaal mannen en vrouwen";"OV-Studentenkaart: weekendabonnement";"Fiets";"Waarde";"2020";"Nederland";1,31;4,08;21,34
"Populatie: 6 jaar of ouder";"Totaal mannen en vrouwen";"OV-Studentenkaart: weekendabonnement";"Fiets";"Waarde";"2021";"Nederland";1,41;3,94;20,56
"Populatie: 6 jaar of ouder";"Totaal mannen en vrouwen";"OV-Studentenkaart: weekendabonnement";"Fiets";"Waarde";"2022";"Nederland";1,72;4,32;24,12
"Populatie: 6 jaar of ouder";"Totaal mannen en vrouwen";"OV-Studentenkaart: weekendabonnement";"Fiets";"Waarde";"2023";"Nederland";1,77;5,1;28,31
"Populatie: 6 jaar of ouder";"Totaal mannen en vrouwen";"OV-Studentenkaart: weekendabonnement";"Fiets";"Waarde";"2024*";"Nederland";1,7;5,52;25,98
"Populatie: 6 jaar of ouder";"Totaal mannen en vrouwen";"OV-Studentenkaart: geen";"Totaal";"Waarde";"2018";"Nederland";2,78;35,72;73,68
"Populatie: 6 jaar of ouder";"Totaal mannen en vrouwen";"OV-Studentenkaart: geen";"Totaal";"Waarde";"2019";"Nederland";2,71;35,56;73,54
"Populatie: 6 jaar of ouder";"Totaal mannen en vrouwen";"OV-Studentenkaart: geen";"Totaal";"Waarde";"2020";"Nederland";2,36;24,76;61,9
"Populatie: 6 jaar of ouder";"Totaal mannen en vrouwen";"OV-Studentenkaart: geen";"Totaal";"Waarde";"2021";"Nederland";2,51;26,99;69,43
"Populatie: 6 jaar of ouder";"Totaal mannen en vrouwen";"OV-Studentenkaart: geen";"Totaal";"Waarde";"2022";"Nederland";2,7;29,86;72,02
"Populatie: 6 jaar of ouder";"Totaal mannen en vrouwen";"OV-Studentenkaart: geen";"Totaal";"Waarde";"2023";"Nederland";2,72;31,59;72,82
"Populatie: 6 jaar of ouder";"Totaal mannen en vrouwen";"OV-Studentenkaart: geen";"Totaal";"Waarde";"2024*";"Nederland";2,71;31,84;73,5
"Populatie: 6 jaar of ouder";"Totaal mannen en vrouwen";"OV-Studentenkaart: geen";"Personenauto (bestuurder)";"Waarde";"2018";"Nederland";0,98;18,68;25,15
"Populatie: 6 jaar of ouder";"Totaal mannen en vrouwen";"OV-Studentenkaart: geen";"Personenauto (bestuurder)";"Waarde";"2019";"Nederland";0,97;18,54;25,15
"Populatie: 6 jaar of ouder";"Totaal mannen en vrouwen";"OV-Studentenkaart: geen";"Personenauto (bestuurder)";"Waarde";"2020";"Nederland";0,83;13,47;19,08
"Populatie: 6 jaar of ouder";"Totaal mannen en vrouwen";"OV-Studentenkaart: geen";"Personenauto (bestuurder)";"Waarde";"2021";"Nederland";0,84;14,42;20,46
"Populatie: 6 jaar of ouder";"Totaal mannen en vrouwen";"OV-Studentenkaart: geen";"Personenauto (bestuurder)";"Waarde";"2022";"Nederland";0,89;15,52;21,96
"Populatie: 6 jaar of ouder";"Totaal mannen en vrouwen";"OV-Studentenkaart: geen";"Personenauto (bestuurder)";"Waarde";"2023";"Nederland";0,93;16,51;23,23
"Populatie: 6 jaar of ouder";"Totaal mannen en vrouwen";"OV-Studentenkaart: geen";"Personenauto (bestuurder)";"Waarde";"2024*";"Nederland";0,92;16,69;23,55
"Populatie: 6 jaar of ouder";"Totaal mannen en vrouwen";"OV-Studentenkaart: geen";"Personenauto  (passagier)";"Waarde";"2018";"Nederland";0,32;6,62;9,2
"Populatie: 6 jaar of ouder";"Totaal mannen en vrouwen";"OV-Studentenkaart: geen";"Personenauto  (passagier)";"Waarde";"2019";"Nederland";0,31;6,66;9,35
"Populatie: 6 jaar of ouder";"Totaal mannen en vrouwen";"OV-Studentenkaart: geen";"Personenauto  (passagier)";"Waarde";"2020";"Nederland";0,24;4,33;6,58
"Populatie: 6 jaar of ouder";"Totaal mannen en vrouwen";"OV-Studentenkaart: geen";"Personenauto  (passagier)";"Waarde";"2021";"Nederland";0,26;5,04;7,71
"Populatie: 6 jaar of ouder";"Totaal mannen en vrouwen";"OV-Studentenkaart: geen";"Personenauto  (passagier)";"Waarde";"2022";"Nederland";0,28;5,45;8,08
"Populatie: 6 jaar of ouder";"Totaal mannen en vrouwen";"OV-Studentenkaart: geen";"Personenauto  (passagier)";"Waarde";"2023";"Nederland";0,3;5,99;8,68
"Populatie: 6 jaar of ouder";"Totaal mannen en vrouwen";"OV-Studentenkaart: geen";"Personenauto  (passagier)";"Waarde";"2024*";"Nederland";0,29;5,83;8,65
"Populatie: 6 jaar of ouder";"Totaal mannen en vrouwen";"OV-Studentenkaart: geen";"Trein";"Waarde";"2018";"Nederland";0,06;3,16;4,92
"Populatie: 6 jaar of ouder";"Totaal mannen en vrouwen";"OV-Studentenkaart: geen";"Trein";"Waarde";"2019";"Nederland";0,07;3,35;5,19
"Populatie: 6 jaar of ouder";"Totaal mannen en vrouwen";"OV-Studentenkaart: geen";"Trein";"Waarde";"2020";"Nederland";0,03;1,24;1,95
"Populatie: 6 jaar of ouder";"Totaal mannen en vrouwen";"OV-Studentenkaart: geen";"Trein";"Waarde";"2021";"Nederland";0,02;1,2;1,95
"Populatie: 6 jaar of ouder";"Totaal mannen en vrouwen";"OV-Studentenkaart: geen";"Trein";"Waarde";"2022";"Nederland";0,04;2,04;3,22
"Populatie: 6 jaar of ouder";"Totaal mannen en vrouwen";"OV-Studentenkaart: geen";"Trein";"Waarde";"2023";"Nederland";0,05;2,67;4,23
"Populatie: 6 jaar of ouder";"Totaal mannen en vrouwen";"OV-Studentenkaart: geen";"Trein";"Waarde";"2024*";"Nederland";0,05;2,7;4,31
"Populatie: 6 jaar of ouder";"Totaal mannen en vrouwen";"OV-Studentenkaart: geen";"Fiets";"Waarde";"2018";"Nederland";0,79;3,17;16,59
"Populatie: 6 jaar of ouder";"Totaal mannen en vrouwen";"OV-Studentenkaart: geen";"Fiets";"Waarde";"2019";"Nederland";0,75;3;16,36
"Populatie: 6 jaar of ouder";"Totaal mannen en vrouwen";"OV-Studentenkaart: geen";"Fiets";"Waarde";"2020";"Nederland";0,62;2,62;14,86
"Populatie: 6 jaar of ouder";"Totaal mannen en vrouwen";"OV-Studentenkaart: geen";"Fiets";"Waarde";"2021";"Nederland";0,64;2,7;15,33
"Populatie: 6 jaar of ouder";"Totaal mannen en vrouwen";"OV-Studentenkaart: geen";"Fiets";"Waarde";"2022";"Nederland";0,75;3,05;16,86
"Populatie: 6 jaar of ouder";"Totaal mannen en vrouwen";"OV-Studentenkaart: geen";"Fiets";"Waarde";"2023";"Nederland";0,73;2,92;15,93
"Populatie: 6 jaar of ouder";"Totaal mannen en vrouwen";"OV-Studentenkaart: geen";"Fiets";"Waarde";"2024*";"Nederland";0,75;3,04;16,42
"Populatie: 6 jaar of ouder";"Totaal mannen en vrouwen";"Onderwijsniveau: 1 Laag";"Totaal";"Waarde";"2018";"Nederland";2,24;24,7;61,26
"Populatie: 6 jaar of ouder";"Totaal mannen en vrouwen";"Onderwijsniveau: 1 Laag";"Totaal";"Waarde";"2019";"Nederland";2,16;24,46;59,69
"Populatie: 6 jaar of ouder";"Totaal mannen en vrouwen";"Onderwijsniveau: 1 Laag";"Totaal";"Waarde";"2020";"Nederland";1,85;16,88;49,82
"Populatie: 6 jaar of ouder";"Totaal mannen en vrouwen";"Onderwijsniveau: 1 Laag";"Totaal";"Waarde";"2021";"Nederland";2,09;20,43;59,19
"Populatie: 6 jaar of ouder";"Totaal mannen en vrouwen";"Onderwijsniveau: 1 Laag";"Totaal";"Waarde";"2022";"Nederland";2,23;22,2;62,73
"Populatie: 6 jaar of ouder";"Totaal mannen en vrouwen";"Onderwijsniveau: 1 Laag";"Totaal";"Waarde";"2023";"Nederland";2,23;22,18;61,8
"Populatie: 6 jaar of ouder";"Totaal mannen en vrouwen";"Onderwijsniveau: 1 Laag";"Totaal";"Waarde";"2024*";"Nederland";2,18;22,02;60,14
"Populatie: 6 jaar of ouder";"Totaal mannen en vrouwen";"Onderwijsniveau: 1 Laag";"Personenauto (bestuurder)";"Waarde";"2018";"Nederland";0,65;9,58;15,17
"Populatie: 6 jaar of ouder";"Totaal mannen en vrouwen";"Onderwijsniveau: 1 Laag";"Personenauto (bestuurder)";"Waarde";"2019";"Nederland";0,63;9,56;15,36
"Populatie: 6 jaar of ouder";"Totaal mannen en vrouwen";"Onderwijsniveau: 1 Laag";"Personenauto (bestuurder)";"Waarde";"2020";"Nederland";0,55;7,48;12,03
"Populatie: 6 jaar of ouder";"Totaal mannen en vrouwen";"Onderwijsniveau: 1 Laag";"Personenauto (bestuurder)";"Waarde";"2021";"Nederland";0,58;8,47;13,44
"Populatie: 6 jaar of ouder";"Totaal mannen en vrouwen";"Onderwijsniveau: 1 Laag";"Personenauto (bestuurder)";"Waarde";"2022";"Nederland";0,59;8,48;13,69
"Populatie: 6 jaar of ouder";"Totaal mannen en vrouwen";"Onderwijsniveau: 1 Laag";"Personenauto (bestuurder)";"Waarde";"2023";"Nederland";0,65;9,44;15,22
"Populatie: 6 jaar of ouder";"Totaal mannen en vrouwen";"Onderwijsniveau: 1 Laag";"Personenauto (bestuurder)";"Waarde";"2024*";"Nederland";0,62;8,7;14,17
"Populatie: 6 jaar of ouder";"Totaal mannen en vrouwen";"Onderwijsniveau: 1 Laag";"Personenauto  (passagier)";"Waarde";"2018";"Nederland";0,29;5,86;8,54
"Populatie: 6 jaar of ouder";"Totaal mannen en vrouwen";"Onderwijsniveau: 1 Laag";"Personenauto  (passagier)";"Waarde";"2019";"Nederland";0,28;5,91;8,55
"Populatie: 6 jaar of ouder";"Totaal mannen en vrouwen";"Onderwijsniveau: 1 Laag";"Personenauto  (passagier)";"Waarde";"2020";"Nederland";0,21;3,29;5,54
"Populatie: 6 jaar of ouder";"Totaal mannen en vrouwen";"Onderwijsniveau: 1 Laag";"Personenauto  (passagier)";"Waarde";"2021";"Nederland";0,24;4,29;7,17
"Populatie: 6 jaar of ouder";"Totaal mannen en vrouwen";"Onderwijsniveau: 1 Laag";"Personenauto  (passagier)";"Waarde";"2022";"Nederland";0,26;4,81;7,57
"Populatie: 6 jaar of ouder";"Totaal mannen en vrouwen";"Onderwijsniveau: 1 Laag";"Personenauto  (passagier)";"Waarde";"2023";"Nederland";0,27;5,06;7,86
"Populatie: 6 jaar of ouder";"Totaal mannen en vrouwen";"Onderwijsniveau: 1 Laag";"Personenauto  (passagier)";"Waarde";"2024*";"Nederland";0,28;5,23;8,13
"Populatie: 6 jaar of ouder";"Totaal mannen en vrouwen";"Onderwijsniveau: 1 Laag";"Trein";"Waarde";"2018";"Nederland";0,04;1,48;2,6
"Populatie: 6 jaar of ouder";"Totaal mannen en vrouwen";"Onderwijsniveau: 1 Laag";"Trein";"Waarde";"2019";"Nederland";0,03;1,62;2,76
"Populatie: 6 jaar of ouder";"Totaal mannen en vrouwen";"Onderwijsniveau: 1 Laag";"Trein";"Waarde";"2020";"Nederland";0,01;0,64;1,09
"Populatie: 6 jaar of ouder";"Totaal mannen en vrouwen";"Onderwijsniveau: 1 Laag";"Trein";"Waarde";"2021";"Nederland";0,02;0,79;1,38
"Populatie: 6 jaar of ouder";"Totaal mannen en vrouwen";"Onderwijsniveau: 1 Laag";"Trein";"Waarde";"2022";"Nederland";0,03;1,13;2,05
"Populatie: 6 jaar of ouder";"Totaal mannen en vrouwen";"Onderwijsniveau: 1 Laag";"Trein";"Waarde";"2023";"Nederland";0,03;1,09;2,18
"Populatie: 6 jaar of ouder";"Totaal mannen en vrouwen";"Onderwijsniveau: 1 Laag";"Trein";"Waarde";"2024*";"Nederland";0,03;1,16;2,16
"Populatie: 6 jaar of ouder";"Totaal mannen en vrouwen";"Onderwijsniveau: 1 Laag";"Fiets";"Waarde";"2018";"Nederland";0,66;3,01;16,32
"Populatie: 6 jaar of ouder";"Totaal mannen en vrouwen";"Onderwijsniveau: 1 Laag";"Fiets";"Waarde";"2019";"Nederland";0,62;2,74;15,22
"Populatie: 6 jaar of ouder";"Totaal mannen en vrouwen";"Onderwijsniveau: 1 Laag";"Fiets";"Waarde";"2020";"Nederland";0,53;2,53;14,5
"Populatie: 6 jaar of ouder";"Totaal mannen en vrouwen";"Onderwijsniveau: 1 Laag";"Fiets";"Waarde";"2021";"Nederland";0,58;2,77;15,09
"Populatie: 6 jaar of ouder";"Totaal mannen en vrouwen";"Onderwijsniveau: 1 Laag";"Fiets";"Waarde";"2022";"Nederland";0,66;3,2;17,76
"Populatie: 6 jaar of ouder";"Totaal mannen en vrouwen";"Onderwijsniveau: 1 Laag";"Fiets";"Waarde";"2023";"Nederland";0,62;2,92;15,79
"Populatie: 6 jaar of ouder";"Totaal mannen en vrouwen";"Onderwijsniveau: 1 Laag";"Fiets";"Waarde";"2024*";"Nederland";0,64;2,87;15,96
"Populatie: 6 jaar of ouder";"Totaal mannen en vrouwen";"Onderwijsniveau: 2 Middelbaar";"Totaal";"Waarde";"2018";"Nederland";2,91;39,78;77,9
"Populatie: 6 jaar of ouder";"Totaal mannen en vrouwen";"Onderwijsniveau: 2 Middelbaar";"Totaal";"Waarde";"2019";"Nederland";2,85;38,75;77,14
"Populatie: 6 jaar of ouder";"Totaal mannen en vrouwen";"Onderwijsniveau: 2 Middelbaar";"Totaal";"Waarde";"2020";"Nederland";2,52;27,99;64,5
"Populatie: 6 jaar of ouder";"Totaal mannen en vrouwen";"Onderwijsniveau: 2 Middelbaar";"Totaal";"Waarde";"2021";"Nederland";2,64;30,68;71,9
"Populatie: 6 jaar of ouder";"Totaal mannen en vrouwen";"Onderwijsniveau: 2 Middelbaar";"Totaal";"Waarde";"2022";"Nederland";2,83;32,58;74,93
"Populatie: 6 jaar of ouder";"Totaal mannen en vrouwen";"Onderwijsniveau: 2 Middelbaar";"Totaal";"Waarde";"2023";"Nederland";2,82;34,12;75,27
"Populatie: 6 jaar of ouder";"Totaal mannen en vrouwen";"Onderwijsniveau: 2 Middelbaar";"Totaal";"Waarde";"2024*";"Nederland";2,77;35,64;75,34
"Populatie: 6 jaar of ouder";"Totaal mannen en vrouwen";"Onderwijsniveau: 2 Middelbaar";"Personenauto (bestuurder)";"Waarde";"2018";"Nederland";1,22;21,38;29,45
"Populatie: 6 jaar of ouder";"Totaal mannen en vrouwen";"Onderwijsniveau: 2 Middelbaar";"Personenauto (bestuurder)";"Waarde";"2019";"Nederland";1,22;20,38;28,97
"Populatie: 6 jaar of ouder";"Totaal mannen en vrouwen";"Onderwijsniveau: 2 Middelbaar";"Personenauto (bestuurder)";"Waarde";"2020";"Nederland";1,06;15,86;23,24
"Populatie: 6 jaar of ouder";"Totaal mannen en vrouwen";"Onderwijsniveau: 2 Middelbaar";"Personenauto (bestuurder)";"Waarde";"2021";"Nederland";1,06;17,01;24,63
"Populatie: 6 jaar of ouder";"Totaal mannen en vrouwen";"Onderwijsniveau: 2 Middelbaar";"Personenauto (bestuurder)";"Waarde";"2022";"Nederland";1,11;17,2;25,7
"Populatie: 6 jaar of ouder";"Totaal mannen en vrouwen";"Onderwijsniveau: 2 Middelbaar";"Personenauto (bestuurder)";"Waarde";"2023";"Nederland";1,14;18,33;26,96
"Populatie: 6 jaar of ouder";"Totaal mannen en vrouwen";"Onderwijsniveau: 2 Middelbaar";"Personenauto (bestuurder)";"Waarde";"2024*";"Nederland";1,13;19,39;27,65
"Populatie: 6 jaar of ouder";"Totaal mannen en vrouwen";"Onderwijsniveau: 2 Middelbaar";"Personenauto  (passagier)";"Waarde";"2018";"Nederland";0,27;5,96;8,36
"Populatie: 6 jaar of ouder";"Totaal mannen en vrouwen";"Onderwijsniveau: 2 Middelbaar";"Personenauto  (passagier)";"Waarde";"2019";"Nederland";0,25;5,88;8,33
"Populatie: 6 jaar of ouder";"Totaal mannen en vrouwen";"Onderwijsniveau: 2 Middelbaar";"Personenauto  (passagier)";"Waarde";"2020";"Nederland";0,2;3,92;5,81
"Populatie: 6 jaar of ouder";"Totaal mannen en vrouwen";"Onderwijsniveau: 2 Middelbaar";"Personenauto  (passagier)";"Waarde";"2021";"Nederland";0,21;4,59;6,95
"Populatie: 6 jaar of ouder";"Totaal mannen en vrouwen";"Onderwijsniveau: 2 Middelbaar";"Personenauto  (passagier)";"Waarde";"2022";"Nederland";0,23;4,83;7,02
"Populatie: 6 jaar of ouder";"Totaal mannen en vrouwen";"Onderwijsniveau: 2 Middelbaar";"Personenauto  (passagier)";"Waarde";"2023";"Nederland";0,27;5,49;7,93
"Populatie: 6 jaar of ouder";"Totaal mannen en vrouwen";"Onderwijsniveau: 2 Middelbaar";"Personenauto  (passagier)";"Waarde";"2024*";"Nederland";0,25;5,51;7,66
"Populatie: 6 jaar of ouder";"Totaal mannen en vrouwen";"Onderwijsniveau: 2 Middelbaar";"Trein";"Waarde";"2018";"Nederland";0,08;3,88;6,11
"Populatie: 6 jaar of ouder";"Totaal mannen en vrouwen";"Onderwijsniveau: 2 Middelbaar";"Trein";"Waarde";"2019";"Nederland";0,08;4,17;6,67
"Populatie: 6 jaar of ouder";"Totaal mannen en vrouwen";"Onderwijsniveau: 2 Middelbaar";"Trein";"Waarde";"2020";"Nederland";0,04;1,77;2,86
"Populatie: 6 jaar of ouder";"Totaal mannen en vrouwen";"Onderwijsniveau: 2 Middelbaar";"Trein";"Waarde";"2021";"Nederland";0,04;1,99;3,36
"Populatie: 6 jaar of ouder";"Totaal mannen en vrouwen";"Onderwijsniveau: 2 Middelbaar";"Trein";"Waarde";"2022";"Nederland";0,06;2,78;4,84
"Populatie: 6 jaar of ouder";"Totaal mannen en vrouwen";"Onderwijsniveau: 2 Middelbaar";"Trein";"Waarde";"2023";"Nederland";0,07;3,11;5,34
"Populatie: 6 jaar of ouder";"Totaal mannen en vrouwen";"Onderwijsniveau: 2 Middelbaar";"Trein";"Waarde";"2024*";"Nederland";0,06;2,99;5,21
"Populatie: 6 jaar of ouder";"Totaal mannen en vrouwen";"Onderwijsniveau: 2 Middelbaar";"Fiets";"Waarde";"2018";"Nederland";0,68;2,83;14,1
"Populatie: 6 jaar of ouder";"Totaal mannen en vrouwen";"Onderwijsniveau: 2 Middelbaar";"Fiets";"Waarde";"2019";"Nederland";0,68;2,74;14,1
"Populatie: 6 jaar of ouder";"Totaal mannen en vrouwen";"Onderwijsniveau: 2 Middelbaar";"Fiets";"Waarde";"2020";"Nederland";0,55;2,38;12,57
"Populatie: 6 jaar of ouder";"Totaal mannen en vrouwen";"Onderwijsniveau: 2 Middelbaar";"Fiets";"Waarde";"2021";"Nederland";0,56;2,35;12,9
"Populatie: 6 jaar of ouder";"Totaal mannen en vrouwen";"Onderwijsniveau: 2 Middelbaar";"Fiets";"Waarde";"2022";"Nederland";0,65;2,67;14,01
"Populatie: 6 jaar of ouder";"Totaal mannen en vrouwen";"Onderwijsniveau: 2 Middelbaar";"Fiets";"Waarde";"2023";"Nederland";0,62;2,53;13,12
"Populatie: 6 jaar of ouder";"Totaal mannen en vrouwen";"Onderwijsniveau: 2 Middelbaar";"Fiets";"Waarde";"2024*";"Nederland";0,63;2,75;13,91
"Populatie: 6 jaar of ouder";"Totaal mannen en vrouwen";"Onderwijsniveau: 3 Hoog";"Totaal";"Waarde";"2018";"Nederland";3,1;48,94;88,06
"Populatie: 6 jaar of ouder";"Totaal mannen en vrouwen";"Onderwijsniveau: 3 Hoog";"Totaal";"Waarde";"2019";"Nederland";3,02;49,23;88,7
"Populatie: 6 jaar of ouder";"Totaal mannen en vrouwen";"Onderwijsniveau: 3 Hoog";"Totaal";"Waarde";"2020";"Nederland";2,65;32,06;71,56
"Populatie: 6 jaar of ouder";"Totaal mannen en vrouwen";"Onderwijsniveau: 3 Hoog";"Totaal";"Waarde";"2021";"Nederland";2,72;33,11;77,23
"Populatie: 6 jaar of ouder";"Totaal mannen en vrouwen";"Onderwijsniveau: 3 Hoog";"Totaal";"Waarde";"2022";"Nederland";2,95;38,22;81,15
"Populatie: 6 jaar of ouder";"Totaal mannen en vrouwen";"Onderwijsniveau: 3 Hoog";"Totaal";"Waarde";"2023";"Nederland";3,01;41,07;83,19
"Populatie: 6 jaar of ouder";"Totaal mannen en vrouwen";"Onderwijsniveau: 3 Hoog";"Totaal";"Waarde";"2024*";"Nederland";3,03;40,87;85,24
"Populatie: 6 jaar of ouder";"Totaal mannen en vrouwen";"Onderwijsniveau: 3 Hoog";"Personenauto (bestuurder)";"Waarde";"2018";"Nederland";1,33;28,79;36,57
"Populatie: 6 jaar of ouder";"Totaal mannen en vrouwen";"Onderwijsniveau: 3 Hoog";"Personenauto (bestuurder)";"Waarde";"2019";"Nederland";1,3;29,15;36,71
"Populatie: 6 jaar of ouder";"Totaal mannen en vrouwen";"Onderwijsniveau: 3 Hoog";"Personenauto (bestuurder)";"Waarde";"2020";"Nederland";1,06;19,43;25,85
"Populatie: 6 jaar of ouder";"Totaal mannen en vrouwen";"Onderwijsniveau: 3 Hoog";"Personenauto (bestuurder)";"Waarde";"2021";"Nederland";1,07;19,98;27,02
"Populatie: 6 jaar of ouder";"Totaal mannen en vrouwen";"Onderwijsniveau: 3 Hoog";"Personenauto (bestuurder)";"Waarde";"2022";"Nederland";1,14;22,66;29,9
"Populatie: 6 jaar of ouder";"Totaal mannen en vrouwen";"Onderwijsniveau: 3 Hoog";"Personenauto (bestuurder)";"Waarde";"2023";"Nederland";1,19;23,7;31,21
"Populatie: 6 jaar of ouder";"Totaal mannen en vrouwen";"Onderwijsniveau: 3 Hoog";"Personenauto (bestuurder)";"Waarde";"2024*";"Nederland";1,18;23,65;31,92
"Populatie: 6 jaar of ouder";"Totaal mannen en vrouwen";"Onderwijsniveau: 3 Hoog";"Personenauto  (passagier)";"Waarde";"2018";"Nederland";0,23;6,34;7,76
"Populatie: 6 jaar of ouder";"Totaal mannen en vrouwen";"Onderwijsniveau: 3 Hoog";"Personenauto  (passagier)";"Waarde";"2019";"Nederland";0,22;6,32;7,91
"Populatie: 6 jaar of ouder";"Totaal mannen en vrouwen";"Onderwijsniveau: 3 Hoog";"Personenauto  (passagier)";"Waarde";"2020";"Nederland";0,18;4,21;5,85
"Populatie: 6 jaar of ouder";"Totaal mannen en vrouwen";"Onderwijsniveau: 3 Hoog";"Personenauto  (passagier)";"Waarde";"2021";"Nederland";0,18;4,68;6,4
"Populatie: 6 jaar of ouder";"Totaal mannen en vrouwen";"Onderwijsniveau: 3 Hoog";"Personenauto  (passagier)";"Waarde";"2022";"Nederland";0,21;5,23;7,02
"Populatie: 6 jaar of ouder";"Totaal mannen en vrouwen";"Onderwijsniveau: 3 Hoog";"Personenauto  (passagier)";"Waarde";"2023";"Nederland";0,22;5,72;7,41
"Populatie: 6 jaar of ouder";"Totaal mannen en vrouwen";"Onderwijsniveau: 3 Hoog";"Personenauto  (passagier)";"Waarde";"2024*";"Nederland";0,21;5,41;7,36
"Populatie: 6 jaar of ouder";"Totaal mannen en vrouwen";"Onderwijsniveau: 3 Hoog";"Trein";"Waarde";"2018";"Nederland";0,13;6,86;10,61
"Populatie: 6 jaar of ouder";"Totaal mannen en vrouwen";"Onderwijsniveau: 3 Hoog";"Trein";"Waarde";"2019";"Nederland";0,14;6,95;10,6
"Populatie: 6 jaar of ouder";"Totaal mannen en vrouwen";"Onderwijsniveau: 3 Hoog";"Trein";"Waarde";"2020";"Nederland";0,05;2,56;3,87
"Populatie: 6 jaar of ouder";"Totaal mannen en vrouwen";"Onderwijsniveau: 3 Hoog";"Trein";"Waarde";"2021";"Nederland";0,05;2,47;3,97
"Populatie: 6 jaar of ouder";"Totaal mannen en vrouwen";"Onderwijsniveau: 3 Hoog";"Trein";"Waarde";"2022";"Nederland";0,07;3,98;6,01
"Populatie: 6 jaar of ouder";"Totaal mannen en vrouwen";"Onderwijsniveau: 3 Hoog";"Trein";"Waarde";"2023";"Nederland";0,1;5,31;8,07
"Populatie: 6 jaar of ouder";"Totaal mannen en vrouwen";"Onderwijsniveau: 3 Hoog";"Trein";"Waarde";"2024*";"Nederland";0,11;5,51;8,46
"Populatie: 6 jaar of ouder";"Totaal mannen en vrouwen";"Onderwijsniveau: 3 Hoog";"Fiets";"Waarde";"2018";"Nederland";0,82;3,42;16,29
"Populatie: 6 jaar of ouder";"Totaal mannen en vrouwen";"Onderwijsniveau: 3 Hoog";"Fiets";"Waarde";"2019";"Nederland";0,76;3,29;16,18
"Populatie: 6 jaar of ouder";"Totaal mannen en vrouwen";"Onderwijsniveau: 3 Hoog";"Fiets";"Waarde";"2020";"Nederland";0,66;2,84;15,02
"Populatie: 6 jaar of ouder";"Totaal mannen en vrouwen";"Onderwijsniveau: 3 Hoog";"Fiets";"Waarde";"2021";"Nederland";0,63;2,79;14,52
"Populatie: 6 jaar of ouder";"Totaal mannen en vrouwen";"Onderwijsniveau: 3 Hoog";"Fiets";"Waarde";"2022";"Nederland";0,76;3,12;15,98
"Populatie: 6 jaar of ouder";"Totaal mannen en vrouwen";"Onderwijsniveau: 3 Hoog";"Fiets";"Waarde";"2023";"Nederland";0,76;3,06;15,43
"Populatie: 6 jaar of ouder";"Totaal mannen en vrouwen";"Onderwijsniveau: 3 Hoog";"Fiets";"Waarde";"2024*";"Nederland";0,78;3,19;15,82
"Populatie: 6 jaar of ouder";"Totaal mannen en vrouwen";"Participatie: werkzaam: 12 tot 30 uur pw";"Totaal";"Waarde";"2018";"Nederland";3,35;37,64;78,6
"Populatie: 6 jaar of ouder";"Totaal mannen en vrouwen";"Participatie: werkzaam: 12 tot 30 uur pw";"Totaal";"Waarde";"2019";"Nederland";3,29;35,75;77,1
"Populatie: 6 jaar of ouder";"Totaal mannen en vrouwen";"Participatie: werkzaam: 12 tot 30 uur pw";"Totaal";"Waarde";"2020";"Nederland";2,91;26,51;67,41
"Populatie: 6 jaar of ouder";"Totaal mannen en vrouwen";"Participatie: werkzaam: 12 tot 30 uur pw";"Totaal";"Waarde";"2021";"Nederland";3,06;29,05;75,28
"Populatie: 6 jaar of ouder";"Totaal mannen en vrouwen";"Participatie: werkzaam: 12 tot 30 uur pw";"Totaal";"Waarde";"2022";"Nederland";3,25;31,41;77,65
"Populatie: 6 jaar of ouder";"Totaal mannen en vrouwen";"Participatie: werkzaam: 12 tot 30 uur pw";"Totaal";"Waarde";"2023";"Nederland";3,24;32,21;76,08
"Populatie: 6 jaar of ouder";"Totaal mannen en vrouwen";"Participatie: werkzaam: 12 tot 30 uur pw";"Totaal";"Waarde";"2024*";"Nederland";3,29;33,81;78,07
"Populatie: 6 jaar of ouder";"Totaal mannen en vrouwen";"Participatie: werkzaam: 12 tot 30 uur pw";"Personenauto (bestuurder)";"Waarde";"2018";"Nederland";1,36;19,37;28,93
"Populatie: 6 jaar of ouder";"Totaal mannen en vrouwen";"Participatie: werkzaam: 12 tot 30 uur pw";"Personenauto (bestuurder)";"Waarde";"2019";"Nederland";1,35;18,22;27,73
"Populatie: 6 jaar of ouder";"Totaal mannen en vrouwen";"Participatie: werkzaam: 12 tot 30 uur pw";"Personenauto (bestuurder)";"Waarde";"2020";"Nederland";1,2;14,7;23,46
"Populatie: 6 jaar of ouder";"Totaal mannen en vrouwen";"Participatie: werkzaam: 12 tot 30 uur pw";"Personenauto (bestuurder)";"Waarde";"2021";"Nederland";1,18;15,3;24,62
"Populatie: 6 jaar of ouder";"Totaal mannen en vrouwen";"Participatie: werkzaam: 12 tot 30 uur pw";"Personenauto (bestuurder)";"Waarde";"2022";"Nederland";1,2;16,01;24,99
"Populatie: 6 jaar of ouder";"Totaal mannen en vrouwen";"Participatie: werkzaam: 12 tot 30 uur pw";"Personenauto (bestuurder)";"Waarde";"2023";"Nederland";1,26;16,57;26,34
"Populatie: 6 jaar of ouder";"Totaal mannen en vrouwen";"Participatie: werkzaam: 12 tot 30 uur pw";"Personenauto (bestuurder)";"Waarde";"2024*";"Nederland";1,28;17,27;26,81
"Populatie: 6 jaar of ouder";"Totaal mannen en vrouwen";"Participatie: werkzaam: 12 tot 30 uur pw";"Personenauto  (passagier)";"Waarde";"2018";"Nederland";0,33;8,69;11,26
"Populatie: 6 jaar of ouder";"Totaal mannen en vrouwen";"Participatie: werkzaam: 12 tot 30 uur pw";"Personenauto  (passagier)";"Waarde";"2019";"Nederland";0,32;7,54;10,47
"Populatie: 6 jaar of ouder";"Totaal mannen en vrouwen";"Participatie: werkzaam: 12 tot 30 uur pw";"Personenauto  (passagier)";"Waarde";"2020";"Nederland";0,25;5,21;7,82
"Populatie: 6 jaar of ouder";"Totaal mannen en vrouwen";"Participatie: werkzaam: 12 tot 30 uur pw";"Personenauto  (passagier)";"Waarde";"2021";"Nederland";0,26;5,78;8,35
"Populatie: 6 jaar of ouder";"Totaal mannen en vrouwen";"Participatie: werkzaam: 12 tot 30 uur pw";"Personenauto  (passagier)";"Waarde";"2022";"Nederland";0,3;6,57;9,16
"Populatie: 6 jaar of ouder";"Totaal mannen en vrouwen";"Participatie: werkzaam: 12 tot 30 uur pw";"Personenauto  (passagier)";"Waarde";"2023";"Nederland";0,32;6,87;9,44
"Populatie: 6 jaar of ouder";"Totaal mannen en vrouwen";"Participatie: werkzaam: 12 tot 30 uur pw";"Personenauto  (passagier)";"Waarde";"2024*";"Nederland";0,32;7,25;9,88
"Populatie: 6 jaar of ouder";"Totaal mannen en vrouwen";"Participatie: werkzaam: 12 tot 30 uur pw";"Trein";"Waarde";"2018";"Nederland";0,07;3,2;5,22
"Populatie: 6 jaar of ouder";"Totaal mannen en vrouwen";"Participatie: werkzaam: 12 tot 30 uur pw";"Trein";"Waarde";"2019";"Nederland";0,08;3,51;5,72
"Populatie: 6 jaar of ouder";"Totaal mannen en vrouwen";"Participatie: werkzaam: 12 tot 30 uur pw";"Trein";"Waarde";"2020";"Nederland";0,03;1,35;2,29
"Populatie: 6 jaar of ouder";"Totaal mannen en vrouwen";"Participatie: werkzaam: 12 tot 30 uur pw";"Trein";"Waarde";"2021";"Nederland";0,04;1,96;3,04
"Populatie: 6 jaar of ouder";"Totaal mannen en vrouwen";"Participatie: werkzaam: 12 tot 30 uur pw";"Trein";"Waarde";"2022";"Nederland";0,05;2,16;3,88
"Populatie: 6 jaar of ouder";"Totaal mannen en vrouwen";"Participatie: werkzaam: 12 tot 30 uur pw";"Trein";"Waarde";"2023";"Nederland";0,06;2,81;5,12
"Populatie: 6 jaar of ouder";"Totaal mannen en vrouwen";"Participatie: werkzaam: 12 tot 30 uur pw";"Trein";"Waarde";"2024*";"Nederland";0,07;3,06;5,25
"Populatie: 6 jaar of ouder";"Totaal mannen en vrouwen";"Participatie: werkzaam: 12 tot 30 uur pw";"Fiets";"Waarde";"2018";"Nederland";0,95;3,18;16,27
"Populatie: 6 jaar of ouder";"Totaal mannen en vrouwen";"Participatie: werkzaam: 12 tot 30 uur pw";"Fiets";"Waarde";"2019";"Nederland";0,9;3,15;16,53
"Populatie: 6 jaar of ouder";"Totaal mannen en vrouwen";"Participatie: werkzaam: 12 tot 30 uur pw";"Fiets";"Waarde";"2020";"Nederland";0,76;2,68;14,56
"Populatie: 6 jaar of ouder";"Totaal mannen en vrouwen";"Participatie: werkzaam: 12 tot 30 uur pw";"Fiets";"Waarde";"2021";"Nederland";0,79;2,84;15,51
"Populatie: 6 jaar of ouder";"Totaal mannen en vrouwen";"Participatie: werkzaam: 12 tot 30 uur pw";"Fiets";"Waarde";"2022";"Nederland";0,89;3,21;17
"Populatie: 6 jaar of ouder";"Totaal mannen en vrouwen";"Participatie: werkzaam: 12 tot 30 uur pw";"Fiets";"Waarde";"2023";"Nederland";0,87;3,01;15,1
"Populatie: 6 jaar of ouder";"Totaal mannen en vrouwen";"Participatie: werkzaam: 12 tot 30 uur pw";"Fiets";"Waarde";"2024*";"Nederland";0,88;3,15;15,94
"Populatie: 6 jaar of ouder";"Totaal mannen en vrouwen";"Participatie: werkzaam 30 uur pw of meer";"Totaal";"Waarde";"2018";"Nederland";2,98;52,66;86,45
"Populatie: 6 jaar of ouder";"Totaal mannen en vrouwen";"Participatie: werkzaam 30 uur pw of meer";"Totaal";"Waarde";"2019";"Nederland";2,92;53,08;86,57
"Populatie: 6 jaar of ouder";"Totaal mannen en vrouwen";"Participatie: werkzaam 30 uur pw of meer";"Totaal";"Waarde";"2020";"Nederland";2,6;36,23;70,88
"Populatie: 6 jaar of ouder";"Totaal mannen en vrouwen";"Participatie: werkzaam 30 uur pw of meer";"Totaal";"Waarde";"2021";"Nederland";2,71;37,68;76,15
"Populatie: 6 jaar of ouder";"Totaal mannen en vrouwen";"Participatie: werkzaam 30 uur pw of meer";"Totaal";"Waarde";"2022";"Nederland";2,87;42,15;79,64
"Populatie: 6 jaar of ouder";"Totaal mannen en vrouwen";"Participatie: werkzaam 30 uur pw of meer";"Totaal";"Waarde";"2023";"Nederland";2,9;44,46;82,31
"Populatie: 6 jaar of ouder";"Totaal mannen en vrouwen";"Participatie: werkzaam 30 uur pw of meer";"Totaal";"Waarde";"2024*";"Nederland";2,87;44,66;82,94
"Populatie: 6 jaar of ouder";"Totaal mannen en vrouwen";"Participatie: werkzaam 30 uur pw of meer";"Personenauto (bestuurder)";"Waarde";"2018";"Nederland";1,49;33,44;41,59
"Populatie: 6 jaar of ouder";"Totaal mannen en vrouwen";"Participatie: werkzaam 30 uur pw of meer";"Personenauto (bestuurder)";"Waarde";"2019";"Nederland";1,48;33,97;42,1
"Populatie: 6 jaar of ouder";"Totaal mannen en vrouwen";"Participatie: werkzaam 30 uur pw of meer";"Personenauto (bestuurder)";"Waarde";"2020";"Nederland";1,23;23,74;30,92
"Populatie: 6 jaar of ouder";"Totaal mannen en vrouwen";"Participatie: werkzaam 30 uur pw of meer";"Personenauto (bestuurder)";"Waarde";"2021";"Nederland";1,25;24,5;32,03
"Populatie: 6 jaar of ouder";"Totaal mannen en vrouwen";"Participatie: werkzaam 30 uur pw of meer";"Personenauto (bestuurder)";"Waarde";"2022";"Nederland";1,31;26,65;34,79
"Populatie: 6 jaar of ouder";"Totaal mannen en vrouwen";"Participatie: werkzaam 30 uur pw of meer";"Personenauto (bestuurder)";"Waarde";"2023";"Nederland";1,35;28,08;36,45
"Populatie: 6 jaar of ouder";"Totaal mannen en vrouwen";"Participatie: werkzaam 30 uur pw of meer";"Personenauto (bestuurder)";"Waarde";"2024*";"Nederland";1,32;28,31;37,12
"Populatie: 6 jaar of ouder";"Totaal mannen en vrouwen";"Participatie: werkzaam 30 uur pw of meer";"Personenauto  (passagier)";"Waarde";"2018";"Nederland";0,19;4,7;5,94
"Populatie: 6 jaar of ouder";"Totaal mannen en vrouwen";"Participatie: werkzaam 30 uur pw of meer";"Personenauto  (passagier)";"Waarde";"2019";"Nederland";0,18;5;6,25
"Populatie: 6 jaar of ouder";"Totaal mannen en vrouwen";"Participatie: werkzaam 30 uur pw of meer";"Personenauto  (passagier)";"Waarde";"2020";"Nederland";0,14;3,29;4,43
"Populatie: 6 jaar of ouder";"Totaal mannen en vrouwen";"Participatie: werkzaam 30 uur pw of meer";"Personenauto  (passagier)";"Waarde";"2021";"Nederland";0,15;3,91;5,39
"Populatie: 6 jaar of ouder";"Totaal mannen en vrouwen";"Participatie: werkzaam 30 uur pw of meer";"Personenauto  (passagier)";"Waarde";"2022";"Nederland";0,16;4,08;5,29
"Populatie: 6 jaar of ouder";"Totaal mannen en vrouwen";"Participatie: werkzaam 30 uur pw of meer";"Personenauto  (passagier)";"Waarde";"2023";"Nederland";0,18;4,46;6,01
"Populatie: 6 jaar of ouder";"Totaal mannen en vrouwen";"Participatie: werkzaam 30 uur pw of meer";"Personenauto  (passagier)";"Waarde";"2024*";"Nederland";0,18;4,27;5,89
"Populatie: 6 jaar of ouder";"Totaal mannen en vrouwen";"Participatie: werkzaam 30 uur pw of meer";"Trein";"Waarde";"2018";"Nederland";0,11;5,36;8,23
"Populatie: 6 jaar of ouder";"Totaal mannen en vrouwen";"Participatie: werkzaam 30 uur pw of meer";"Trein";"Waarde";"2019";"Nederland";0,11;5,33;8,3
"Populatie: 6 jaar of ouder";"Totaal mannen en vrouwen";"Participatie: werkzaam 30 uur pw of meer";"Trein";"Waarde";"2020";"Nederland";0,04;2,12;3,26
"Populatie: 6 jaar of ouder";"Totaal mannen en vrouwen";"Participatie: werkzaam 30 uur pw of meer";"Trein";"Waarde";"2021";"Nederland";0,04;1,71;2,91
"Populatie: 6 jaar of ouder";"Totaal mannen en vrouwen";"Participatie: werkzaam 30 uur pw of meer";"Trein";"Waarde";"2022";"Nederland";0,06;3,34;5,03
"Populatie: 6 jaar of ouder";"Totaal mannen en vrouwen";"Participatie: werkzaam 30 uur pw of meer";"Trein";"Waarde";"2023";"Nederland";0,09;4,52;6,92
"Populatie: 6 jaar of ouder";"Totaal mannen en vrouwen";"Participatie: werkzaam 30 uur pw of meer";"Trein";"Waarde";"2024*";"Nederland";0,09;4,47;6,9
"Populatie: 6 jaar of ouder";"Totaal mannen en vrouwen";"Participatie: werkzaam 30 uur pw of meer";"Fiets";"Waarde";"2018";"Nederland";0,61;2,85;12,59
"Populatie: 6 jaar of ouder";"Totaal mannen en vrouwen";"Participatie: werkzaam 30 uur pw of meer";"Fiets";"Waarde";"2019";"Nederland";0,58;2,69;12,54
"Populatie: 6 jaar of ouder";"Totaal mannen en vrouwen";"Participatie: werkzaam 30 uur pw of meer";"Fiets";"Waarde";"2020";"Nederland";0,5;2,38;12,18
"Populatie: 6 jaar of ouder";"Totaal mannen en vrouwen";"Participatie: werkzaam 30 uur pw of meer";"Fiets";"Waarde";"2021";"Nederland";0,5;2,32;11,82
"Populatie: 6 jaar of ouder";"Totaal mannen en vrouwen";"Participatie: werkzaam 30 uur pw of meer";"Fiets";"Waarde";"2022";"Nederland";0,59;2,62;12,81
"Populatie: 6 jaar of ouder";"Totaal mannen en vrouwen";"Participatie: werkzaam 30 uur pw of meer";"Fiets";"Waarde";"2023";"Nederland";0,59;2,58;12,64
"Populatie: 6 jaar of ouder";"Totaal mannen en vrouwen";"Participatie: werkzaam 30 uur pw of meer";"Fiets";"Waarde";"2024*";"Nederland";0,6;2,71;12,85
"Populatie: 6 jaar of ouder";"Totaal mannen en vrouwen";"Participatie:student/scholier";"Totaal";"Waarde";"2018";"Nederland";2,85;25,9;70,15
"Populatie: 6 jaar of ouder";"Totaal mannen en vrouwen";"Participatie:student/scholier";"Totaal";"Waarde";"2019";"Nederland";2,79;25,67;69,35
"Populatie: 6 jaar of ouder";"Totaal mannen en vrouwen";"Participatie:student/scholier";"Totaal";"Waarde";"2020";"Nederland";2,27;17,53;58,15
"Populatie: 6 jaar of ouder";"Totaal mannen en vrouwen";"Participatie:student/scholier";"Totaal";"Waarde";"2021";"Nederland";2,46;20,13;68,08
"Populatie: 6 jaar of ouder";"Totaal mannen en vrouwen";"Participatie:student/scholier";"Totaal";"Waarde";"2022";"Nederland";2,66;21,97;68,09
"Populatie: 6 jaar of ouder";"Totaal mannen en vrouwen";"Participatie:student/scholier";"Totaal";"Waarde";"2023";"Nederland";2,68;23,66;69,33
"Populatie: 6 jaar of ouder";"Totaal mannen en vrouwen";"Participatie:student/scholier";"Totaal";"Waarde";"2024*";"Nederland";2,71;24,1;70,45
"Populatie: 6 jaar of ouder";"Totaal mannen en vrouwen";"Participatie:student/scholier";"Personenauto (bestuurder)";"Waarde";"2018";"Nederland";0,13;2,38;3,7
"Populatie: 6 jaar of ouder";"Totaal mannen en vrouwen";"Participatie:student/scholier";"Personenauto (bestuurder)";"Waarde";"2019";"Nederland";0,15;2,41;3,94
"Populatie: 6 jaar of ouder";"Totaal mannen en vrouwen";"Participatie:student/scholier";"Personenauto (bestuurder)";"Waarde";"2020";"Nederland";0,11;1,94;2,89
"Populatie: 6 jaar of ouder";"Totaal mannen en vrouwen";"Participatie:student/scholier";"Personenauto (bestuurder)";"Waarde";"2021";"Nederland";0,12;2,26;3,5
"Populatie: 6 jaar of ouder";"Totaal mannen en vrouwen";"Participatie:student/scholier";"Personenauto (bestuurder)";"Waarde";"2022";"Nederland";0,11;2,03;3,03
"Populatie: 6 jaar of ouder";"Totaal mannen en vrouwen";"Participatie:student/scholier";"Personenauto (bestuurder)";"Waarde";"2023";"Nederland";0,12;2,01;3,16
"Populatie: 6 jaar of ouder";"Totaal mannen en vrouwen";"Participatie:student/scholier";"Personenauto (bestuurder)";"Waarde";"2024*";"Nederland";0,12;2,18;3,28
"Populatie: 6 jaar of ouder";"Totaal mannen en vrouwen";"Participatie:student/scholier";"Personenauto  (passagier)";"Waarde";"2018";"Nederland";0,63;9,89;15,02
"Populatie: 6 jaar of ouder";"Totaal mannen en vrouwen";"Participatie:student/scholier";"Personenauto  (passagier)";"Waarde";"2019";"Nederland";0,63;9,92;15,23
"Populatie: 6 jaar of ouder";"Totaal mannen en vrouwen";"Participatie:student/scholier";"Personenauto  (passagier)";"Waarde";"2020";"Nederland";0,49;7,39;12,05
"Populatie: 6 jaar of ouder";"Totaal mannen en vrouwen";"Participatie:student/scholier";"Personenauto  (passagier)";"Waarde";"2021";"Nederland";0,52;8,54;13,74
"Populatie: 6 jaar of ouder";"Totaal mannen en vrouwen";"Participatie:student/scholier";"Personenauto  (passagier)";"Waarde";"2022";"Nederland";0,54;8,32;13,6
"Populatie: 6 jaar of ouder";"Totaal mannen en vrouwen";"Participatie:student/scholier";"Personenauto  (passagier)";"Waarde";"2023";"Nederland";0,59;9,77;14,96
"Populatie: 6 jaar of ouder";"Totaal mannen en vrouwen";"Participatie:student/scholier";"Personenauto  (passagier)";"Waarde";"2024*";"Nederland";0,57;9,65;14,85
"Populatie: 6 jaar of ouder";"Totaal mannen en vrouwen";"Participatie:student/scholier";"Trein";"Waarde";"2018";"Nederland";0,12;5,54;9,1
"Populatie: 6 jaar of ouder";"Totaal mannen en vrouwen";"Participatie:student/scholier";"Trein";"Waarde";"2019";"Nederland";0,11;5,42;8,62
"Populatie: 6 jaar of ouder";"Totaal mannen en vrouwen";"Participatie:student/scholier";"Trein";"Waarde";"2020";"Nederland";0,05;2,55;4,15
"Populatie: 6 jaar of ouder";"Totaal mannen en vrouwen";"Participatie:student/scholier";"Trein";"Waarde";"2021";"Nederland";0,07;2,95;5,15
"Populatie: 6 jaar of ouder";"Totaal mannen en vrouwen";"Participatie:student/scholier";"Trein";"Waarde";"2022";"Nederland";0,09;4,35;7,34
"Populatie: 6 jaar of ouder";"Totaal mannen en vrouwen";"Participatie:student/scholier";"Trein";"Waarde";"2023";"Nederland";0,1;4,7;8,07
"Populatie: 6 jaar of ouder";"Totaal mannen en vrouwen";"Participatie:student/scholier";"Trein";"Waarde";"2024*";"Nederland";0,09;4,54;7,77
"Populatie: 6 jaar of ouder";"Totaal mannen en vrouwen";"Participatie:student/scholier";"Fiets";"Waarde";"2018";"Nederland";1,28;4,18;23,3
"Populatie: 6 jaar of ouder";"Totaal mannen en vrouwen";"Participatie:student/scholier";"Fiets";"Waarde";"2019";"Nederland";1,25;4,1;23,74
"Populatie: 6 jaar of ouder";"Totaal mannen en vrouwen";"Participatie:student/scholier";"Fiets";"Waarde";"2020";"Nederland";0,98;3,21;20,24
"Populatie: 6 jaar of ouder";"Totaal mannen en vrouwen";"Participatie:student/scholier";"Fiets";"Waarde";"2021";"Nederland";1;3,38;21,9
"Populatie: 6 jaar of ouder";"Totaal mannen en vrouwen";"Participatie:student/scholier";"Fiets";"Waarde";"2022";"Nederland";1,17;3,81;23,14
"Populatie: 6 jaar of ouder";"Totaal mannen en vrouwen";"Participatie:student/scholier";"Fiets";"Waarde";"2023";"Nederland";1,16;3,94;23,22
"Populatie: 6 jaar of ouder";"Totaal mannen en vrouwen";"Participatie:student/scholier";"Fiets";"Waarde";"2024*";"Nederland";1,2;4,08;23,79
"Populatie: 6 jaar of ouder";"Totaal mannen en vrouwen";"Participatie: werkloos";"Totaal";"Waarde";"2018";"Nederland";2,45;23,62;67,49
"Populatie: 6 jaar of ouder";"Totaal mannen en vrouwen";"Participatie: werkloos";"Totaal";"Waarde";"2019";"Nederland";2,36;20,77;65,65
"Populatie: 6 jaar of ouder";"Totaal mannen en vrouwen";"Participatie: werkloos";"Totaal";"Waarde";"2020";"Nederland";2,12;16,3;53,21
"Populatie: 6 jaar of ouder";"Totaal mannen en vrouwen";"Participatie: werkloos";"Totaal";"Waarde";"2021";"Nederland";2,01;17,42;59,14
"Populatie: 6 jaar of ouder";"Totaal mannen en vrouwen";"Participatie: werkloos";"Totaal";"Waarde";"2022";"Nederland";1,95;16,74;64,56
"Populatie: 6 jaar of ouder";"Totaal mannen en vrouwen";"Participatie: werkloos";"Totaal";"Waarde";"2023";"Nederland";2,12;17,31;62,22
"Populatie: 6 jaar of ouder";"Totaal mannen en vrouwen";"Participatie: werkloos";"Totaal";"Waarde";"2024*";"Nederland";2,17;19,91;67,71
"Populatie: 6 jaar of ouder";"Totaal mannen en vrouwen";"Participatie: werkloos";"Personenauto (bestuurder)";"Waarde";"2018";"Nederland";0,77;9,71;16,61
"Populatie: 6 jaar of ouder";"Totaal mannen en vrouwen";"Participatie: werkloos";"Personenauto (bestuurder)";"Waarde";"2019";"Nederland";0,67;9,03;15,25
"Populatie: 6 jaar of ouder";"Totaal mannen en vrouwen";"Participatie: werkloos";"Personenauto (bestuurder)";"Waarde";"2020";"Nederland";0,65;8,46;13,99
"Populatie: 6 jaar of ouder";"Totaal mannen en vrouwen";"Participatie: werkloos";"Personenauto (bestuurder)";"Waarde";"2021";"Nederland";0,55;9,09;13,45
"Populatie: 6 jaar of ouder";"Totaal mannen en vrouwen";"Participatie: werkloos";"Personenauto (bestuurder)";"Waarde";"2022";"Nederland";0,48;6,19;11,92
"Populatie: 6 jaar of ouder";"Totaal mannen en vrouwen";"Participatie: werkloos";"Personenauto (bestuurder)";"Waarde";"2023";"Nederland";0,49;6,19;10,87
"Populatie: 6 jaar of ouder";"Totaal mannen en vrouwen";"Participatie: werkloos";"Personenauto (bestuurder)";"Waarde";"2024*";"Nederland";0,51;6,92;11,05
"Populatie: 6 jaar of ouder";"Totaal mannen en vrouwen";"Participatie: werkloos";"Personenauto  (passagier)";"Waarde";"2018";"Nederland";0,23;5,77;7,05
"Populatie: 6 jaar of ouder";"Totaal mannen en vrouwen";"Participatie: werkloos";"Personenauto  (passagier)";"Waarde";"2019";"Nederland";0,22;4,4;6,79
"Populatie: 6 jaar of ouder";"Totaal mannen en vrouwen";"Participatie: werkloos";"Personenauto  (passagier)";"Waarde";"2020";"Nederland";0,18;3,06;5,06
"Populatie: 6 jaar of ouder";"Totaal mannen en vrouwen";"Participatie: werkloos";"Personenauto  (passagier)";"Waarde";"2021";"Nederland";0,16;2,87;5,05
"Populatie: 6 jaar of ouder";"Totaal mannen en vrouwen";"Participatie: werkloos";"Personenauto  (passagier)";"Waarde";"2022";"Nederland";0,18;2,92;4,74
"Populatie: 6 jaar of ouder";"Totaal mannen en vrouwen";"Participatie: werkloos";"Personenauto  (passagier)";"Waarde";"2023";"Nederland";0,21;3,76;6,82
"Populatie: 6 jaar of ouder";"Totaal mannen en vrouwen";"Participatie: werkloos";"Personenauto  (passagier)";"Waarde";"2024*";"Nederland";0,21;3,65;6,52
"Populatie: 6 jaar of ouder";"Totaal mannen en vrouwen";"Participatie: werkloos";"Trein";"Waarde";"2018";"Nederland";;;
"Populatie: 6 jaar of ouder";"Totaal mannen en vrouwen";"Participatie: werkloos";"Trein";"Waarde";"2019";"Nederland";;;
"Populatie: 6 jaar of ouder";"Totaal mannen en vrouwen";"Participatie: werkloos";"Trein";"Waarde";"2020";"Nederland";;;
"Populatie: 6 jaar of ouder";"Totaal mannen en vrouwen";"Participatie: werkloos";"Trein";"Waarde";"2021";"Nederland";;;
"Populatie: 6 jaar of ouder";"Totaal mannen en vrouwen";"Participatie: werkloos";"Trein";"Waarde";"2022";"Nederland";;;
"Populatie: 6 jaar of ouder";"Totaal mannen en vrouwen";"Participatie: werkloos";"Trein";"Waarde";"2023";"Nederland";;;
"Populatie: 6 jaar of ouder";"Totaal mannen en vrouwen";"Participatie: werkloos";"Trein";"Waarde";"2024*";"Nederland";;;
"Populatie: 6 jaar of ouder";"Totaal mannen en vrouwen";"Participatie: werkloos";"Fiets";"Waarde";"2018";"Nederland";0,66;2,84;16,41
"Populatie: 6 jaar of ouder";"Totaal mannen en vrouwen";"Participatie: werkloos";"Fiets";"Waarde";"2019";"Nederland";0,68;2,59;17,44
"Populatie: 6 jaar of ouder";"Totaal mannen en vrouwen";"Participatie: werkloos";"Fiets";"Waarde";"2020";"Nederland";0,56;2,09;13,17
"Populatie: 6 jaar of ouder";"Totaal mannen en vrouwen";"Participatie: werkloos";"Fiets";"Waarde";"2021";"Nederland";0,48;1,86;12,92
"Populatie: 6 jaar of ouder";"Totaal mannen en vrouwen";"Participatie: werkloos";"Fiets";"Waarde";"2022";"Nederland";0,48;2,19;15,13
"Populatie: 6 jaar of ouder";"Totaal mannen en vrouwen";"Participatie: werkloos";"Fiets";"Waarde";"2023";"Nederland";0,54;1,93;12,78
"Populatie: 6 jaar of ouder";"Totaal mannen en vrouwen";"Participatie: werkloos";"Fiets";"Waarde";"2024*";"Nederland";0,6;2,39;16,07
"Populatie: 6 jaar of ouder";"Totaal mannen en vrouwen";"Participatie:  arbeidsongeschikt";"Totaal";"Waarde";"2018";"Nederland";2,37;19,94;61,19
"Populatie: 6 jaar of ouder";"Totaal mannen en vrouwen";"Participatie:  arbeidsongeschikt";"Totaal";"Waarde";"2019";"Nederland";2,21;17,88;57,94
"Populatie: 6 jaar of ouder";"Totaal mannen en vrouwen";"Participatie:  arbeidsongeschikt";"Totaal";"Waarde";"2020";"Nederland";1,89;12,67;48,18
"Populatie: 6 jaar of ouder";"Totaal mannen en vrouwen";"Participatie:  arbeidsongeschikt";"Totaal";"Waarde";"2021";"Nederland";2,12;16,95;55,21
"Populatie: 6 jaar of ouder";"Totaal mannen en vrouwen";"Participatie:  arbeidsongeschikt";"Totaal";"Waarde";"2022";"Nederland";2,32;19,17;63,54
"Populatie: 6 jaar of ouder";"Totaal mannen en vrouwen";"Participatie:  arbeidsongeschikt";"Totaal";"Waarde";"2023";"Nederland";2,38;19,41;61,36
"Populatie: 6 jaar of ouder";"Totaal mannen en vrouwen";"Participatie:  arbeidsongeschikt";"Totaal";"Waarde";"2024*";"Nederland";2,3;18,15;63,07
"Populatie: 6 jaar of ouder";"Totaal mannen en vrouwen";"Participatie:  arbeidsongeschikt";"Personenauto (bestuurder)";"Waarde";"2018";"Nederland";0,62;6,75;12,65
"Populatie: 6 jaar of ouder";"Totaal mannen en vrouwen";"Participatie:  arbeidsongeschikt";"Personenauto (bestuurder)";"Waarde";"2019";"Nederland";0,54;6,33;11,97
"Populatie: 6 jaar of ouder";"Totaal mannen en vrouwen";"Participatie:  arbeidsongeschikt";"Personenauto (bestuurder)";"Waarde";"2020";"Nederland";0,45;4,55;8,11
"Populatie: 6 jaar of ouder";"Totaal mannen en vrouwen";"Participatie:  arbeidsongeschikt";"Personenauto (bestuurder)";"Waarde";"2021";"Nederland";0,56;7,36;11,59
"Populatie: 6 jaar of ouder";"Totaal mannen en vrouwen";"Participatie:  arbeidsongeschikt";"Personenauto (bestuurder)";"Waarde";"2022";"Nederland";0,62;8,12;14,01
"Populatie: 6 jaar of ouder";"Totaal mannen en vrouwen";"Participatie:  arbeidsongeschikt";"Personenauto (bestuurder)";"Waarde";"2023";"Nederland";0,67;7,8;12,8
"Populatie: 6 jaar of ouder";"Totaal mannen en vrouwen";"Participatie:  arbeidsongeschikt";"Personenauto (bestuurder)";"Waarde";"2024*";"Nederland";0,67;7,96;14,27
"Populatie: 6 jaar of ouder";"Totaal mannen en vrouwen";"Participatie:  arbeidsongeschikt";"Personenauto  (passagier)";"Waarde";"2018";"Nederland";0,29;6,73;8,92
"Populatie: 6 jaar of ouder";"Totaal mannen en vrouwen";"Participatie:  arbeidsongeschikt";"Personenauto  (passagier)";"Waarde";"2019";"Nederland";0,26;5,04;7,46
"Populatie: 6 jaar of ouder";"Totaal mannen en vrouwen";"Participatie:  arbeidsongeschikt";"Personenauto  (passagier)";"Waarde";"2020";"Nederland";0,2;3,83;5,73
"Populatie: 6 jaar of ouder";"Totaal mannen en vrouwen";"Participatie:  arbeidsongeschikt";"Personenauto  (passagier)";"Waarde";"2021";"Nederland";0,23;3,94;6,09
"Populatie: 6 jaar of ouder";"Totaal mannen en vrouwen";"Participatie:  arbeidsongeschikt";"Personenauto  (passagier)";"Waarde";"2022";"Nederland";0,24;5,05;7,33
"Populatie: 6 jaar of ouder";"Totaal mannen en vrouwen";"Participatie:  arbeidsongeschikt";"Personenauto  (passagier)";"Waarde";"2023";"Nederland";0,28;5,53;7,92
"Populatie: 6 jaar of ouder";"Totaal mannen en vrouwen";"Participatie:  arbeidsongeschikt";"Personenauto  (passagier)";"Waarde";"2024*";"Nederland";0,25;4,02;6,85
"Populatie: 6 jaar of ouder";"Totaal mannen en vrouwen";"Participatie:  arbeidsongeschikt";"Trein";"Waarde";"2018";"Nederland";;;
"Populatie: 6 jaar of ouder";"Totaal mannen en vrouwen";"Participatie:  arbeidsongeschikt";"Trein";"Waarde";"2019";"Nederland";;;
"Populatie: 6 jaar of ouder";"Totaal mannen en vrouwen";"Participatie:  arbeidsongeschikt";"Trein";"Waarde";"2020";"Nederland";;;
"Populatie: 6 jaar of ouder";"Totaal mannen en vrouwen";"Participatie:  arbeidsongeschikt";"Trein";"Waarde";"2021";"Nederland";;;
"Populatie: 6 jaar of ouder";"Totaal mannen en vrouwen";"Participatie:  arbeidsongeschikt";"Trein";"Waarde";"2022";"Nederland";;;
"Populatie: 6 jaar of ouder";"Totaal mannen en vrouwen";"Participatie:  arbeidsongeschikt";"Trein";"Waarde";"2023";"Nederland";;;
"Populatie: 6 jaar of ouder";"Totaal mannen en vrouwen";"Participatie:  arbeidsongeschikt";"Trein";"Waarde";"2024*";"Nederland";;;
"Populatie: 6 jaar of ouder";"Totaal mannen en vrouwen";"Participatie:  arbeidsongeschikt";"Fiets";"Waarde";"2018";"Nederland";0,56;2,18;13,19
"Populatie: 6 jaar of ouder";"Totaal mannen en vrouwen";"Participatie:  arbeidsongeschikt";"Fiets";"Waarde";"2019";"Nederland";0,55;1,91;12,92
"Populatie: 6 jaar of ouder";"Totaal mannen en vrouwen";"Participatie:  arbeidsongeschikt";"Fiets";"Waarde";"2020";"Nederland";0,46;1,68;10,96
"Populatie: 6 jaar of ouder";"Totaal mannen en vrouwen";"Participatie:  arbeidsongeschikt";"Fiets";"Waarde";"2021";"Nederland";0,47;1,9;11,14
"Populatie: 6 jaar of ouder";"Totaal mannen en vrouwen";"Participatie:  arbeidsongeschikt";"Fiets";"Waarde";"2022";"Nederland";0,47;1,84;11,52
"Populatie: 6 jaar of ouder";"Totaal mannen en vrouwen";"Participatie:  arbeidsongeschikt";"Fiets";"Waarde";"2023";"Nederland";0,53;2,18;12,43
"Populatie: 6 jaar of ouder";"Totaal mannen en vrouwen";"Participatie:  arbeidsongeschikt";"Fiets";"Waarde";"2024*";"Nederland";0,49;2,06;12,8
"Populatie: 6 jaar of ouder";"Totaal mannen en vrouwen";"Participatie: gepensioneerd/VUT";"Totaal";"Waarde";"2018";"Nederland";2,14;26;64,63
"Populatie: 6 jaar of ouder";"Totaal mannen en vrouwen";"Participatie: gepensioneerd/VUT";"Totaal";"Waarde";"2019";"Nederland";2,1;25,22;64,71
"Populatie: 6 jaar of ouder";"Totaal mannen en vrouwen";"Participatie: gepensioneerd/VUT";"Totaal";"Waarde";"2020";"Nederland";1,88;17,21;54,82
"Populatie: 6 jaar of ouder";"Totaal mannen en vrouwen";"Participatie: gepensioneerd/VUT";"Totaal";"Waarde";"2021";"Nederland";2,07;20,43;64,69
"Populatie: 6 jaar of ouder";"Totaal mannen en vrouwen";"Participatie: gepensioneerd/VUT";"Totaal";"Waarde";"2022";"Nederland";2,28;22,1;66,91
"Populatie: 6 jaar of ouder";"Totaal mannen en vrouwen";"Participatie: gepensioneerd/VUT";"Totaal";"Waarde";"2023";"Nederland";2,29;23,02;65,53
"Populatie: 6 jaar of ouder";"Totaal mannen en vrouwen";"Participatie: gepensioneerd/VUT";"Totaal";"Waarde";"2024*";"Nederland";2,25;23,37;65,63
"Populatie: 6 jaar of ouder";"Totaal mannen en vrouwen";"Participatie: gepensioneerd/VUT";"Personenauto (bestuurder)";"Waarde";"2018";"Nederland";0,75;12,75;19,28
"Populatie: 6 jaar of ouder";"Totaal mannen en vrouwen";"Participatie: gepensioneerd/VUT";"Personenauto (bestuurder)";"Waarde";"2019";"Nederland";0,73;11,4;18,75
"Populatie: 6 jaar of ouder";"Totaal mannen en vrouwen";"Participatie: gepensioneerd/VUT";"Personenauto (bestuurder)";"Waarde";"2020";"Nederland";0,63;8,42;13,92
"Populatie: 6 jaar of ouder";"Totaal mannen en vrouwen";"Participatie: gepensioneerd/VUT";"Personenauto (bestuurder)";"Waarde";"2021";"Nederland";0,66;10,15;16,51
"Populatie: 6 jaar of ouder";"Totaal mannen en vrouwen";"Participatie: gepensioneerd/VUT";"Personenauto (bestuurder)";"Waarde";"2022";"Nederland";0,71;10,68;17,45
"Populatie: 6 jaar of ouder";"Totaal mannen en vrouwen";"Participatie: gepensioneerd/VUT";"Personenauto (bestuurder)";"Waarde";"2023";"Nederland";0,76;11,48;18,62
"Populatie: 6 jaar of ouder";"Totaal mannen en vrouwen";"Participatie: gepensioneerd/VUT";"Personenauto (bestuurder)";"Waarde";"2024*";"Nederland";0,75;11,34;18,44
"Populatie: 6 jaar of ouder";"Totaal mannen en vrouwen";"Participatie: gepensioneerd/VUT";"Personenauto  (passagier)";"Waarde";"2018";"Nederland";0,25;5,51;7,85
"Populatie: 6 jaar of ouder";"Totaal mannen en vrouwen";"Participatie: gepensioneerd/VUT";"Personenauto  (passagier)";"Waarde";"2019";"Nederland";0,25;6,29;8,84
"Populatie: 6 jaar of ouder";"Totaal mannen en vrouwen";"Participatie: gepensioneerd/VUT";"Personenauto  (passagier)";"Waarde";"2020";"Nederland";0,17;3,08;4,76
"Populatie: 6 jaar of ouder";"Totaal mannen en vrouwen";"Participatie: gepensioneerd/VUT";"Personenauto  (passagier)";"Waarde";"2021";"Nederland";0,2;3,9;6,35
"Populatie: 6 jaar of ouder";"Totaal mannen en vrouwen";"Participatie: gepensioneerd/VUT";"Personenauto  (passagier)";"Waarde";"2022";"Nederland";0,24;4,78;7,43
"Populatie: 6 jaar of ouder";"Totaal mannen en vrouwen";"Participatie: gepensioneerd/VUT";"Personenauto  (passagier)";"Waarde";"2023";"Nederland";0,25;5,05;7,4
"Populatie: 6 jaar of ouder";"Totaal mannen en vrouwen";"Participatie: gepensioneerd/VUT";"Personenauto  (passagier)";"Waarde";"2024*";"Nederland";0,24;5,13;7,71
"Populatie: 6 jaar of ouder";"Totaal mannen en vrouwen";"Participatie: gepensioneerd/VUT";"Trein";"Waarde";"2018";"Nederland";0,02;1,93;2,65
"Populatie: 6 jaar of ouder";"Totaal mannen en vrouwen";"Participatie: gepensioneerd/VUT";"Trein";"Waarde";"2019";"Nederland";0,03;2,24;3,51
"Populatie: 6 jaar of ouder";"Totaal mannen en vrouwen";"Participatie: gepensioneerd/VUT";"Trein";"Waarde";"2020";"Nederland";0,01;0,63;0,85
"Populatie: 6 jaar of ouder";"Totaal mannen en vrouwen";"Participatie: gepensioneerd/VUT";"Trein";"Waarde";"2021";"Nederland";0,01;0,69;0,96
"Populatie: 6 jaar of ouder";"Totaal mannen en vrouwen";"Participatie: gepensioneerd/VUT";"Trein";"Waarde";"2022";"Nederland";0,01;0,69;1,05
"Populatie: 6 jaar of ouder";"Totaal mannen en vrouwen";"Participatie: gepensioneerd/VUT";"Trein";"Waarde";"2023";"Nederland";0,02;0,95;1,52
"Populatie: 6 jaar of ouder";"Totaal mannen en vrouwen";"Participatie: gepensioneerd/VUT";"Trein";"Waarde";"2024*";"Nederland";0,02;1,25;1,92
"Populatie: 6 jaar of ouder";"Totaal mannen en vrouwen";"Participatie: gepensioneerd/VUT";"Fiets";"Waarde";"2018";"Nederland";0,6;3,31;18,59
"Populatie: 6 jaar of ouder";"Totaal mannen en vrouwen";"Participatie: gepensioneerd/VUT";"Fiets";"Waarde";"2019";"Nederland";0,57;3,01;17,03
"Populatie: 6 jaar of ouder";"Totaal mannen en vrouwen";"Participatie: gepensioneerd/VUT";"Fiets";"Waarde";"2020";"Nederland";0,49;2,96;16,33
"Populatie: 6 jaar of ouder";"Totaal mannen en vrouwen";"Participatie: gepensioneerd/VUT";"Fiets";"Waarde";"2021";"Nederland";0,52;3,15;16,91
"Populatie: 6 jaar of ouder";"Totaal mannen en vrouwen";"Participatie: gepensioneerd/VUT";"Fiets";"Waarde";"2022";"Nederland";0,66;3,46;19,29
"Populatie: 6 jaar of ouder";"Totaal mannen en vrouwen";"Participatie: gepensioneerd/VUT";"Fiets";"Waarde";"2023";"Nederland";0,58;3,01;16,87
"Populatie: 6 jaar of ouder";"Totaal mannen en vrouwen";"Participatie: gepensioneerd/VUT";"Fiets";"Waarde";"2024*";"Nederland";0,61;3,1;17,13
"Populatie: 6 jaar of ouder";"Totaal mannen en vrouwen";"Participatie: anders/overig";"Totaal";"Waarde";"2018";"Nederland";2,52;24,03;61,17
"Populatie: 6 jaar of ouder";"Totaal mannen en vrouwen";"Participatie: anders/overig";"Totaal";"Waarde";"2019";"Nederland";2,33;24,12;61,86
"Populatie: 6 jaar of ouder";"Totaal mannen en vrouwen";"Participatie: anders/overig";"Totaal";"Waarde";"2020";"Nederland";1,94;16,33;49,51
"Populatie: 6 jaar of ouder";"Totaal mannen en vrouwen";"Participatie: anders/overig";"Totaal";"Waarde";"2021";"Nederland";2,14;18,2;58,98
"Populatie: 6 jaar of ouder";"Totaal mannen en vrouwen";"Participatie: anders/overig";"Totaal";"Waarde";"2022";"Nederland";2,37;20,33;63,29
"Populatie: 6 jaar of ouder";"Totaal mannen en vrouwen";"Participatie: anders/overig";"Totaal";"Waarde";"2023";"Nederland";2,35;22,04;64,13
"Populatie: 6 jaar of ouder";"Totaal mannen en vrouwen";"Participatie: anders/overig";"Totaal";"Waarde";"2024*";"Nederland";2,31;21,3;62,26
"Populatie: 6 jaar of ouder";"Totaal mannen en vrouwen";"Participatie: anders/overig";"Personenauto (bestuurder)";"Waarde";"2018";"Nederland";0,8;11,03;17,18
"Populatie: 6 jaar of ouder";"Totaal mannen en vrouwen";"Participatie: anders/overig";"Personenauto (bestuurder)";"Waarde";"2019";"Nederland";0,73;9,63;15,26
"Populatie: 6 jaar of ouder";"Totaal mannen en vrouwen";"Participatie: anders/overig";"Personenauto (bestuurder)";"Waarde";"2020";"Nederland";0,6;7,95;12,79
"Populatie: 6 jaar of ouder";"Totaal mannen en vrouwen";"Participatie: anders/overig";"Personenauto (bestuurder)";"Waarde";"2021";"Nederland";0,62;7,76;12,92
"Populatie: 6 jaar of ouder";"Totaal mannen en vrouwen";"Participatie: anders/overig";"Personenauto (bestuurder)";"Waarde";"2022";"Nederland";0,66;8,26;13,85
"Populatie: 6 jaar of ouder";"Totaal mannen en vrouwen";"Participatie: anders/overig";"Personenauto (bestuurder)";"Waarde";"2023";"Nederland";0,69;9,17;15
"Populatie: 6 jaar of ouder";"Totaal mannen en vrouwen";"Participatie: anders/overig";"Personenauto (bestuurder)";"Waarde";"2024*";"Nederland";0,68;8,96;14,49
"Populatie: 6 jaar of ouder";"Totaal mannen en vrouwen";"Participatie: anders/overig";"Personenauto  (passagier)";"Waarde";"2018";"Nederland";0,32;6,39;9,6
"Populatie: 6 jaar of ouder";"Totaal mannen en vrouwen";"Participatie: anders/overig";"Personenauto  (passagier)";"Waarde";"2019";"Nederland";0,29;6,41;9,4
"Populatie: 6 jaar of ouder";"Totaal mannen en vrouwen";"Participatie: anders/overig";"Personenauto  (passagier)";"Waarde";"2020";"Nederland";0,23;3,83;6,31
"Populatie: 6 jaar of ouder";"Totaal mannen en vrouwen";"Participatie: anders/overig";"Personenauto  (passagier)";"Waarde";"2021";"Nederland";0,25;4,66;7,86
"Populatie: 6 jaar of ouder";"Totaal mannen en vrouwen";"Participatie: anders/overig";"Personenauto  (passagier)";"Waarde";"2022";"Nederland";0,27;5,22;8,55
"Populatie: 6 jaar of ouder";"Totaal mannen en vrouwen";"Participatie: anders/overig";"Personenauto  (passagier)";"Waarde";"2023";"Nederland";0,31;6,16;9,29
"Populatie: 6 jaar of ouder";"Totaal mannen en vrouwen";"Participatie: anders/overig";"Personenauto  (passagier)";"Waarde";"2024*";"Nederland";0,31;5,99;9,15
"Populatie: 6 jaar of ouder";"Totaal mannen en vrouwen";"Participatie: anders/overig";"Trein";"Waarde";"2018";"Nederland";0,02;0,99;1,8
"Populatie: 6 jaar of ouder";"Totaal mannen en vrouwen";"Participatie: anders/overig";"Trein";"Waarde";"2019";"Nederland";0,03;2,12;2,97
"Populatie: 6 jaar of ouder";"Totaal mannen en vrouwen";"Participatie: anders/overig";"Trein";"Waarde";"2020";"Nederland";;;
"Populatie: 6 jaar of ouder";"Totaal mannen en vrouwen";"Participatie: anders/overig";"Trein";"Waarde";"2021";"Nederland";;;
"Populatie: 6 jaar of ouder";"Totaal mannen en vrouwen";"Participatie: anders/overig";"Trein";"Waarde";"2022";"Nederland";;;
"Populatie: 6 jaar of ouder";"Totaal mannen en vrouwen";"Participatie: anders/overig";"Trein";"Waarde";"2023";"Nederland";0,03;1,32;2,41
"Populatie: 6 jaar of ouder";"Totaal mannen en vrouwen";"Participatie: anders/overig";"Trein";"Waarde";"2024*";"Nederland";0,02;0,98;1,76
"Populatie: 6 jaar of ouder";"Totaal mannen en vrouwen";"Participatie: anders/overig";"Fiets";"Waarde";"2018";"Nederland";0,68;2,32;13,6
"Populatie: 6 jaar of ouder";"Totaal mannen en vrouwen";"Participatie: anders/overig";"Fiets";"Waarde";"2019";"Nederland";0,62;2,2;13,61
"Populatie: 6 jaar of ouder";"Totaal mannen en vrouwen";"Participatie: anders/overig";"Fiets";"Waarde";"2020";"Nederland";0,5;1,88;11,69
"Populatie: 6 jaar of ouder";"Totaal mannen en vrouwen";"Participatie: anders/overig";"Fiets";"Waarde";"2021";"Nederland";0,49;1,89;11,95
"Populatie: 6 jaar of ouder";"Totaal mannen en vrouwen";"Participatie: anders/overig";"Fiets";"Waarde";"2022";"Nederland";0,65;2,53;15,33
"Populatie: 6 jaar of ouder";"Totaal mannen en vrouwen";"Participatie: anders/overig";"Fiets";"Waarde";"2023";"Nederland";0,6;2,24;13,91
"Populatie: 6 jaar of ouder";"Totaal mannen en vrouwen";"Participatie: anders/overig";"Fiets";"Waarde";"2024*";"Nederland";0,61;2,31;14,77
"Populatie: 6 jaar of ouder";"Totaal mannen en vrouwen";"Rijbewijs, personenauto op eigen naam";"Totaal";"Waarde";"2018";"Nederland";2,9;44,55;78,74
"Populatie: 6 jaar of ouder";"Totaal mannen en vrouwen";"Rijbewijs, personenauto op eigen naam";"Totaal";"Waarde";"2019";"Nederland";2,86;44,32;79,24
"Populatie: 6 jaar of ouder";"Totaal mannen en vrouwen";"Rijbewijs, personenauto op eigen naam";"Totaal";"Waarde";"2020";"Nederland";2,61;31,86;68,02
"Populatie: 6 jaar of ouder";"Totaal mannen en vrouwen";"Rijbewijs, personenauto op eigen naam";"Totaal";"Waarde";"2021";"Nederland";2,69;33,97;74,03
"Populatie: 6 jaar of ouder";"Totaal mannen en vrouwen";"Rijbewijs, personenauto op eigen naam";"Totaal";"Waarde";"2022";"Nederland";2,89;36,79;76,76
"Populatie: 6 jaar of ouder";"Totaal mannen en vrouwen";"Rijbewijs, personenauto op eigen naam";"Totaal";"Waarde";"2023";"Nederland";2,91;38,81;76,91
"Populatie: 6 jaar of ouder";"Totaal mannen en vrouwen";"Rijbewijs, personenauto op eigen naam";"Totaal";"Waarde";"2024*";"Nederland";2,88;39,2;77,27
"Populatie: 6 jaar of ouder";"Totaal mannen en vrouwen";"Rijbewijs, personenauto op eigen naam";"Personenauto (bestuurder)";"Waarde";"2018";"Nederland";1,61;30,62;41,2
"Populatie: 6 jaar of ouder";"Totaal mannen en vrouwen";"Rijbewijs, personenauto op eigen naam";"Personenauto (bestuurder)";"Waarde";"2019";"Nederland";1,6;30,44;41,19
"Populatie: 6 jaar of ouder";"Totaal mannen en vrouwen";"Rijbewijs, personenauto op eigen naam";"Personenauto (bestuurder)";"Waarde";"2020";"Nederland";1,37;22,18;31,52
"Populatie: 6 jaar of ouder";"Totaal mannen en vrouwen";"Rijbewijs, personenauto op eigen naam";"Personenauto (bestuurder)";"Waarde";"2021";"Nederland";1,39;24;33,9
"Populatie: 6 jaar of ouder";"Totaal mannen en vrouwen";"Rijbewijs, personenauto op eigen naam";"Personenauto (bestuurder)";"Waarde";"2022";"Nederland";1,46;25,31;35,89
"Populatie: 6 jaar of ouder";"Totaal mannen en vrouwen";"Rijbewijs, personenauto op eigen naam";"Personenauto (bestuurder)";"Waarde";"2023";"Nederland";1,54;27,07;38,09
"Populatie: 6 jaar of ouder";"Totaal mannen en vrouwen";"Rijbewijs, personenauto op eigen naam";"Personenauto (bestuurder)";"Waarde";"2024*";"Nederland";1,51;26,81;37,96
"Populatie: 6 jaar of ouder";"Totaal mannen en vrouwen";"Rijbewijs, personenauto op eigen naam";"Personenauto  (passagier)";"Waarde";"2018";"Nederland";0,18;4,58;5,7
"Populatie: 6 jaar of ouder";"Totaal mannen en vrouwen";"Rijbewijs, personenauto op eigen naam";"Personenauto  (passagier)";"Waarde";"2019";"Nederland";0,17;4,66;5,93
"Populatie: 6 jaar of ouder";"Totaal mannen en vrouwen";"Rijbewijs, personenauto op eigen naam";"Personenauto  (passagier)";"Waarde";"2020";"Nederland";0,13;3,11;4,26
"Populatie: 6 jaar of ouder";"Totaal mannen en vrouwen";"Rijbewijs, personenauto op eigen naam";"Personenauto  (passagier)";"Waarde";"2021";"Nederland";0,14;3,31;4,71
"Populatie: 6 jaar of ouder";"Totaal mannen en vrouwen";"Rijbewijs, personenauto op eigen naam";"Personenauto  (passagier)";"Waarde";"2022";"Nederland";0,16;3,72;5,1
"Populatie: 6 jaar of ouder";"Totaal mannen en vrouwen";"Rijbewijs, personenauto op eigen naam";"Personenauto  (passagier)";"Waarde";"2023";"Nederland";0,18;4,17;5,6
"Populatie: 6 jaar of ouder";"Totaal mannen en vrouwen";"Rijbewijs, personenauto op eigen naam";"Personenauto  (passagier)";"Waarde";"2024*";"Nederland";0,18;4,4;5,8
"Populatie: 6 jaar of ouder";"Totaal mannen en vrouwen";"Rijbewijs, personenauto op eigen naam";"Trein";"Waarde";"2018";"Nederland";0,04;2,31;3,2
"Populatie: 6 jaar of ouder";"Totaal mannen en vrouwen";"Rijbewijs, personenauto op eigen naam";"Trein";"Waarde";"2019";"Nederland";0,04;2,52;3,61
"Populatie: 6 jaar of ouder";"Totaal mannen en vrouwen";"Rijbewijs, personenauto op eigen naam";"Trein";"Waarde";"2020";"Nederland";0,02;0,76;1,11
"Populatie: 6 jaar of ouder";"Totaal mannen en vrouwen";"Rijbewijs, personenauto op eigen naam";"Trein";"Waarde";"2021";"Nederland";0,01;0,58;0,93
"Populatie: 6 jaar of ouder";"Totaal mannen en vrouwen";"Rijbewijs, personenauto op eigen naam";"Trein";"Waarde";"2022";"Nederland";0,02;1,14;1,68
"Populatie: 6 jaar of ouder";"Totaal mannen en vrouwen";"Rijbewijs, personenauto op eigen naam";"Trein";"Waarde";"2023";"Nederland";0,03;1,69;2,46
"Populatie: 6 jaar of ouder";"Totaal mannen en vrouwen";"Rijbewijs, personenauto op eigen naam";"Trein";"Waarde";"2024*";"Nederland";0,03;1,92;2,83
"Populatie: 6 jaar of ouder";"Totaal mannen en vrouwen";"Rijbewijs, personenauto op eigen naam";"Fiets";"Waarde";"2018";"Nederland";0,56;2,71;13,16
"Populatie: 6 jaar of ouder";"Totaal mannen en vrouwen";"Rijbewijs, personenauto op eigen naam";"Fiets";"Waarde";"2019";"Nederland";0,53;2,56;12,89
"Populatie: 6 jaar of ouder";"Totaal mannen en vrouwen";"Rijbewijs, personenauto op eigen naam";"Fiets";"Waarde";"2020";"Nederland";0,48;2,42;12,89
"Populatie: 6 jaar of ouder";"Totaal mannen en vrouwen";"Rijbewijs, personenauto op eigen naam";"Fiets";"Waarde";"2021";"Nederland";0,47;2,35;12,03
"Populatie: 6 jaar of ouder";"Totaal mannen en vrouwen";"Rijbewijs, personenauto op eigen naam";"Fiets";"Waarde";"2022";"Nederland";0,58;2,72;13,82
"Populatie: 6 jaar of ouder";"Totaal mannen en vrouwen";"Rijbewijs, personenauto op eigen naam";"Fiets";"Waarde";"2023";"Nederland";0,53;2,39;12,12
"Populatie: 6 jaar of ouder";"Totaal mannen en vrouwen";"Rijbewijs, personenauto op eigen naam";"Fiets";"Waarde";"2024*";"Nederland";0,56;2,56;12,64
"Populatie: 6 jaar of ouder";"Totaal mannen en vrouwen";"Rijbewijs, personenauto in hh";"Totaal";"Waarde";"2018";"Nederland";2,99;43,63;80,79
"Populatie: 6 jaar of ouder";"Totaal mannen en vrouwen";"Rijbewijs, personenauto in hh";"Totaal";"Waarde";"2019";"Nederland";2,9;43,48;79,59
"Populatie: 6 jaar of ouder";"Totaal mannen en vrouwen";"Rijbewijs, personenauto in hh";"Totaal";"Waarde";"2020";"Nederland";2,58;29,83;66,65
"Populatie: 6 jaar of ouder";"Totaal mannen en vrouwen";"Rijbewijs, personenauto in hh";"Totaal";"Waarde";"2021";"Nederland";2,73;31,82;73,92
"Populatie: 6 jaar of ouder";"Totaal mannen en vrouwen";"Rijbewijs, personenauto in hh";"Totaal";"Waarde";"2022";"Nederland";2,97;36,36;78,07
"Populatie: 6 jaar of ouder";"Totaal mannen en vrouwen";"Rijbewijs, personenauto in hh";"Totaal";"Waarde";"2023";"Nederland";2,97;38,17;78,53
"Populatie: 6 jaar of ouder";"Totaal mannen en vrouwen";"Rijbewijs, personenauto in hh";"Totaal";"Waarde";"2024*";"Nederland";2,98;38,92;79,31
"Populatie: 6 jaar of ouder";"Totaal mannen en vrouwen";"Rijbewijs, personenauto in hh";"Personenauto (bestuurder)";"Waarde";"2018";"Nederland";1,23;23,25;30,94
"Populatie: 6 jaar of ouder";"Totaal mannen en vrouwen";"Rijbewijs, personenauto in hh";"Personenauto (bestuurder)";"Waarde";"2019";"Nederland";1,21;22,94;31,01
"Populatie: 6 jaar of ouder";"Totaal mannen en vrouwen";"Rijbewijs, personenauto in hh";"Personenauto (bestuurder)";"Waarde";"2020";"Nederland";1,03;16,81;23,34
"Populatie: 6 jaar of ouder";"Totaal mannen en vrouwen";"Rijbewijs, personenauto in hh";"Personenauto (bestuurder)";"Waarde";"2021";"Nederland";1,03;16,91;24,02
"Populatie: 6 jaar of ouder";"Totaal mannen en vrouwen";"Rijbewijs, personenauto in hh";"Personenauto (bestuurder)";"Waarde";"2022";"Nederland";1,11;18,99;26,53
"Populatie: 6 jaar of ouder";"Totaal mannen en vrouwen";"Rijbewijs, personenauto in hh";"Personenauto (bestuurder)";"Waarde";"2023";"Nederland";1,15;20,35;28,38
"Populatie: 6 jaar of ouder";"Totaal mannen en vrouwen";"Rijbewijs, personenauto in hh";"Personenauto (bestuurder)";"Waarde";"2024*";"Nederland";1,16;21,63;29,5
"Populatie: 6 jaar of ouder";"Totaal mannen en vrouwen";"Rijbewijs, personenauto in hh";"Personenauto  (passagier)";"Waarde";"2018";"Nederland";0,36;8,72;11,42
"Populatie: 6 jaar of ouder";"Totaal mannen en vrouwen";"Rijbewijs, personenauto in hh";"Personenauto  (passagier)";"Waarde";"2019";"Nederland";0,35;8,8;11,83
"Populatie: 6 jaar of ouder";"Totaal mannen en vrouwen";"Rijbewijs, personenauto in hh";"Personenauto  (passagier)";"Waarde";"2020";"Nederland";0,27;5,26;7,79
"Populatie: 6 jaar of ouder";"Totaal mannen en vrouwen";"Rijbewijs, personenauto in hh";"Personenauto  (passagier)";"Waarde";"2021";"Nederland";0,29;6,65;9,58
"Populatie: 6 jaar of ouder";"Totaal mannen en vrouwen";"Rijbewijs, personenauto in hh";"Personenauto  (passagier)";"Waarde";"2022";"Nederland";0,31;7,09;9,7
"Populatie: 6 jaar of ouder";"Totaal mannen en vrouwen";"Rijbewijs, personenauto in hh";"Personenauto  (passagier)";"Waarde";"2023";"Nederland";0,35;7,66;10,69
"Populatie: 6 jaar of ouder";"Totaal mannen en vrouwen";"Rijbewijs, personenauto in hh";"Personenauto  (passagier)";"Waarde";"2024*";"Nederland";0,32;7,21;9,97
"Populatie: 6 jaar of ouder";"Totaal mannen en vrouwen";"Rijbewijs, personenauto in hh";"Trein";"Waarde";"2018";"Nederland";0,08;4,14;6,69
"Populatie: 6 jaar of ouder";"Totaal mannen en vrouwen";"Rijbewijs, personenauto in hh";"Trein";"Waarde";"2019";"Nederland";0,09;4,45;6,76
"Populatie: 6 jaar of ouder";"Totaal mannen en vrouwen";"Rijbewijs, personenauto in hh";"Trein";"Waarde";"2020";"Nederland";0,03;1,72;2,61
"Populatie: 6 jaar of ouder";"Totaal mannen en vrouwen";"Rijbewijs, personenauto in hh";"Trein";"Waarde";"2021";"Nederland";0,03;1,49;2,4
"Populatie: 6 jaar of ouder";"Totaal mannen en vrouwen";"Rijbewijs, personenauto in hh";"Trein";"Waarde";"2022";"Nederland";0,06;2,91;4,64
"Populatie: 6 jaar of ouder";"Totaal mannen en vrouwen";"Rijbewijs, personenauto in hh";"Trein";"Waarde";"2023";"Nederland";0,07;3,56;5,63
"Populatie: 6 jaar of ouder";"Totaal mannen en vrouwen";"Rijbewijs, personenauto in hh";"Trein";"Waarde";"2024*";"Nederland";0,07;3,16;5,28
"Populatie: 6 jaar of ouder";"Totaal mannen en vrouwen";"Rijbewijs, personenauto in hh";"Fiets";"Waarde";"2018";"Nederland";0,75;3,01;14,84
"Populatie: 6 jaar of ouder";"Totaal mannen en vrouwen";"Rijbewijs, personenauto in hh";"Fiets";"Waarde";"2019";"Nederland";0,7;2,75;13,47
"Populatie: 6 jaar of ouder";"Totaal mannen en vrouwen";"Rijbewijs, personenauto in hh";"Fiets";"Waarde";"2020";"Nederland";0,61;2,54;13,29
"Populatie: 6 jaar of ouder";"Totaal mannen en vrouwen";"Rijbewijs, personenauto in hh";"Fiets";"Waarde";"2021";"Nederland";0,64;2,65;13,93
"Populatie: 6 jaar of ouder";"Totaal mannen en vrouwen";"Rijbewijs, personenauto in hh";"Fiets";"Waarde";"2022";"Nederland";0,75;3;15,48
"Populatie: 6 jaar of ouder";"Totaal mannen en vrouwen";"Rijbewijs, personenauto in hh";"Fiets";"Waarde";"2023";"Nederland";0,72;2,77;13,52
"Populatie: 6 jaar of ouder";"Totaal mannen en vrouwen";"Rijbewijs, personenauto in hh";"Fiets";"Waarde";"2024*";"Nederland";0,75;2,99;14,7
"Populatie: 6 jaar of ouder";"Totaal mannen en vrouwen";"Rijbewijs, geen personenauto in hh";"Totaal";"Waarde";"2018";"Nederland";2,84;34,61;82,33
"Populatie: 6 jaar of ouder";"Totaal mannen en vrouwen";"Rijbewijs, geen personenauto in hh";"Totaal";"Waarde";"2019";"Nederland";2,77;34,62;82,63
"Populatie: 6 jaar of ouder";"Totaal mannen en vrouwen";"Rijbewijs, geen personenauto in hh";"Totaal";"Waarde";"2020";"Nederland";2,24;20,59;62,9
"Populatie: 6 jaar of ouder";"Totaal mannen en vrouwen";"Rijbewijs, geen personenauto in hh";"Totaal";"Waarde";"2021";"Nederland";2,49;23,57;72,67
"Populatie: 6 jaar of ouder";"Totaal mannen en vrouwen";"Rijbewijs, geen personenauto in hh";"Totaal";"Waarde";"2022";"Nederland";2,61;27,38;75,78
"Populatie: 6 jaar of ouder";"Totaal mannen en vrouwen";"Rijbewijs, geen personenauto in hh";"Totaal";"Waarde";"2023";"Nederland";2,62;29,38;78,23
"Populatie: 6 jaar of ouder";"Totaal mannen en vrouwen";"Rijbewijs, geen personenauto in hh";"Totaal";"Waarde";"2024*";"Nederland";2,64;30,9;81,31
"Populatie: 6 jaar of ouder";"Totaal mannen en vrouwen";"Rijbewijs, geen personenauto in hh";"Personenauto (bestuurder)";"Waarde";"2018";"Nederland";0,4;7,38;10,69
"Populatie: 6 jaar of ouder";"Totaal mannen en vrouwen";"Rijbewijs, geen personenauto in hh";"Personenauto (bestuurder)";"Waarde";"2019";"Nederland";0,36;7,42;10,16
"Populatie: 6 jaar of ouder";"Totaal mannen en vrouwen";"Rijbewijs, geen personenauto in hh";"Personenauto (bestuurder)";"Waarde";"2020";"Nederland";0,29;4,86;7,45
"Populatie: 6 jaar of ouder";"Totaal mannen en vrouwen";"Rijbewijs, geen personenauto in hh";"Personenauto (bestuurder)";"Waarde";"2021";"Nederland";0,33;5,68;8,47
"Populatie: 6 jaar of ouder";"Totaal mannen en vrouwen";"Rijbewijs, geen personenauto in hh";"Personenauto (bestuurder)";"Waarde";"2022";"Nederland";0,32;6,4;9,51
"Populatie: 6 jaar of ouder";"Totaal mannen en vrouwen";"Rijbewijs, geen personenauto in hh";"Personenauto (bestuurder)";"Waarde";"2023";"Nederland";0,31;5,33;8,13
"Populatie: 6 jaar of ouder";"Totaal mannen en vrouwen";"Rijbewijs, geen personenauto in hh";"Personenauto (bestuurder)";"Waarde";"2024*";"Nederland";0,33;6,79;9,87
"Populatie: 6 jaar of ouder";"Totaal mannen en vrouwen";"Rijbewijs, geen personenauto in hh";"Personenauto  (passagier)";"Waarde";"2018";"Nederland";0,17;4,71;6,44
"Populatie: 6 jaar of ouder";"Totaal mannen en vrouwen";"Rijbewijs, geen personenauto in hh";"Personenauto  (passagier)";"Waarde";"2019";"Nederland";0,16;4,14;6,12
"Populatie: 6 jaar of ouder";"Totaal mannen en vrouwen";"Rijbewijs, geen personenauto in hh";"Personenauto  (passagier)";"Waarde";"2020";"Nederland";0,13;2,93;4,27
"Populatie: 6 jaar of ouder";"Totaal mannen en vrouwen";"Rijbewijs, geen personenauto in hh";"Personenauto  (passagier)";"Waarde";"2021";"Nederland";0,13;2,81;4,4
"Populatie: 6 jaar of ouder";"Totaal mannen en vrouwen";"Rijbewijs, geen personenauto in hh";"Personenauto  (passagier)";"Waarde";"2022";"Nederland";0,16;4,12;6,41
"Populatie: 6 jaar of ouder";"Totaal mannen en vrouwen";"Rijbewijs, geen personenauto in hh";"Personenauto  (passagier)";"Waarde";"2023";"Nederland";0,14;4,11;5,39
"Populatie: 6 jaar of ouder";"Totaal mannen en vrouwen";"Rijbewijs, geen personenauto in hh";"Personenauto  (passagier)";"Waarde";"2024*";"Nederland";0,16;4,02;6,11
"Populatie: 6 jaar of ouder";"Totaal mannen en vrouwen";"Rijbewijs, geen personenauto in hh";"Trein";"Waarde";"2018";"Nederland";0,23;11,22;17,03
"Populatie: 6 jaar of ouder";"Totaal mannen en vrouwen";"Rijbewijs, geen personenauto in hh";"Trein";"Waarde";"2019";"Nederland";0,25;11,97;19,54
"Populatie: 6 jaar of ouder";"Totaal mannen en vrouwen";"Rijbewijs, geen personenauto in hh";"Trein";"Waarde";"2020";"Nederland";0,1;4,84;7,37
"Populatie: 6 jaar of ouder";"Totaal mannen en vrouwen";"Rijbewijs, geen personenauto in hh";"Trein";"Waarde";"2021";"Nederland";0,11;5,96;9,55
"Populatie: 6 jaar of ouder";"Totaal mannen en vrouwen";"Rijbewijs, geen personenauto in hh";"Trein";"Waarde";"2022";"Nederland";0,14;6,77;10,85
"Populatie: 6 jaar of ouder";"Totaal mannen en vrouwen";"Rijbewijs, geen personenauto in hh";"Trein";"Waarde";"2023";"Nederland";0,19;10,17;15,34
"Populatie: 6 jaar of ouder";"Totaal mannen en vrouwen";"Rijbewijs, geen personenauto in hh";"Trein";"Waarde";"2024*";"Nederland";0,18;9,83;14,64
"Populatie: 6 jaar of ouder";"Totaal mannen en vrouwen";"Rijbewijs, geen personenauto in hh";"Fiets";"Waarde";"2018";"Nederland";1,08;4,25;21,47
"Populatie: 6 jaar of ouder";"Totaal mannen en vrouwen";"Rijbewijs, geen personenauto in hh";"Fiets";"Waarde";"2019";"Nederland";1,08;4,16;22,01
"Populatie: 6 jaar of ouder";"Totaal mannen en vrouwen";"Rijbewijs, geen personenauto in hh";"Fiets";"Waarde";"2020";"Nederland";0,83;3,34;18,41
"Populatie: 6 jaar of ouder";"Totaal mannen en vrouwen";"Rijbewijs, geen personenauto in hh";"Fiets";"Waarde";"2021";"Nederland";0,82;3,43;18,88
"Populatie: 6 jaar of ouder";"Totaal mannen en vrouwen";"Rijbewijs, geen personenauto in hh";"Fiets";"Waarde";"2022";"Nederland";0,94;3,66;20,08
"Populatie: 6 jaar of ouder";"Totaal mannen en vrouwen";"Rijbewijs, geen personenauto in hh";"Fiets";"Waarde";"2023";"Nederland";0,94;3,97;20,54
"Populatie: 6 jaar of ouder";"Totaal mannen en vrouwen";"Rijbewijs, geen personenauto in hh";"Fiets";"Waarde";"2024*";"Nederland";0,92;3,87;20,11
"Populatie: 6 jaar of ouder";"Totaal mannen en vrouwen";"Geen rijbewijs; wel 17 jaar of ouder";"Totaal";"Waarde";"2018";"Nederland";2,13;21,75;63,71
"Populatie: 6 jaar of ouder";"Totaal mannen en vrouwen";"Geen rijbewijs; wel 17 jaar of ouder";"Totaal";"Waarde";"2019";"Nederland";1,99;20,95;62,45
"Populatie: 6 jaar of ouder";"Totaal mannen en vrouwen";"Geen rijbewijs; wel 17 jaar of ouder";"Totaal";"Waarde";"2020";"Nederland";1,57;12,94;46,92
"Populatie: 6 jaar of ouder";"Totaal mannen en vrouwen";"Geen rijbewijs; wel 17 jaar of ouder";"Totaal";"Waarde";"2021";"Nederland";1,77;16,06;57,58
"Populatie: 6 jaar of ouder";"Totaal mannen en vrouwen";"Geen rijbewijs; wel 17 jaar of ouder";"Totaal";"Waarde";"2022";"Nederland";1,97;18,81;63,35
"Populatie: 6 jaar of ouder";"Totaal mannen en vrouwen";"Geen rijbewijs; wel 17 jaar of ouder";"Totaal";"Waarde";"2023";"Nederland";2,01;19,84;65,21
"Populatie: 6 jaar of ouder";"Totaal mannen en vrouwen";"Geen rijbewijs; wel 17 jaar of ouder";"Totaal";"Waarde";"2024*";"Nederland";1,98;19,44;65,33
"Populatie: 6 jaar of ouder";"Totaal mannen en vrouwen";"Geen rijbewijs; wel 17 jaar of ouder";"Personenauto (bestuurder)";"Waarde";"2018";"Nederland";0,12;2,31;3,72
"Populatie: 6 jaar of ouder";"Totaal mannen en vrouwen";"Geen rijbewijs; wel 17 jaar of ouder";"Personenauto (bestuurder)";"Waarde";"2019";"Nederland";0,11;1,98;3,39
"Populatie: 6 jaar of ouder";"Totaal mannen en vrouwen";"Geen rijbewijs; wel 17 jaar of ouder";"Personenauto (bestuurder)";"Waarde";"2020";"Nederland";0,08;1,51;2,31
"Populatie: 6 jaar of ouder";"Totaal mannen en vrouwen";"Geen rijbewijs; wel 17 jaar of ouder";"Personenauto (bestuurder)";"Waarde";"2021";"Nederland";0,08;1,52;2,6
"Populatie: 6 jaar of ouder";"Totaal mannen en vrouwen";"Geen rijbewijs; wel 17 jaar of ouder";"Personenauto (bestuurder)";"Waarde";"2022";"Nederland";0,1;1,95;2,94
"Populatie: 6 jaar of ouder";"Totaal mannen en vrouwen";"Geen rijbewijs; wel 17 jaar of ouder";"Personenauto (bestuurder)";"Waarde";"2023";"Nederland";0,1;2,2;3,39
"Populatie: 6 jaar of ouder";"Totaal mannen en vrouwen";"Geen rijbewijs; wel 17 jaar of ouder";"Personenauto (bestuurder)";"Waarde";"2024*";"Nederland";0,1;1,84;3,53
"Populatie: 6 jaar of ouder";"Totaal mannen en vrouwen";"Geen rijbewijs; wel 17 jaar of ouder";"Personenauto  (passagier)";"Waarde";"2018";"Nederland";0,31;6,01;9,33
"Populatie: 6 jaar of ouder";"Totaal mannen en vrouwen";"Geen rijbewijs; wel 17 jaar of ouder";"Personenauto  (passagier)";"Waarde";"2019";"Nederland";0,28;5,47;8,53
"Populatie: 6 jaar of ouder";"Totaal mannen en vrouwen";"Geen rijbewijs; wel 17 jaar of ouder";"Personenauto  (passagier)";"Waarde";"2020";"Nederland";0,22;3,71;6,26
"Populatie: 6 jaar of ouder";"Totaal mannen en vrouwen";"Geen rijbewijs; wel 17 jaar of ouder";"Personenauto  (passagier)";"Waarde";"2021";"Nederland";0,26;4,92;8,11
"Populatie: 6 jaar of ouder";"Totaal mannen en vrouwen";"Geen rijbewijs; wel 17 jaar of ouder";"Personenauto  (passagier)";"Waarde";"2022";"Nederland";0,26;4,98;8,04
"Populatie: 6 jaar of ouder";"Totaal mannen en vrouwen";"Geen rijbewijs; wel 17 jaar of ouder";"Personenauto  (passagier)";"Waarde";"2023";"Nederland";0,28;5,36;8,39
"Populatie: 6 jaar of ouder";"Totaal mannen en vrouwen";"Geen rijbewijs; wel 17 jaar of ouder";"Personenauto  (passagier)";"Waarde";"2024*";"Nederland";0,28;5,11;8,51
"Populatie: 6 jaar of ouder";"Totaal mannen en vrouwen";"Geen rijbewijs; wel 17 jaar of ouder";"Trein";"Waarde";"2018";"Nederland";0,13;6,2;10,59
"Populatie: 6 jaar of ouder";"Totaal mannen en vrouwen";"Geen rijbewijs; wel 17 jaar of ouder";"Trein";"Waarde";"2019";"Nederland";0,13;6,29;10,51
"Populatie: 6 jaar of ouder";"Totaal mannen en vrouwen";"Geen rijbewijs; wel 17 jaar of ouder";"Trein";"Waarde";"2020";"Nederland";0,06;2,9;4,92
"Populatie: 6 jaar of ouder";"Totaal mannen en vrouwen";"Geen rijbewijs; wel 17 jaar of ouder";"Trein";"Waarde";"2021";"Nederland";0,07;3,55;6,07
"Populatie: 6 jaar of ouder";"Totaal mannen en vrouwen";"Geen rijbewijs; wel 17 jaar of ouder";"Trein";"Waarde";"2022";"Nederland";0,1;5,2;8,9
"Populatie: 6 jaar of ouder";"Totaal mannen en vrouwen";"Geen rijbewijs; wel 17 jaar of ouder";"Trein";"Waarde";"2023";"Nederland";0,12;5,38;9,82
"Populatie: 6 jaar of ouder";"Totaal mannen en vrouwen";"Geen rijbewijs; wel 17 jaar of ouder";"Trein";"Waarde";"2024*";"Nederland";0,12;5,58;9,83
"Populatie: 6 jaar of ouder";"Totaal mannen en vrouwen";"Geen rijbewijs; wel 17 jaar of ouder";"Fiets";"Waarde";"2018";"Nederland";0,75;2,98;16,58
"Populatie: 6 jaar of ouder";"Totaal mannen en vrouwen";"Geen rijbewijs; wel 17 jaar of ouder";"Fiets";"Waarde";"2019";"Nederland";0,74;2,93;17,22
"Populatie: 6 jaar of ouder";"Totaal mannen en vrouwen";"Geen rijbewijs; wel 17 jaar of ouder";"Fiets";"Waarde";"2020";"Nederland";0,56;2,26;13,38
"Populatie: 6 jaar of ouder";"Totaal mannen en vrouwen";"Geen rijbewijs; wel 17 jaar of ouder";"Fiets";"Waarde";"2021";"Nederland";0,58;2,45;15,01
"Populatie: 6 jaar of ouder";"Totaal mannen en vrouwen";"Geen rijbewijs; wel 17 jaar of ouder";"Fiets";"Waarde";"2022";"Nederland";0,68;2,76;16,71
"Populatie: 6 jaar of ouder";"Totaal mannen en vrouwen";"Geen rijbewijs; wel 17 jaar of ouder";"Fiets";"Waarde";"2023";"Nederland";0,7;2,95;17,75
"Populatie: 6 jaar of ouder";"Totaal mannen en vrouwen";"Geen rijbewijs; wel 17 jaar of ouder";"Fiets";"Waarde";"2024*";"Nederland";0,69;2,9;17,5
"Populatie: 6 jaar of ouder";"Totaal mannen en vrouwen";"Geen rijbewijs; jonger dan 17 jaar";"Totaal";"Waarde";"2018";"Nederland";2,95;19,67;63,28
"Populatie: 6 jaar of ouder";"Totaal mannen en vrouwen";"Geen rijbewijs; jonger dan 17 jaar";"Totaal";"Waarde";"2019";"Nederland";2,89;19,98;63,39
"Populatie: 6 jaar of ouder";"Totaal mannen en vrouwen";"Geen rijbewijs; jonger dan 17 jaar";"Totaal";"Waarde";"2020";"Nederland";2,36;14,27;56,39
"Populatie: 6 jaar of ouder";"Totaal mannen en vrouwen";"Geen rijbewijs; jonger dan 17 jaar";"Totaal";"Waarde";"2021";"Nederland";2,58;16,08;65,79
"Populatie: 6 jaar of ouder";"Totaal mannen en vrouwen";"Geen rijbewijs; jonger dan 17 jaar";"Totaal";"Waarde";"2022";"Nederland";2,74;17,07;62,79
"Populatie: 6 jaar of ouder";"Totaal mannen en vrouwen";"Geen rijbewijs; jonger dan 17 jaar";"Totaal";"Waarde";"2023";"Nederland";2,75;18,82;63,89
"Populatie: 6 jaar of ouder";"Totaal mannen en vrouwen";"Geen rijbewijs; jonger dan 17 jaar";"Totaal";"Waarde";"2024*";"Nederland";2,8;18,97;64,99
"Populatie: 6 jaar of ouder";"Totaal mannen en vrouwen";"Geen rijbewijs; jonger dan 17 jaar";"Personenauto (bestuurder)";"Waarde";"2018";"Nederland";;;
"Populatie: 6 jaar of ouder";"Totaal mannen en vrouwen";"Geen rijbewijs; jonger dan 17 jaar";"Personenauto (bestuurder)";"Waarde";"2019";"Nederland";;;
"Populatie: 6 jaar of ouder";"Totaal mannen en vrouwen";"Geen rijbewijs; jonger dan 17 jaar";"Personenauto (bestuurder)";"Waarde";"2020";"Nederland";;;
"Populatie: 6 jaar of ouder";"Totaal mannen en vrouwen";"Geen rijbewijs; jonger dan 17 jaar";"Personenauto (bestuurder)";"Waarde";"2021";"Nederland";;;
"Populatie: 6 jaar of ouder";"Totaal mannen en vrouwen";"Geen rijbewijs; jonger dan 17 jaar";"Personenauto (bestuurder)";"Waarde";"2022";"Nederland";;;
"Populatie: 6 jaar of ouder";"Totaal mannen en vrouwen";"Geen rijbewijs; jonger dan 17 jaar";"Personenauto (bestuurder)";"Waarde";"2023";"Nederland";;;
"Populatie: 6 jaar of ouder";"Totaal mannen en vrouwen";"Geen rijbewijs; jonger dan 17 jaar";"Personenauto (bestuurder)";"Waarde";"2024*";"Nederland";;;
"Populatie: 6 jaar of ouder";"Totaal mannen en vrouwen";"Geen rijbewijs; jonger dan 17 jaar";"Personenauto  (passagier)";"Waarde";"2018";"Nederland";0,8;11,29;17,72
"Populatie: 6 jaar of ouder";"Totaal mannen en vrouwen";"Geen rijbewijs; jonger dan 17 jaar";"Personenauto  (passagier)";"Waarde";"2019";"Nederland";0,81;12,08;18,62
"Populatie: 6 jaar of ouder";"Totaal mannen en vrouwen";"Geen rijbewijs; jonger dan 17 jaar";"Personenauto  (passagier)";"Waarde";"2020";"Nederland";0,61;8,43;13,95
"Populatie: 6 jaar of ouder";"Totaal mannen en vrouwen";"Geen rijbewijs; jonger dan 17 jaar";"Personenauto  (passagier)";"Waarde";"2021";"Nederland";0,65;9,62;16,02
"Populatie: 6 jaar of ouder";"Totaal mannen en vrouwen";"Geen rijbewijs; jonger dan 17 jaar";"Personenauto  (passagier)";"Waarde";"2022";"Nederland";0,68;9,56;16,01
"Populatie: 6 jaar of ouder";"Totaal mannen en vrouwen";"Geen rijbewijs; jonger dan 17 jaar";"Personenauto  (passagier)";"Waarde";"2023";"Nederland";0,73;11,25;17,62
"Populatie: 6 jaar of ouder";"Totaal mannen en vrouwen";"Geen rijbewijs; jonger dan 17 jaar";"Personenauto  (passagier)";"Waarde";"2024*";"Nederland";0,72;11,14;17,88
"Populatie: 6 jaar of ouder";"Totaal mannen en vrouwen";"Geen rijbewijs; jonger dan 17 jaar";"Trein";"Waarde";"2018";"Nederland";0,03;1,24;2,07
"Populatie: 6 jaar of ouder";"Totaal mannen en vrouwen";"Geen rijbewijs; jonger dan 17 jaar";"Trein";"Waarde";"2019";"Nederland";0,02;0,99;1,63
"Populatie: 6 jaar of ouder";"Totaal mannen en vrouwen";"Geen rijbewijs; jonger dan 17 jaar";"Trein";"Waarde";"2020";"Nederland";0,01;0,44;0,78
"Populatie: 6 jaar of ouder";"Totaal mannen en vrouwen";"Geen rijbewijs; jonger dan 17 jaar";"Trein";"Waarde";"2021";"Nederland";0,02;0,47;0,98
"Populatie: 6 jaar of ouder";"Totaal mannen en vrouwen";"Geen rijbewijs; jonger dan 17 jaar";"Trein";"Waarde";"2022";"Nederland";0,02;0,94;1,59
"Populatie: 6 jaar of ouder";"Totaal mannen en vrouwen";"Geen rijbewijs; jonger dan 17 jaar";"Trein";"Waarde";"2023";"Nederland";0,02;1,03;1,86
"Populatie: 6 jaar of ouder";"Totaal mannen en vrouwen";"Geen rijbewijs; jonger dan 17 jaar";"Trein";"Waarde";"2024*";"Nederland";0,02;0,97;1,59
"Populatie: 6 jaar of ouder";"Totaal mannen en vrouwen";"Geen rijbewijs; jonger dan 17 jaar";"Fiets";"Waarde";"2018";"Nederland";1,45;4,48;26,24
"Populatie: 6 jaar of ouder";"Totaal mannen en vrouwen";"Geen rijbewijs; jonger dan 17 jaar";"Fiets";"Waarde";"2019";"Nederland";1,38;4,33;26,81
"Populatie: 6 jaar of ouder";"Totaal mannen en vrouwen";"Geen rijbewijs; jonger dan 17 jaar";"Fiets";"Waarde";"2020";"Nederland";1,1;3,43;22,96
"Populatie: 6 jaar of ouder";"Totaal mannen en vrouwen";"Geen rijbewijs; jonger dan 17 jaar";"Fiets";"Waarde";"2021";"Nederland";1,16;3,73;25,56
"Populatie: 6 jaar of ouder";"Totaal mannen en vrouwen";"Geen rijbewijs; jonger dan 17 jaar";"Fiets";"Waarde";"2022";"Nederland";1,32;4,2;26,39
"Populatie: 6 jaar of ouder";"Totaal mannen en vrouwen";"Geen rijbewijs; jonger dan 17 jaar";"Fiets";"Waarde";"2023";"Nederland";1,32;4,27;26,25
"Populatie: 6 jaar of ouder";"Totaal mannen en vrouwen";"Geen rijbewijs; jonger dan 17 jaar";"Fiets";"Waarde";"2024*";"Nederland";1,36;4,39;26,98
